DateTime,SPN1 Total (W/m2),SPN1 Diff (W/m2),Out Irr (W/m2),Out Ill (Lux),Wind Speed (Km/h),Wind Dir (deg),RH (%),T (deg C),MaxWS (KM/h)
19-Jun-2023 00:00:21,2.663008,1.472137,-0.066669,2.986604,8.253131,55.920092,76.046430,17.201512,12.585599
19-Jun-2023 00:01:21,2.146084,1.401851,-0.011141,7.961614,6.712773,59.056499,76.203900,17.195910,11.611293
19-Jun-2023 00:02:21,2.193938,1.462167,-0.044387,9.950022,4.558093,60.665005,76.239065,17.192487,7.783561
19-Jun-2023 00:03:21,2.152814,1.460422,-0.066669,6.963418,6.288965,61.693096,76.191450,17.178173,8.024009
19-Jun-2023 00:04:21,2.161412,1.459924,-0.077721,6.963418,8.212014,57.849742,75.917593,17.168835,10.978868
19-Jun-2023 00:05:21,2.679209,1.457307,-0.033335,9.950022,5.917182,58.891616,76.088442,17.144562,9.169884
19-Jun-2023 00:06:21,2.156677,2.020964,-0.044387,6.963418,4.907861,77.867513,76.152550,17.122467,7.946363
19-Jun-2023 00:07:21,2.663507,2.376756,-0.077721,1.988407,5.352173,77.487417,76.361055,17.095392,9.226866
19-Jun-2023 00:08:21,2.230950,1.456061,-0.100004,3.976814,8.841414,61.809709,76.338338,17.080455,13.935619
19-Jun-2023 00:09:21,2.666248,1.531581,-0.055528,8.959811,7.072816,59.270776,76.344253,17.060228,9.920025
19-Jun-2023 00:10:21,2.669738,1.470641,-0.033335,13.934821,5.410042,59.190822,76.491450,17.042800,8.188687
19-Jun-2023 00:11:21,2.245032,1.475003,0.022193,3.976814,4.724289,79.786189,76.641760,17.025373,7.169296
19-Jun-2023 00:12:21,2.154434,1.537562,0.011141,9.950022,4.405467,62.996498,76.809810,17.018215,7.174306
19-Jun-2023 00:13:21,2.655406,1.469769,-0.044387,4.975011,4.326885,71.579803,76.922778,16.992695,6.183094
19-Jun-2023 00:14:21,2.140102,1.474131,0.022193,1.988407,3.268131,78.040359,77.030765,16.976202,6.075392
19-Jun-2023 00:15:21,2.630358,1.539432,-0.066669,-0.000000,9.984367,70.541209,76.666967,16.939167,13.441579
19-Jun-2023 00:16:21,2.656777,1.472511,-0.055528,3.976814,8.264926,69.721769,76.727653,16.917385,14.209256
19-Jun-2023 00:17:21,2.664504,1.478492,-0.077721,1.988407,6.969135,61.574239,76.890722,16.890933,9.321419
19-Jun-2023 00:18:21,2.669114,1.469894,-0.100004,7.961614,4.684893,62.110977,77.173918,16.887510,7.261967
19-Jun-2023 00:19:21,2.654285,1.465532,-0.055528,7.961614,5.126910,65.690743,77.246745,16.873505,10.481066
19-Jun-2023 00:20:21,2.665750,1.478368,-0.088863,4.975011,7.966662,56.237386,77.053170,16.849230,14.022032
19-Jun-2023 00:21:21,3.149525,1.473508,-0.011141,7.961614,9.917159,54.541801,77.106388,16.831493,15.785931
19-Jun-2023 00:22:21,3.361130,1.410325,-0.111056,2.986604,11.079684,65.960611,77.028897,16.812820,15.695136
19-Jun-2023 00:23:21,2.656029,1.465532,-0.033335,2.986604,10.145918,76.918623,77.174850,16.799750,14.375186
19-Jun-2023 00:24:21,3.108026,1.478243,-0.022193,9.950022,5.056624,99.390977,77.317075,16.794460,8.964502
19-Jun-2023 00:25:21,2.668990,1.663802,-0.044387,9.950022,4.305747,75.771853,77.536785,16.779210,7.322082
19-Jun-2023 00:26:21,2.649674,1.458429,-0.077721,6.963418,8.146633,76.572456,77.516245,16.748402,11.710226
19-Jun-2023 00:27:21,2.654160,1.469644,-0.077721,1.988407,6.430583,58.117169,77.653485,16.720705,10.403426
19-Jun-2023 00:28:21,3.132327,2.368531,-0.033335,4.975011,7.406456,58.242774,77.721328,16.704522,11.337032
19-Jun-2023 00:29:21,2.658397,1.441854,-0.055528,5.973207,5.883369,61.938593,77.875373,16.690208,8.826122
19-Jun-2023 00:30:21,2.157798,1.469395,-0.044387,3.976814,4.342433,78.585060,77.996430,16.677448,7.240055
19-Jun-2023 00:31:21,2.168640,1.452571,-0.088863,3.976814,3.133519,52.413529,78.060850,16.671845,5.544406
19-Jun-2023 00:32:21,2.153811,1.442851,-0.122197,9.950022,4.661879,70.887368,78.131182,16.669667,9.765991
19-Jun-2023 00:33:21,2.173999,1.448957,-0.088863,4.975011,5.636345,61.861358,78.044977,16.654730,9.098501
19-Jun-2023 00:34:21,2.181725,1.535942,-0.000000,6.963418,8.902932,60.379578,78.036887,16.655975,12.263753
19-Jun-2023 00:35:21,3.714801,1.448708,-0.111056,6.963418,6.503842,60.817512,78.077033,16.647572,15.484120
19-Jun-2023 00:36:21,3.176069,1.437617,-0.055528,4.975011,7.579538,60.409391,78.138650,16.644460,10.472304
19-Jun-2023 00:37:21,2.655655,1.393751,-0.011141,7.961614,7.115082,62.645084,78.118423,16.646950,10.218078
19-Jun-2023 00:38:21,2.195309,1.440608,-0.111056,3.976814,8.834786,44.694847,78.154522,16.641038,14.169180
19-Jun-2023 00:39:21,2.701516,1.466404,-0.044387,4.975011,6.107639,64.247873,78.171328,16.629522,10.236866
19-Jun-2023 00:40:21,2.166771,1.389514,-0.100004,4.975011,7.492972,55.893656,78.184708,16.611473,13.587475
19-Jun-2023 00:41:21,2.158048,1.454815,-0.088863,4.975011,7.019279,61.511253,78.294562,16.599648,9.823597
19-Jun-2023 00:42:21,2.699023,1.431137,-0.088863,5.973207,9.299763,45.062477,78.204315,16.583152,13.863612
19-Jun-2023 00:43:21,2.653038,1.374559,-0.088863,2.986604,8.808747,68.586718,78.288027,16.566660,13.784090
19-Jun-2023 00:44:21,2.657774,1.432632,-0.011141,11.938429,7.764986,47.632996,78.148298,16.567283,12.980709
19-Jun-2023 00:45:21,2.725567,1.438116,-0.022193,6.963418,7.637041,53.356044,77.928588,16.558880,12.254361
19-Jun-2023 00:46:21,2.151443,1.416058,-0.088863,2.986604,7.202326,44.375581,77.908360,16.547987,10.152958
19-Jun-2023 00:47:21,2.810060,1.448584,-0.088863,4.975011,9.105444,63.311633,77.753382,16.542385,13.662616
19-Jun-2023 00:48:21,2.702887,1.455313,-0.077721,12.936625,8.448131,55.989735,77.777345,16.538027,14.625649
19-Jun-2023 00:49:21,2.657525,1.491951,-0.100004,6.963418,7.639076,58.207058,77.862302,16.532737,10.672047
19-Jun-2023 00:50:21,2.170634,1.463413,-0.044387,5.973207,11.049991,57.800057,77.598403,16.520912,15.794069
19-Jun-2023 00:51:21,3.147157,1.457058,-0.022193,-0.998196,8.920568,61.532154,77.496950,16.521223,12.516720
19-Jun-2023 00:52:21,2.659394,1.522234,-0.022193,0.998196,7.904151,58.101236,77.559190,16.515000,10.568732
19-Jun-2023 00:53:21,2.662136,1.471763,-0.088863,5.973207,7.944903,62.597371,77.467075,16.501307,11.132279
19-Jun-2023 00:54:21,2.671358,1.472511,-0.100004,-0.000000,6.955776,61.323122,77.561993,16.495392,12.436574
19-Jun-2023 00:55:21,2.661388,1.452821,-0.033335,8.959811,5.628417,62.859081,77.683982,16.486058,8.071595
19-Jun-2023 00:56:21,2.680455,1.464036,-0.022193,4.975011,6.553518,60.959989,77.715103,16.484190,8.992057
19-Jun-2023 00:57:21,2.157175,1.466529,-0.133249,4.975011,5.153733,57.303163,77.816868,16.467385,6.650835
19-Jun-2023 00:58:21,2.665500,1.548030,-0.033335,9.950022,5.433680,60.089090,77.904003,16.463340,8.481735
19-Jun-2023 00:59:21,2.674099,1.461669,-0.111056,5.973207,6.254527,76.647918,78.010745,16.451202,8.769140
19-Jun-2023 01:00:21,2.171756,1.461918,-0.077721,8.959811,6.280198,58.130945,78.119045,16.446845,11.343295
19-Jun-2023 01:01:21,2.171756,1.408082,0.011141,0.998196,7.636414,50.730404,78.133360,16.445290,9.634497
19-Jun-2023 01:02:21,2.166896,1.466030,-0.088863,4.975011,8.671721,59.230188,78.150787,16.439065,12.628803
19-Jun-2023 01:03:21,2.704756,1.466778,-0.022193,7.961614,6.874427,58.811842,78.228587,16.426930,10.740926
19-Jun-2023 01:04:21,2.160665,1.481234,-0.011141,2.986604,6.997155,58.427527,78.261575,16.425373,11.015810
19-Jun-2023 01:05:21,2.174124,1.436371,-0.100004,9.950022,6.678386,58.925546,78.298920,16.410747,9.703375
19-Jun-2023 01:06:21,2.669987,1.540304,-0.033335,6.963418,6.082750,53.812441,78.308255,16.400788,9.373390
19-Jun-2023 01:07:21,2.169637,1.452696,-0.077721,6.963418,5.248783,38.568082,78.272468,16.393943,8.961373
19-Jun-2023 01:08:21,2.187209,1.454690,-0.077721,2.986604,8.239773,58.757571,78.208048,16.385850,11.243732
19-Jun-2023 01:09:21,2.177987,1.440608,-0.077721,7.961614,7.741087,66.905377,78.171950,16.387407,9.782274
19-Jun-2023 01:10:21,2.168765,1.440608,-0.100004,10.948218,6.609038,61.780085,78.136160,16.376203,9.146092
19-Jun-2023 01:11:21,2.623504,1.534821,-0.077721,3.976814,8.661859,60.851727,78.009813,16.378070,10.475433
19-Jun-2023 01:12:21,2.681950,1.464286,-0.077721,12.936625,11.180181,57.837272,77.820913,16.364065,15.155382
19-Jun-2023 01:13:21,2.707622,1.445593,-0.033335,4.975011,9.586284,57.122727,77.733152,16.373403,13.755287
19-Jun-2023 01:14:21,2.178610,1.420295,-0.033335,5.973207,6.982284,65.271184,77.754315,16.372158,10.467294
19-Jun-2023 01:15:21,2.166896,1.464036,-0.033335,2.986604,8.183367,64.433373,77.611785,16.365310,10.940045
19-Jun-2023 01:16:21,2.328528,1.458927,-0.033335,-4.975011,9.005361,59.248468,77.487615,16.358465,11.766579
19-Jun-2023 01:17:21,2.151692,1.461046,-0.044387,9.950022,5.487843,53.010811,77.448403,16.363755,7.338989
19-Jun-2023 01:18:21,1.701936,1.456809,-0.077721,13.934821,6.892847,60.166707,77.418527,16.360020,10.328913
19-Jun-2023 01:19:21,2.655032,1.546161,-0.100004,5.973207,5.025486,62.087741,77.380560,16.352552,8.002093
19-Jun-2023 01:20:21,2.645063,1.451948,-0.077721,8.959811,6.255674,56.831765,77.343217,16.346018,8.320181
19-Jun-2023 01:21:21,2.173999,1.438116,-0.055528,0.998196,4.605210,68.901581,77.229000,16.349127,10.326408
19-Jun-2023 01:22:21,2.657899,1.395371,-0.100004,12.936625,4.943394,65.396320,77.352552,16.354107,7.474864
19-Jun-2023 01:23:21,2.668491,1.455562,-0.111056,7.961614,5.267591,74.131382,77.125370,16.349440,6.487404
19-Jun-2023 01:24:21,2.250765,1.466653,-0.088863,7.961614,5.039981,49.912376,76.821635,16.337615,7.699029
19-Jun-2023 01:25:21,2.666996,1.464161,-0.033335,6.963418,8.803529,57.585968,76.539687,16.340415,11.662012
19-Jun-2023 01:26:21,2.167394,1.453942,-0.055528,6.963418,4.971103,58.809127,76.502030,16.339792,7.839291
19-Jun-2023 01:27:21,2.675470,1.533699,-0.066669,3.976814,7.669287,58.903898,76.252448,16.334503,10.748441
19-Jun-2023 01:28:21,2.649923,1.466529,-0.144391,7.961614,6.073251,61.293035,76.206077,16.324855,8.748476
19-Jun-2023 01:29:21,3.153637,1.465407,-0.077721,2.986604,5.823987,72.391930,75.933152,16.317075,10.105372
19-Jun-2023 01:30:21,2.677090,1.415435,-0.088863,6.963418,9.919561,57.597782,75.739895,16.308983,13.852968
19-Jun-2023 01:31:21,2.658646,1.455812,-0.066669,5.973207,7.487073,54.224315,75.920705,16.308983,12.610644
19-Jun-2023 01:32:21,2.374886,1.442103,-0.000000,-0.998196,7.133606,62.565319,75.810227,16.299648,10.003305
19-Jun-2023 01:33:21,2.652914,1.391508,-0.033335,8.959811,7.742914,53.382289,75.830767,16.294667,11.875533
19-Jun-2023 01:34:21,2.144713,1.455812,0.011141,4.975011,4.665169,61.668072,75.930352,16.295913,9.849271
19-Jun-2023 01:35:21,2.696905,1.458802,-0.088863,1.988407,5.207568,84.823188,76.064170,16.300580,9.737188
19-Jun-2023 01:36:21,2.145212,1.462167,-0.088863,3.976814,7.325368,60.437506,76.054833,16.290310,12.950654
19-Jun-2023 01:37:21,2.164029,1.474131,-0.055528,12.936625,6.254527,58.730858,76.120808,16.286578,8.792309
19-Jun-2023 01:38:21,2.668990,1.454815,-0.000000,4.975011,5.528179,57.041361,76.230040,16.277240,9.670191
19-Jun-2023 01:39:21,2.160540,1.453942,-0.044387,6.963418,5.208105,71.654316,76.421430,16.271327,7.176811
19-Jun-2023 01:40:21,2.159917,1.454690,-0.077721,6.963418,6.204694,57.328756,76.285435,16.269773,10.079698
19-Jun-2023 01:41:21,2.684193,1.493073,-0.088863,3.976814,6.138530,58.993786,76.162197,16.264160,8.591313
19-Jun-2023 01:42:21,2.190075,1.450951,-0.077721,7.961614,6.572773,39.473941,76.009085,16.257935,8.543722
19-Jun-2023 01:43:21,2.176741,1.461295,-0.111056,8.959811,7.097080,66.895248,76.027447,16.257935,11.413426
19-Jun-2023 01:44:21,2.177862,1.410325,-0.066669,2.986604,5.788504,66.334806,76.082217,16.254202,8.149240
19-Jun-2023 01:45:21,2.152190,1.441979,-0.077721,10.948218,5.742584,56.983998,75.747052,16.257625,9.953214
19-Jun-2023 01:46:21,2.182847,1.441729,-0.011141,2.986604,6.482971,56.148251,75.690725,16.250778,10.286333
19-Jun-2023 01:47:21,2.164902,1.438240,-0.066669,1.988407,6.715956,61.768933,75.660228,16.252022,12.154175
19-Jun-2023 01:48:21,2.665251,1.451948,-0.133249,3.976814,7.032741,61.543215,75.581183,16.241752,11.183622
19-Jun-2023 01:49:21,2.158297,1.511018,-0.044387,5.973207,6.029994,46.037985,75.594253,16.243620,9.499874
19-Jun-2023 01:50:21,2.678212,1.434626,-0.066669,12.936625,4.081274,59.452342,75.768215,16.244555,5.787983
19-Jun-2023 01:51:21,2.336877,1.450827,-0.000000,3.976814,4.561333,56.538470,75.663962,16.243933,6.647706
19-Jun-2023 01:52:21,2.153561,1.490456,-0.077721,4.975011,5.539293,68.030876,75.405042,16.233972,7.284512
19-Jun-2023 01:53:21,2.683321,1.456809,-0.088863,10.948218,4.755441,61.352464,75.423402,16.229928,8.352118
19-Jun-2023 01:54:21,2.238054,1.439362,-0.066669,3.976814,3.487355,53.943857,75.673298,16.228995,5.078541
19-Jun-2023 01:55:21,2.157549,1.446590,-0.022193,4.975011,4.250595,58.179408,75.671120,16.230240,5.932626
19-Jun-2023 01:56:21,2.671358,1.459052,-0.088863,5.973207,3.161489,44.600174,75.449855,16.227438,4.521881
19-Jun-2023 01:57:21,2.166273,1.520116,-0.066669,2.986604,4.807204,45.679165,75.525165,16.223702,7.049698
19-Jun-2023 01:58:21,2.194437,1.457681,-0.077721,7.961614,4.064157,60.540710,75.417800,16.229617,5.201896
19-Jun-2023 01:59:21,2.679707,1.451201,-0.066669,9.950022,4.477267,69.131041,75.262200,16.222460,6.916952
19-Jun-2023 02:00:21,2.154807,1.393128,-0.033335,0.998196,4.419818,53.685717,75.224545,16.211255,6.288913
19-Jun-2023 02:01:21,2.634470,1.437617,-0.055528,8.959811,6.480728,51.840520,74.569767,16.198498,8.891871
19-Jun-2023 02:02:21,2.717218,1.440857,-0.066669,9.950022,8.115898,46.803061,74.683053,16.198498,11.873652
19-Jun-2023 02:03:21,3.115753,1.396742,-0.077721,9.950022,7.603279,52.009998,74.530555,16.189473,10.632601
19-Jun-2023 02:04:21,2.735163,1.445094,-0.011141,6.963418,7.145294,60.826699,74.837720,16.175467,9.151102
19-Jun-2023 02:05:21,2.699273,1.450079,-0.055528,6.963418,3.811656,54.854410,75.118425,16.173600,7.397847
19-Jun-2023 02:06:21,2.156926,1.397988,-0.066669,2.986604,3.466745,56.478674,75.179420,16.157417,4.823068
19-Jun-2023 02:07:21,2.665999,1.455936,-0.066669,5.973207,5.954490,53.184416,74.910230,16.135633,8.815478
19-Jun-2023 02:08:21,1.688228,1.456061,-0.077721,7.961614,7.791703,59.818663,74.723820,16.118517,10.395287
19-Jun-2023 02:09:21,2.677090,1.510395,-0.066669,5.973207,5.702929,57.921166,74.855148,16.109802,10.630719
19-Jun-2023 02:10:21,2.672230,1.450079,-0.000000,5.973207,5.651271,57.648770,74.858883,16.095487,9.126056
19-Jun-2023 02:11:21,2.664628,1.472884,-0.066669,8.959811,5.929808,57.622529,74.736890,16.089888,9.552470
19-Jun-2023 02:12:21,2.158795,1.467900,-0.077721,6.963418,5.922034,62.789900,74.776725,16.086152,9.930045
19-Jun-2023 02:13:21,2.186087,1.455812,-0.122197,1.988407,6.996685,62.138064,74.628592,16.083040,9.882460
19-Jun-2023 02:14:21,2.164403,1.444471,-0.088863,7.961614,6.936626,63.947166,74.642285,16.077128,12.816655
19-Jun-2023 02:15:21,1.698073,1.541924,-0.111056,13.934821,5.704336,66.191485,74.617387,16.076815,9.490478
19-Jun-2023 02:16:21,2.673601,1.458304,-0.088863,7.961614,8.147884,52.315576,74.293730,16.071215,10.771610
19-Jun-2023 02:17:21,2.163905,1.448459,-0.044387,5.973207,7.789511,58.834996,74.394560,16.076815,10.862399
19-Jun-2023 02:18:21,2.651543,1.479489,-0.033335,9.950022,7.591852,66.634852,74.483875,16.079617,10.423461
19-Jun-2023 02:19:21,2.160166,1.457307,-0.066669,6.963418,9.157780,64.141014,74.214685,16.078995,14.081514
19-Jun-2023 02:20:21,2.192193,1.462666,-0.077721,12.936625,6.093027,66.706563,74.176407,16.079928,10.709618
19-Jun-2023 02:21:21,2.166148,1.417553,-0.088863,6.963418,4.700389,56.527314,74.255140,16.083353,7.481751
19-Jun-2023 02:22:21,2.672355,1.444471,-0.100004,2.986604,5.576078,75.923709,74.244560,16.075573,8.782289
19-Jun-2023 02:23:21,2.192318,1.437866,-0.011141,7.961614,4.614190,61.617361,74.448088,16.081173,5.853732
19-Jun-2023 02:24:21,2.663133,1.454815,-0.100004,2.986604,6.311559,72.437857,74.509393,16.081795,11.005795
19-Jun-2023 02:25:21,2.155680,1.462167,-0.022193,6.963418,3.414930,60.763806,74.646017,16.079305,4.503099
19-Jun-2023 02:26:21,2.175619,1.530085,-0.066669,5.973207,6.530194,58.945512,74.639795,16.076505,9.536816
19-Jun-2023 02:27:21,2.679832,1.465781,-0.088863,4.975011,5.367881,66.732525,74.766765,16.069658,6.799235
19-Jun-2023 02:28:21,2.684443,1.464660,-0.044387,4.975011,4.065413,76.536278,74.601198,16.069035,8.020875
19-Jun-2023 02:29:21,2.183345,1.537936,-0.088863,4.975011,6.073619,56.577279,74.510327,16.056900,8.940709
19-Jun-2023 02:30:21,2.680829,1.439362,-0.011141,4.975011,6.704111,74.152007,74.548293,16.046940,10.322651
19-Jun-2023 02:31:21,2.661263,1.435997,-0.088863,4.975011,3.977223,98.337013,74.669360,16.041962,6.330241
19-Jun-2023 02:32:21,3.149026,1.534571,-0.011141,5.973207,4.927949,70.998168,74.784193,16.028580,8.679603
19-Jun-2023 02:33:21,2.670236,1.444471,-0.011141,7.961614,5.677361,61.871198,74.818425,16.011463,10.585010
19-Jun-2023 02:34:21,3.127467,1.454316,-0.088863,2.986604,7.813827,86.607178,74.566343,16.004305,13.787847
19-Jun-2023 02:35:21,2.669738,1.505286,0.022193,10.948218,4.712809,72.658797,74.614580,15.991857,7.473612
19-Jun-2023 02:36:21,2.679333,1.448708,-0.033335,9.950022,3.754570,73.902953,74.741557,15.988745,6.544386
19-Jun-2023 02:37:21,2.952376,1.433380,0.011141,4.975011,4.941464,55.895349,74.826205,15.984700,5.991484
19-Jun-2023 02:38:21,3.134570,1.518745,-0.055528,7.961614,4.620084,87.379277,74.793530,15.971940,6.457349
19-Jun-2023 02:39:21,2.161412,1.465033,-0.033335,9.950022,3.965798,66.700657,74.921745,15.952335,5.464884
19-Jun-2023 02:40:21,2.679209,1.444596,-0.033335,7.961614,4.339199,62.152503,74.852657,15.943623,7.101670
19-Jun-2023 02:41:21,2.678586,1.413565,-0.044387,3.976814,4.425767,48.273306,74.833052,15.929617,6.568179
19-Jun-2023 02:42:21,2.684817,1.448459,-0.022193,3.976814,5.190674,84.255520,75.006703,15.918725,10.193033
19-Jun-2023 02:43:21,2.365166,1.460547,-0.033335,3.976814,4.828597,61.978998,75.150168,15.910012,8.091006
19-Jun-2023 02:44:21,2.156801,1.400979,-0.133249,5.973207,4.226012,69.727014,75.166973,15.893830,6.951393
19-Jun-2023 02:45:21,2.157175,1.456061,-0.077721,9.950022,6.795791,62.240425,75.135230,15.871423,11.067782
19-Jun-2023 02:46:21,2.336254,1.457182,-0.033335,4.975011,5.150915,59.250905,75.203383,15.866755,9.356484
19-Jun-2023 02:47:21,2.674349,1.394872,-0.033335,2.986604,6.998668,66.392081,74.986785,15.852440,10.657022
19-Jun-2023 02:48:21,2.654160,1.453693,-0.055528,2.986604,7.663186,71.613260,74.986162,15.847460,15.924940
19-Jun-2023 02:49:21,2.285035,1.452571,-0.033335,8.959811,6.834092,64.311889,74.966557,15.846837,10.167988
19-Jun-2023 02:50:21,2.156428,1.428894,-0.066669,8.959811,4.289730,59.645907,75.114378,15.850882,7.141122
19-Jun-2023 02:51:21,2.165899,1.458802,-0.033335,6.963418,2.856550,59.030247,75.155457,15.843415,3.808058
19-Jun-2023 02:52:21,1.940833,1.528340,-0.044387,6.963418,3.273886,71.752928,75.274647,15.834077,4.665277
19-Jun-2023 02:53:21,2.673352,1.450827,-0.011141,8.959811,2.868075,62.284758,75.379522,15.825675,6.617646
19-Jun-2023 02:54:21,2.218364,1.447960,-0.044387,1.988407,6.958280,74.059394,75.207427,15.814160,12.315096
19-Jun-2023 02:55:21,2.655905,1.379918,-0.033335,2.986604,5.164377,106.991549,75.185955,15.805135,7.484256
19-Jun-2023 02:56:21,2.646683,1.437119,-0.022193,2.986604,5.744205,81.100850,75.152658,15.797977,7.827394
19-Jun-2023 02:57:21,2.142221,1.504164,-0.077721,7.961614,6.326639,70.206477,74.956288,15.791132,8.256313
19-Jun-2023 02:58:21,2.153561,1.436371,-0.022193,1.988407,5.838961,63.561348,75.054628,15.776505,12.894925
19-Jun-2023 02:59:21,2.158297,1.443350,-0.077721,6.963418,6.955828,54.441316,75.074545,15.763748,9.162998
19-Jun-2023 03:00:21,2.641324,1.516128,-0.088863,7.961614,7.155887,59.914933,75.180665,15.747563,12.928737
19-Jun-2023 03:01:21,2.673850,1.456310,-0.066669,2.986604,10.523231,66.182019,75.309502,15.735738,12.601253
19-Jun-2023 03:02:21,2.156054,1.446714,-0.011141,7.961614,7.646953,58.060837,75.331288,15.713020,13.277510
19-Jun-2023 03:03:21,3.707449,1.517000,-0.088863,3.976814,9.394522,51.747065,75.384502,15.701817,15.854180
19-Jun-2023 03:04:21,2.665874,1.778328,-0.033335,9.950022,6.912830,61.600113,75.526100,15.670385,12.380216
19-Jun-2023 03:05:21,3.107403,1.437119,-0.088863,9.950022,5.808957,75.008375,75.747052,15.645177,9.985146
19-Jun-2023 03:06:21,2.684193,1.423784,-0.066669,5.973207,8.136197,75.180005,75.832323,15.614058,14.070246
19-Jun-2023 03:07:21,3.126595,1.410699,-0.044387,6.963418,6.687518,69.074802,76.094668,15.592895,9.526172
19-Jun-2023 03:08:21,2.174373,1.431511,-0.033335,11.938429,2.755953,75.108874,76.215103,15.579203,7.740357
19-Jun-2023 03:09:21,2.323917,1.436122,-0.077721,11.938429,5.956785,75.244139,76.342073,15.567065,9.389668
19-Jun-2023 03:10:21,2.674224,1.370821,-0.066669,3.976814,7.075578,66.628103,76.318423,15.542480,11.674532
19-Jun-2023 03:11:21,2.172379,1.447711,-0.033335,1.988407,5.770189,57.848241,76.383153,15.521007,11.246866
19-Jun-2023 03:12:21,2.712731,1.448584,-0.122197,9.950022,8.374607,70.097831,76.523192,15.496735,12.641957
19-Jun-2023 03:13:21,2.678212,2.318932,-0.066669,7.961614,12.147081,60.977898,76.513545,15.478995,16.293119
19-Jun-2023 03:14:21,2.627491,1.458802,-0.077721,4.975011,11.990958,64.162477,76.497985,15.467793,17.393290
19-Jun-2023 03:15:21,2.178859,1.437742,-0.044387,9.950022,7.559240,62.167311,76.406802,15.454722,14.095921
19-Jun-2023 03:16:21,2.172130,1.513635,-0.088863,9.950022,5.549467,52.270950,76.551200,15.446320,7.973290
19-Jun-2023 03:17:21,2.667619,1.443973,-0.033335,4.975011,4.484363,67.519538,76.753173,15.436982,7.517445
19-Jun-2023 03:18:21,2.171631,1.445717,-0.022193,4.975011,8.743885,49.821167,76.709293,15.431383,12.494804
19-Jun-2023 03:19:21,3.121361,1.522109,-0.033335,2.986604,7.786380,55.937813,76.737300,15.419245,9.807943
19-Jun-2023 03:20:21,2.665625,1.426027,-0.033335,7.961614,7.716302,62.182117,76.850267,15.393727,13.003249
19-Jun-2023 03:21:21,2.678461,1.448459,-0.033335,-0.998196,8.356031,60.665288,76.802030,15.377232,11.074044
19-Jun-2023 03:22:21,2.654285,1.443973,-0.033335,8.959811,7.398368,56.879572,76.946740,15.353893,10.511751
19-Jun-2023 03:23:21,2.678959,1.427647,-0.100004,12.936625,5.916555,54.887030,77.049747,15.356693,8.472968
19-Jun-2023 03:24:21,2.166273,1.433380,-0.011141,6.963418,6.926867,57.816932,76.935535,15.345490,12.819784
19-Jun-2023 03:25:21,2.148576,1.515505,-0.022193,9.950022,5.625806,61.047070,76.914062,15.341133,7.429779
19-Jun-2023 03:26:21,2.659643,1.447587,-0.077721,6.963418,6.611592,54.433818,76.996843,15.332730,10.829839
19-Jun-2023 03:27:21,2.670735,1.433754,-0.066669,2.986604,6.267311,57.472363,77.215308,15.324328,11.915609
19-Jun-2023 03:28:21,1.671404,1.474255,-0.077721,10.948218,9.138527,50.237633,77.092692,15.289473,16.094004
19-Jun-2023 03:29:21,2.650671,1.444222,0.011141,10.948218,10.153016,54.491184,77.096428,15.271425,16.494120
19-Jun-2023 03:30:21,2.684692,1.425155,-0.100004,4.975011,10.357770,46.588032,77.383363,15.258975,15.996947
19-Jun-2023 03:31:21,2.662634,1.532951,-0.044387,3.976814,8.794710,47.754387,77.344773,15.249640,11.055885
19-Jun-2023 03:32:21,2.180604,2.353203,-0.033335,7.961614,5.766955,57.640805,77.375583,15.235635,8.041539
19-Jun-2023 03:33:21,2.683072,1.427149,-0.122197,5.973207,5.502869,100.113586,77.414483,15.226923,11.152943
19-Jun-2023 03:34:21,2.689303,1.508775,-0.077721,11.938429,5.772434,67.670642,77.554213,15.216652,9.583778
19-Jun-2023 03:35:21,2.686686,1.435374,-0.055528,7.961614,10.229354,53.787321,77.419773,15.201402,14.806610
19-Jun-2023 03:36:21,3.121236,1.421666,-0.077721,4.975011,8.293885,57.293233,77.547988,15.181485,13.176071
19-Jun-2023 03:37:21,2.665750,1.507778,-0.022193,2.986604,7.090140,56.893633,77.626100,15.170282,10.603798
19-Jun-2023 03:38:21,3.139306,1.423036,-0.033335,1.988407,8.612548,58.235278,77.719150,15.158145,12.242465
19-Jun-2023 03:39:21,2.681078,1.413191,-0.033335,2.986604,9.054306,51.324787,77.748402,15.151922,12.774703
19-Jun-2023 03:40:21,2.669613,1.450827,-0.066669,5.973207,7.600410,57.714483,77.716970,15.136985,13.280639
19-Jun-2023 03:41:21,2.162285,1.360726,-0.077721,8.959811,8.431747,54.809888,77.893423,15.112710,16.288737
19-Jun-2023 03:42:21,2.669114,1.408954,-0.022193,2.986604,9.915750,45.350064,77.813755,15.099327,16.748340
19-Jun-2023 03:43:21,2.212133,1.436122,-0.044387,6.963418,9.472533,66.285127,77.885643,15.077855,16.825357
19-Jun-2023 03:44:21,2.651917,1.385277,-0.077721,4.975011,9.847498,51.834142,77.891245,15.070698,15.604970
19-Jun-2023 03:45:21,2.655157,1.421292,-0.055528,-0.000000,8.168340,51.031489,77.923920,15.077545,13.584346
19-Jun-2023 03:46:21,2.712233,1.434502,-0.044387,5.973207,8.750046,33.641724,77.946637,15.072877,13.792228
19-Jun-2023 03:47:21,2.152315,1.394374,-0.088863,7.961614,6.771893,80.344584,77.974335,15.078790,10.452264
19-Jun-2023 03:48:21,2.677464,1.429517,-0.033335,1.988407,6.159558,44.755682,78.075165,15.073187,8.783541
19-Jun-2023 03:49:21,2.687060,1.413441,-0.077721,3.976814,7.453470,56.142060,78.231700,15.073187,10.034613
19-Jun-2023 03:50:21,3.112139,1.467152,-0.000000,1.988407,6.102109,63.914557,78.494355,15.075988,8.529950
19-Jun-2023 03:51:21,2.150197,1.422164,-0.077721,6.963418,9.861431,44.337904,78.727135,15.072877,13.313843
19-Jun-2023 03:52:21,2.694911,1.436745,-0.100004,6.963418,7.586841,41.473145,78.978898,15.071633,11.523003
19-Jun-2023 03:53:21,2.677090,1.391757,-0.044387,8.959811,5.823519,48.139826,78.976720,15.069453,9.422228
19-Jun-2023 03:54:21,2.656403,1.432383,-0.011141,6.963418,9.406835,36.877839,79.392175,15.076923,11.970080
19-Jun-2023 03:55:21,2.198300,1.423660,-0.055528,9.950022,6.769545,47.275675,79.608460,15.083145,9.293863
19-Jun-2023 03:56:21,2.375385,1.385027,-0.022193,5.973207,6.100386,47.457337,79.446635,15.080345,9.732178
19-Jun-2023 03:57:21,2.656279,1.436745,-0.022193,4.975011,9.103512,35.458487,79.409290,15.071320,11.960689
19-Jun-2023 03:58:21,2.653412,1.431884,-0.055528,4.975011,5.677049,47.185412,79.535950,15.067275,8.035282
19-Jun-2023 03:59:21,2.161163,1.439736,-0.000000,2.986604,3.978836,50.157586,79.680660,15.064785,7.921942
19-Jun-2023 04:00:21,1.699568,1.431511,-0.077721,7.961614,3.610342,65.488836,79.775887,15.055450,7.249447
19-Jun-2023 04:01:21,2.670610,1.515878,-0.077721,8.959811,3.454325,54.481623,79.937722,15.036777,5.965186
19-Jun-2023 04:02:21,1.788298,1.403097,-0.077721,9.950022,4.172849,43.806982,80.125377,15.012815,8.032148
19-Jun-2023 04:03:21,2.173251,1.413939,-0.033335,-0.000000,3.126844,55.087531,80.226830,15.009390,4.340297
19-Jun-2023 04:04:21,2.123902,1.420419,0.044387,7.961614,5.303750,67.774028,80.262618,14.999745,8.884356
19-Jun-2023 04:05:21,1.664675,1.400356,-0.066669,4.975011,5.774781,60.086748,80.093948,14.991030,9.617591
19-Jun-2023 04:06:21,1.672526,1.373064,-0.077721,5.973207,7.367425,29.186337,80.095812,15.002855,10.139809
19-Jun-2023 04:07:21,1.679131,1.420170,-0.088863,7.961614,5.426114,59.598858,80.011790,15.021840,6.566932
19-Jun-2023 04:08:21,1.660812,1.504164,0.011141,6.963418,7.637980,62.254389,79.967597,15.027130,10.313260
19-Jun-2023 04:09:21,2.663507,1.439611,-0.100004,6.963418,7.937754,61.651577,79.941767,15.027130,10.070307
19-Jun-2023 04:10:21,2.204531,1.420295,-0.100004,8.959811,6.140931,49.242251,79.857737,15.034287,9.675825
19-Jun-2023 04:11:21,2.659768,1.441854,-0.088863,3.976814,5.896988,58.355352,80.039175,15.038022,7.997711
19-Jun-2023 04:12:21,2.678710,1.433629,-0.033335,13.934821,4.932489,48.343140,80.079320,15.041135,7.361529
19-Jun-2023 04:13:21,1.749167,1.465532,-0.044387,4.975011,4.513796,60.657693,80.056602,15.037400,6.251972
19-Jun-2023 04:14:21,2.669613,1.440982,-0.055528,5.973207,6.178812,56.739721,80.156810,15.033042,8.330201
19-Jun-2023 04:15:21,2.168765,1.421292,-0.033335,5.973207,3.989956,58.843620,80.168635,15.033042,6.119225
19-Jun-2023 04:16:21,2.170510,1.414812,-0.022193,5.973207,2.905856,46.489233,80.244257,15.038955,4.413556
19-Jun-2023 04:17:21,2.171507,1.421416,-0.077721,11.938429,4.963014,46.778783,80.224963,15.037400,8.041539
19-Jun-2023 04:18:21,2.163406,1.386274,-0.000000,-0.000000,2.884495,68.652151,80.192598,15.043622,5.882535
19-Jun-2023 04:19:21,2.160789,1.428894,-0.055528,6.963418,5.940767,44.171515,80.243945,15.046425,10.670795
19-Jun-2023 04:20:21,2.173874,1.511143,0.033335,5.973207,5.356506,45.778899,80.123823,15.053893,7.096036
19-Jun-2023 04:21:21,2.173251,1.420793,-0.011141,3.976814,3.608416,41.060707,80.100482,15.060740,5.434200
19-Jun-2023 04:22:21,2.200917,1.431635,-0.133249,12.936625,6.117761,39.682040,80.059715,15.065720,8.922550
19-Jun-2023 04:23:21,2.160914,1.421167,-0.000000,7.961614,5.628258,56.108689,79.840617,15.075988,8.584422
19-Jun-2023 04:24:21,2.683446,1.425653,-0.055528,6.963418,4.794677,52.180221,79.905358,15.073810,9.331434
19-Jun-2023 04:25:21,2.160789,1.513760,0.022193,4.975011,6.554560,80.210922,79.801717,15.082835,9.589411
19-Jun-2023 04:26:21,2.660391,1.419422,0.022193,5.973207,8.312878,42.087022,79.518523,15.071010,12.733375
19-Jun-2023 04:27:21,2.684692,1.444347,0.033335,9.950022,6.026342,43.804825,79.824435,15.054515,10.281323
19-Jun-2023 04:28:21,2.158172,1.390137,-0.011141,11.938429,6.760360,38.313401,79.901622,15.048603,10.711494
19-Jun-2023 04:29:21,2.154807,1.433255,-0.011141,5.973207,4.408234,53.040059,79.844662,15.074123,5.444220
19-Jun-2023 04:30:21,2.180728,1.449082,-0.011141,10.948218,6.919249,52.104011,79.677548,15.075365,10.539930
19-Jun-2023 04:31:21,2.158421,1.436620,-0.011141,5.973207,5.330153,53.696400,79.795182,15.063230,7.262596
19-Jun-2023 04:32:21,2.164403,1.435997,-0.022193,8.959811,5.724637,45.461700,79.834082,15.059183,8.694004
19-Jun-2023 04:33:21,2.650671,1.517374,0.044387,9.950022,5.108439,54.472905,79.804830,15.052960,7.307052
19-Jun-2023 04:34:21,2.152564,1.421666,-0.033335,5.973207,4.678944,69.625791,79.783668,15.055137,6.317716
19-Jun-2023 04:35:21,2.194561,1.435249,-0.033335,4.975011,5.431800,48.536893,79.880463,15.055760,8.409723
19-Jun-2023 04:36:21,2.168017,1.369325,-0.011141,2.986604,11.160196,28.644446,79.898200,15.053270,13.320106
19-Jun-2023 04:37:21,2.248771,1.426152,-0.022193,4.975011,5.682110,38.209817,79.915315,15.056072,8.895000
19-Jun-2023 04:38:21,2.649424,1.441605,0.022193,4.975011,7.477787,58.482455,79.632735,15.050470,9.990785
19-Jun-2023 04:39:21,2.171008,1.437119,-0.033335,17.911636,5.117152,44.703566,79.760638,15.028062,7.377807
19-Jun-2023 04:40:21,2.608798,1.428769,-0.044387,0.998196,9.886319,40.263388,79.654830,15.026818,13.042072
19-Jun-2023 04:41:21,2.661388,1.535942,-0.000000,7.961614,6.425521,42.177006,79.663855,15.028062,10.162978
19-Jun-2023 04:42:21,2.168640,1.450079,0.122197,9.950022,5.432583,44.049192,79.785223,15.026508,7.977047
19-Jun-2023 04:43:21,2.620139,1.429143,-0.022193,8.959811,5.507098,57.312257,79.791758,15.020595,6.682143
19-Jun-2023 04:44:21,2.154683,1.515505,-0.011141,9.950022,9.740842,39.916287,79.574850,15.009080,17.347580
19-Jun-2023 04:45:21,2.654783,1.444596,-0.000000,11.938429,8.184202,49.308524,79.530970,15.007213,11.038355
19-Jun-2023 04:46:21,2.694412,1.441605,0.055528,5.973207,11.411344,45.125943,79.449435,14.996632,17.477822
19-Jun-2023 04:47:21,2.657026,1.386772,0.033335,10.948218,8.614427,46.081857,79.326510,14.991653,11.879291
19-Jun-2023 04:48:21,2.667744,1.441231,0.077721,11.938429,6.346988,60.352392,79.422982,14.986985,12.607515
19-Jun-2023 04:49:21,2.686561,1.443973,0.088863,10.948218,8.980471,55.691003,79.335225,14.975470,12.329497
19-Jun-2023 04:50:21,2.152689,1.526845,0.144391,14.925032,6.842337,42.621603,79.420183,14.966135,9.946328
19-Jun-2023 04:51:21,2.688804,1.427274,0.122197,17.911636,8.658624,53.144950,79.286055,14.959910,12.410900
19-Jun-2023 04:52:21,3.137686,1.431635,0.188866,16.921425,8.016913,51.222143,78.897050,14.951817,11.620055
19-Jun-2023 04:53:21,2.665127,1.478368,0.111056,20.898239,9.204484,47.258559,78.892382,14.939060,14.641303
19-Jun-2023 04:54:21,2.156801,1.446839,0.177725,24.883039,8.058030,50.778117,78.799332,14.935325,9.848647
19-Jun-2023 04:55:21,2.654534,1.431511,0.222112,19.900043,9.899211,68.628071,78.825785,14.936257,16.872948
19-Jun-2023 04:56:21,2.211136,2.440811,0.255447,34.833061,7.757733,58.868183,78.755455,14.926922,13.360176
19-Jun-2023 04:57:21,2.666871,1.427149,0.299922,30.848261,7.073859,49.351083,78.952445,14.925055,9.952586
19-Jun-2023 04:58:21,2.674972,1.444970,0.388785,41.796479,8.465296,62.675171,78.870288,14.921632,16.340709
19-Jun-2023 04:59:21,3.723276,1.420669,0.466506,49.758093,11.068045,60.834289,78.727758,14.913540,13.995106
19-Jun-2023 05:00:21,3.116002,1.436495,0.655373,51.746500,7.213913,53.094051,78.985433,14.905450,14.204245
19-Jun-2023 05:01:21,2.662759,2.381491,0.610897,59.708115,9.101373,55.522372,78.888647,14.903583,14.503551
19-Jun-2023 05:02:21,2.696157,1.439985,0.677566,61.696522,7.979396,56.577651,79.129520,14.888333,14.511690
19-Jun-2023 05:03:21,2.658896,1.407334,0.721953,66.679518,4.923932,50.825080,79.206698,14.886777,5.858114
19-Jun-2023 05:04:21,2.660640,1.581429,0.721953,74.641132,5.326972,48.686497,79.131387,14.878375,10.454145
19-Jun-2023 05:05:21,2.667494,1.419672,0.699760,78.617947,5.281992,54.948800,79.267693,14.874952,8.250055
19-Jun-2023 05:06:21,2.658397,1.529462,0.766429,86.579561,7.371025,38.242730,79.342692,14.877442,9.565619
19-Jun-2023 05:07:21,2.666497,1.411198,0.899678,90.556375,4.909789,42.956608,79.401200,14.882732,9.452912
19-Jun-2023 05:08:21,2.166148,2.342236,0.955206,90.556375,9.568491,35.130595,79.676613,14.888022,13.326992
19-Jun-2023 05:09:21,2.682698,1.491204,1.033017,105.489393,8.367303,48.266006,79.775887,14.875885,13.548028
19-Jun-2023 05:10:21,2.649300,1.469021,1.277322,121.412622,5.820594,35.846348,79.899445,14.855345,13.956283
19-Jun-2023 05:11:21,2.663880,1.431261,1.388467,133.351051,9.751800,48.783325,79.981290,14.848810,13.729613
19-Jun-2023 05:12:21,3.765896,1.423909,1.632772,153.251094,9.679894,45.752559,79.959818,14.821113,13.047082
19-Jun-2023 05:13:21,3.711063,1.392380,1.721635,172.160926,6.709485,60.044477,80.064692,14.801820,10.350825
19-Jun-2023 05:14:21,3.125349,1.556255,1.921554,195.055558,8.644118,54.281027,80.177970,14.791238,12.222425
19-Jun-2023 05:15:21,3.722528,2.346473,2.188142,228.890422,10.655042,33.334529,80.279422,14.773187,15.105292
19-Jun-2023 05:16:21,4.866168,2.344978,2.488064,262.725287,6.279886,68.122822,80.343842,14.764785,10.780372
19-Jun-2023 05:17:21,3.712807,3.132452,2.843514,292.575351,6.385394,61.464755,80.393322,14.746115,11.011429
19-Jun-2023 05:18:21,4.793639,3.963668,3.098961,330.395016,9.142023,49.922772,80.298407,14.719040,14.050835
19-Jun-2023 05:19:21,5.428953,3.393655,3.509939,369.204891,7.742289,65.750550,80.432845,14.679205,13.628174
19-Jun-2023 05:20:21,5.446151,6.327217,3.787579,415.976381,7.535812,58.334166,80.487617,14.660223,10.235614
19-Jun-2023 05:21:21,5.449640,6.251944,4.220840,459.761267,8.138648,75.678122,80.562928,14.644040,11.452872
19-Jun-2023 05:22:21,5.427084,5.812035,4.620677,505.542545,9.113948,47.075644,80.563862,14.634080,11.177988
19-Jun-2023 05:23:21,7.705016,5.136968,4.887265,553.312231,9.574598,67.637925,80.674027,14.618520,16.075216
19-Jun-2023 05:24:21,7.773059,6.358247,5.309296,606.056928,9.868792,44.911096,80.686788,14.593625,18.729532
19-Jun-2023 05:25:21,7.774305,6.841773,5.731416,658.793639,8.972072,53.950793,80.798197,14.573397,17.392037
19-Jun-2023 05:26:21,9.059016,6.262662,5.986862,714.524939,11.374240,63.055081,80.641975,14.543520,16.930553
19-Jun-2023 05:27:21,8.468068,6.830183,6.386788,766.271439,8.071909,62.835552,80.918322,14.516135,11.393385
19-Jun-2023 05:28:21,7.244794,7.137496,6.675570,815.039322,6.053056,50.153181,81.056495,14.509910,8.846157
19-Jun-2023 05:29:21,9.047426,5.139834,6.886540,851.860790,7.144563,58.859649,81.085437,14.487505,12.244970
19-Jun-2023 05:30:21,8.284375,6.263783,7.153128,892.659072,7.330326,67.787057,81.091662,14.461675,14.419643
19-Jun-2023 05:31:21,8.107913,6.842645,7.441909,936.443958,8.296286,60.426353,81.260955,14.443935,14.367671
19-Jun-2023 05:32:21,7.785396,7.514223,7.708497,980.236830,6.096577,64.022997,81.393217,14.426508,8.286997
19-Jun-2023 05:33:21,10.936545,8.047721,8.030613,1017.058298,3.276232,58.877558,81.512407,14.415305,4.549437
19-Jun-2023 05:34:21,9.726357,7.426490,8.308342,1060.843184,2.891275,88.418340,81.657427,14.395700,5.925739
19-Jun-2023 05:35:21,9.116092,9.912165,8.597123,1102.639662,5.251049,73.522946,81.637822,14.378273,7.565030
19-Jun-2023 05:36:21,9.694454,7.975566,8.897046,1146.424548,6.765319,56.906852,81.786265,14.364267,12.328873
19-Jun-2023 05:37:21,10.282660,9.882007,9.230214,1190.217420,6.882513,49.626943,81.724025,14.351198,9.951338
19-Jun-2023 05:38:21,11.565752,8.952092,9.530136,1232.013899,9.761608,64.611472,81.675167,14.348398,12.884281
19-Jun-2023 05:39:21,10.943399,10.432703,9.896639,1255.898742,7.576459,56.946123,81.588963,14.353688,11.395267
19-Jun-2023 05:40:21,11.539208,9.291557,9.863393,1269.825578,7.474864,53.018496,81.541972,14.348708,11.646358
19-Jun-2023 05:41:21,10.313068,10.499502,10.007784,1278.785388,5.714930,56.279194,81.576827,14.349642,9.422228
19-Jun-2023 05:42:21,10.957730,11.718287,10.241037,1307.645242,4.674563,62.822242,81.744565,14.349642,8.225634
19-Jun-2023 05:43:21,10.947511,9.383153,10.385428,1331.530085,6.126005,51.817743,81.806805,14.331280,13.804125
19-Jun-2023 05:44:21,10.919597,9.825056,10.585346,1343.468514,6.376315,57.695358,81.741452,14.330347,9.455418
19-Jun-2023 05:45:21,10.973682,8.045354,10.607540,1346.455117,6.710424,65.059343,81.676412,14.327235,11.468526
19-Jun-2023 05:46:21,10.956609,8.048594,10.763071,1356.405139,9.985515,63.631558,81.590207,14.323190,13.923722
19-Jun-2023 05:47:21,11.568369,9.418545,11.051853,1390.240003,6.696962,63.347444,81.433673,14.330035,10.675805
19-Jun-2023 05:48:21,12.687335,9.888736,11.507218,1443.982896,5.135625,60.519340,81.471330,14.335948,7.856197
19-Jun-2023 05:49:21,12.174770,10.483050,11.996007,1503.691011,10.954035,60.202884,81.344358,14.338438,15.834769
19-Jun-2023 05:50:21,12.687460,10.584493,12.373651,1558.424115,7.187769,60.620573,81.313860,14.339060,12.832933
19-Jun-2023 05:51:21,12.707648,11.671554,12.584710,1604.205393,5.392248,64.829501,81.367388,14.339682,10.110382
19-Jun-2023 05:52:21,12.691323,12.289171,12.684625,1647.990279,6.790104,60.115620,81.372368,14.344972,9.219980
19-Jun-2023 05:53:21,13.992609,12.040429,12.573569,1665.901915,5.292894,58.790570,81.374855,14.335637,11.522374
19-Jun-2023 05:54:21,13.346700,10.494019,12.784629,1708.696590,7.660158,63.589941,81.494358,14.335327,13.616278
19-Jun-2023 05:55:21,13.949864,11.836053,13.195607,1763.429694,6.937044,69.093830,81.599855,14.336260,11.227455
19-Jun-2023 05:56:21,13.930673,12.303378,13.750976,1830.101227,5.506054,60.051692,81.672988,14.332837,7.736600
19-Jun-2023 05:57:21,13.967311,14.802391,14.650655,1906.730766,5.506784,47.861055,81.743633,14.329725,6.960161
19-Jun-2023 05:58:21,17.003807,15.494655,15.761393,1980.373702,7.236243,75.649918,81.796535,14.322877,10.389024
19-Jun-2023 05:59:21,17.566218,16.589445,17.016521,2064.964856,7.572964,61.402985,81.819252,14.317900,10.608179
19-Jun-2023 06:00:21,17.768725,19.095933,18.171646,2112.726557,5.315438,60.198666,81.906703,14.299537,7.076625
19-Jun-2023 06:01:21,20.052769,17.812218,18.860354,2141.586410,4.328712,52.147877,82.060125,14.293003,5.731630
19-Jun-2023 06:02:21,20.833015,17.760376,19.260191,2159.506032,3.879336,39.636854,82.285745,14.294560,5.295820
19-Jun-2023 06:03:21,20.941310,19.694608,20.082148,2191.344503,2.942427,61.261258,82.230662,14.287400,5.865629
19-Jun-2023 06:04:21,20.838872,17.811719,20.681993,2236.127586,5.209720,64.820314,82.397468,14.277755,7.963898
19-Jun-2023 06:05:21,22.652474,22.737589,21.348418,2284.895468,4.390387,80.413108,82.471223,14.276198,8.427882
19-Jun-2023 06:06:21,24.760673,20.825164,22.470208,2371.475029,3.577629,65.140423,82.527245,14.269975,5.092319
19-Jun-2023 06:07:21,25.649841,22.729240,24.003066,2480.941237,3.666280,52.584128,82.587930,14.263750,5.641464
19-Jun-2023 06:08:21,26.885824,24.068408,25.269335,2560.549395,2.902614,45.244416,82.749443,14.265927,4.610800
19-Jun-2023 06:09:21,27.464313,24.069529,26.246735,2614.292288,2.901525,70.862172,82.722680,14.274020,5.570080
19-Jun-2023 06:10:21,27.420696,25.245823,26.146820,2572.495809,7.236922,58.176039,82.553075,14.278688,10.471051
19-Jun-2023 06:11:21,25.664547,22.744817,25.280388,2453.071594,4.433019,61.698159,82.610025,14.268730,6.938868
19-Jun-2023 06:12:21,23.114566,20.892708,23.892010,2292.857082,5.083602,54.089992,82.676623,14.265305,7.156147
19-Jun-2023 06:13:21,23.128149,22.838033,22.858993,2170.446264,6.571727,66.647980,82.651725,14.263438,9.385287
19-Jun-2023 06:14:21,23.751125,20.841115,22.248096,2095.813117,8.216657,63.189407,82.679733,14.245700,11.571841
19-Jun-2023 06:15:21,25.030476,22.760644,22.403628,2105.763139,7.076209,42.919394,82.793945,14.220805,9.231247
19-Jun-2023 06:16:21,25.021877,24.092210,23.192250,2167.459660,6.967308,44.744428,82.841560,14.212713,11.813541
19-Jun-2023 06:17:21,26.268706,24.167606,24.380709,2281.908865,6.224784,43.288721,83.060023,14.210535,11.154819
19-Jun-2023 06:18:21,28.091651,27.125967,26.169014,2446.108176,6.132581,52.710292,82.965730,14.207733,10.987007
19-Jun-2023 06:19:21,29.336981,28.416537,28.301627,2648.127152,10.180461,55.760087,82.868633,14.201197,15.373913
19-Jun-2023 06:20:21,32.339210,30.870436,30.911888,2891.942607,5.215775,49.179547,82.914070,14.194353,7.712807
19-Jun-2023 06:21:21,35.483007,34.039532,33.455480,3148.694687,5.920939,53.470585,82.986580,14.194353,8.768516
19-Jun-2023 06:22:21,38.399499,35.733373,36.198991,3424.356599,5.186136,53.535823,83.010543,14.207423,6.694039
19-Jun-2023 06:23:21,40.371618,38.793547,39.075751,3715.933754,8.621682,87.217021,82.820398,14.212713,14.382701
19-Jun-2023 06:24:21,45.035161,43.087970,41.697153,3982.635855,7.427224,63.213120,82.851830,14.213957,10.692088
19-Jun-2023 06:25:21,47.738678,45.065070,44.262938,4259.295963,5.077132,53.248148,82.857743,14.202443,8.241911
19-Jun-2023 06:26:21,50.731935,49.275371,47.139787,4511.073032,5.970770,62.370690,83.027658,14.199020,8.487369
19-Jun-2023 06:27:21,51.331856,50.471728,48.317106,4648.400897,7.743643,95.279525,82.913448,14.203378,13.280639
19-Jun-2023 06:28:21,52.494816,52.314488,49.438985,4770.811716,6.927599,59.478218,83.057223,14.205865,10.646373
19-Jun-2023 06:29:21,54.298570,53.739151,50.538582,4871.318113,8.152687,74.593705,82.532845,14.188128,13.884276
19-Jun-2023 06:30:21,54.289971,55.417663,50.605251,4921.076206,6.888047,58.691300,82.847782,14.184082,14.038939
19-Jun-2023 06:31:21,56.149435,55.407320,51.582740,5055.425453,5.441975,47.995285,83.019255,14.203688,10.043380
19-Jun-2023 06:32:21,56.679572,56.620374,52.715671,5207.686336,7.291764,49.665477,82.959505,14.223292,11.127269
19-Jun-2023 06:33:21,58.622651,56.745870,53.881937,5376.860658,2.876071,52.535384,83.044775,14.221115,5.173717
19-Jun-2023 06:34:21,59.939269,59.752210,55.770156,5598.779677,5.812194,59.623691,83.031392,14.238853,9.687098
19-Jun-2023 06:35:21,62.972903,60.887132,57.203010,5783.885213,4.934681,50.999620,82.984400,14.258460,6.963913
19-Jun-2023 06:36:21,62.359020,62.763662,59.080177,5983.907797,6.808158,43.269783,83.066248,14.255970,11.197399
19-Jun-2023 06:37:21,66.033828,62.746090,60.924009,6173.988344,11.403983,38.070160,83.229628,14.233252,15.755246
19-Jun-2023 06:38:21,67.272184,62.763163,62.334670,6289.427759,7.667983,58.989850,83.386162,14.204310,12.143531
19-Jun-2023 06:39:21,67.885938,68.945213,63.978584,6393.918956,9.242313,34.877231,83.317387,14.191862,14.506680
19-Jun-2023 06:40:21,70.350807,70.178329,64.889314,6425.765413,10.576720,65.484154,83.468633,14.168832,17.683199
19-Jun-2023 06:41:21,68.677404,68.932875,63.700854,6257.581301,7.056483,70.731209,83.604005,14.159807,12.521107
19-Jun-2023 06:42:21,65.464065,62.786966,59.957662,5883.401400,8.038410,56.467414,83.748402,14.159498,12.883028
19-Jun-2023 06:43:21,59.601669,57.247590,55.192594,5430.603551,7.949913,62.745006,83.561370,14.152340,10.246886
19-Jun-2023 06:44:21,54.303181,52.293801,51.393873,5067.363882,6.237306,51.196180,83.707013,14.153585,10.970729
19-Jun-2023 06:45:21,52.224762,49.292322,49.505654,4879.279727,6.049197,51.777343,83.735955,14.166033,10.340181
19-Jun-2023 06:46:21,51.350549,48.037392,48.461496,4768.815323,9.100696,53.545016,83.669357,14.167588,14.583697
19-Jun-2023 06:47:21,49.568231,46.146156,46.950921,4615.564229,10.392992,75.281712,83.749960,14.160120,14.568043
19-Jun-2023 06:48:21,48.774647,46.723147,45.951239,4471.264961,8.404089,63.957382,83.855145,14.147983,10.366479
19-Jun-2023 06:49:21,47.005785,44.991419,44.573913,4311.042464,7.190065,65.184944,84.059295,14.145493,9.725915
19-Jun-2023 06:50:21,44.320465,40.595560,42.818943,4127.933320,7.307419,61.877475,84.188132,14.136158,9.381529
19-Jun-2023 06:51:21,43.092705,41.878526,42.430247,4068.225205,7.230191,44.887572,83.969358,14.138648,12.675141
19-Jun-2023 06:52:21,43.464696,41.807368,42.874471,4108.033277,6.360087,52.849116,84.084190,14.143315,8.197455
19-Jun-2023 06:53:21,44.921881,44.979705,44.996033,4298.105839,5.515602,49.743462,84.225165,14.150783,7.893139
19-Jun-2023 06:54:21,49.277240,48.036644,49.016865,4698.158990,7.177437,53.800629,84.052760,14.166033,11.834205
19-Jun-2023 06:55:21,55.115833,53.081278,54.926006,5271.371265,9.838785,42.752079,83.950685,14.171322,14.966283
19-Jun-2023 06:56:21,63.032721,60.890123,62.501254,6005.804232,10.992128,44.821764,84.253797,14.148915,15.826630
19-Jun-2023 06:57:21,70.918078,68.336194,70.898458,6802.931918,5.472708,49.940965,84.339377,14.144870,10.742178
19-Jun-2023 06:58:21,78.332249,77.416163,78.151591,7468.696961,5.374195,60.642603,84.516140,14.150783,7.840543
19-Jun-2023 06:59:21,85.550141,83.335885,85.271384,8125.518164,3.989487,48.852126,84.510227,14.165410,6.010272
19-Jun-2023 07:00:21,94.723827,93.795153,93.646574,8909.701239,7.226904,57.271860,84.286785,14.184082,9.214341
19-Jun-2023 07:01:21,101.956800,99.936327,99.622294,9473.961688,4.910573,49.250035,84.370498,14.199330,9.632621
19-Jun-2023 07:02:21,105.020540,103.621450,102.854594,9813.308529,9.373023,44.915224,84.243215,14.202755,13.339512
19-Jun-2023 07:03:21,106.841070,107.862300,104.753954,10033.239141,6.935165,49.640819,84.370185,14.202443,10.492339
19-Jun-2023 07:04:21,110.465900,109.554390,107.208684,10274.075978,7.618203,38.369265,84.226410,14.209913,14.348888
19-Jun-2023 07:05:21,111.768940,107.250060,107.630714,10346.720717,10.005814,46.942632,84.192490,14.200887,14.066489
19-Jun-2023 07:06:21,106.202640,103.615220,104.809482,10116.840084,5.264043,46.342443,84.421222,14.200887,6.767928
19-Jun-2023 07:07:21,101.325850,100.482930,99.166929,9592.387707,5.619337,52.837588,84.472260,14.226717,10.070931
19-Jun-2023 07:08:21,96.513627,93.200463,94.324140,9131.628244,5.547798,60.464877,84.266245,14.251613,9.709009
19-Jun-2023 07:09:21,97.718457,97.491396,95.823574,9309.762377,6.725922,40.549375,84.138340,14.262505,9.616967
19-Jun-2023 07:10:21,101.941840,99.227610,98.333831,9582.437685,7.092592,62.394446,84.241038,14.268730,15.151630
19-Jun-2023 07:11:21,101.949320,100.502880,99.200264,9783.458465,8.996335,29.101008,83.879730,14.242278,11.847983
19-Jun-2023 07:12:21,106.849790,103.597760,101.466127,10056.133773,7.033054,35.564781,84.057118,14.217380,11.168597
19-Jun-2023 07:13:21,108.084260,106.641560,103.476543,10324.824282,10.367994,38.771023,83.861060,14.187195,12.926856
19-Jun-2023 07:14:21,111.755230,108.430900,105.098263,10547.741497,9.848179,42.957268,84.182843,14.159498,17.373249
19-Jun-2023 07:15:21,114.225400,111.530780,105.964607,10700.002380,10.720472,47.201905,84.377967,14.106592,12.777203
19-Jun-2023 07:16:21,117.236740,116.382590,109.641220,11089.107314,6.860651,39.146806,84.410020,14.101925,9.956343
19-Jun-2023 07:17:21,114.820190,113.952320,107.852915,11013.475971,5.789497,30.129218,84.480040,14.105348,11.160453
19-Jun-2023 07:18:21,117.233000,114.544620,109.385684,11189.621696,5.717175,45.470646,84.289272,14.114995,9.164251
19-Jun-2023 07:19:21,117.237990,114.009680,110.152113,11315.011133,7.161314,38.060032,84.129627,14.144870,8.935699
19-Jun-2023 07:20:21,120.309190,120.012420,114.606206,11694.166045,5.674438,77.422373,83.970602,14.174435,9.432872
19-Jun-2023 07:21:21,119.105900,117.098330,111.318379,11351.832601,6.129188,53.920050,83.486370,14.189683,8.766635
19-Jun-2023 07:22:21,114.815200,116.467390,109.196906,11115.978760,5.335319,46.885268,83.260128,14.166033,8.513043
19-Jun-2023 07:23:21,112.980960,110.313770,105.753636,10774.635527,5.539459,80.975714,83.311475,14.149227,11.089698
19-Jun-2023 07:24:21,111.763960,110.258910,105.020542,10682.090744,2.211285,50.087663,83.670915,14.152650,4.045372
19-Jun-2023 07:25:21,113.605680,112.778960,107.086486,10856.240077,7.375930,64.911453,83.152140,14.171635,11.961942
19-Jun-2023 07:26:21,115.357620,115.795290,110.329838,11155.786832,7.754290,66.265723,82.793013,14.194353,13.408390
19-Jun-2023 07:27:21,112.377450,112.770230,107.086486,10923.909806,7.563675,57.165841,82.430455,14.178480,15.230523
19-Jun-2023 07:28:21,111.138000,110.209030,102.821259,10611.434411,9.361390,60.887066,82.208568,14.143625,15.913038
19-Jun-2023 07:29:21,108.099220,109.009480,99.677822,10411.403843,11.798935,57.334097,82.214480,14.075160,18.405790
19-Jun-2023 07:30:21,107.447070,106.622850,98.800338,10446.236903,7.183019,69.884224,82.473712,14.025680,14.526715
19-Jun-2023 07:31:21,111.739020,109.015720,101.643852,10805.491773,7.850301,51.191020,82.389065,14.041863,11.805402
19-Jun-2023 07:32:21,120.291730,117.644490,110.840820,11732.983906,7.277310,36.267521,82.578592,14.046220,9.248154
19-Jun-2023 07:33:21,130.155000,127.466610,121.048433,12737.097593,4.758832,41.332543,82.511995,14.080453,7.690890
19-Jun-2023 07:34:21,140.608060,139.099270,131.500530,13708.374612,8.192082,39.836432,82.292282,14.089788,13.724603
19-Jun-2023 07:35:21,143.085720,141.002090,132.378015,13866.608702,5.776921,44.282220,82.442280,14.097257,9.055297
19-Jun-2023 07:36:21,150.342880,146.527250,138.431546,14447.782591,8.021973,42.520544,82.161265,14.075160,11.687057
19-Jun-2023 07:37:21,149.139590,145.276580,137.787315,14482.615651,6.281660,37.873030,82.516975,14.073605,9.779140
19-Jun-2023 07:38:21,159.075170,157.207240,147.939489,15414.084599,4.753198,48.319517,82.259295,14.090097,7.893768
19-Jun-2023 07:39:21,160.318360,157.802050,148.583721,15483.750720,7.124267,110.371017,82.044565,14.105970,13.504195
19-Jun-2023 07:40:21,164.530500,161.960570,153.626429,15989.293266,7.500067,79.919400,81.777863,14.107838,13.264361
19-Jun-2023 07:41:21,160.908160,157.769630,150.038768,15628.042003,7.074537,53.287615,81.987302,14.099435,10.133546
19-Jun-2023 07:42:21,156.204710,153.729550,146.162237,15278.745141,9.031399,30.557980,82.068838,14.069560,12.893672
19-Jun-2023 07:43:21,151.577340,146.597080,142.830023,14995.121615,8.602635,44.516652,81.980768,14.041863,12.162943
19-Jun-2023 07:44:21,151.569860,146.690600,140.519684,14873.708993,5.997539,60.456256,82.265518,14.038750,8.406595
19-Jun-2023 07:45:21,157.413000,153.718320,143.663121,15177.240548,9.169678,32.572931,81.993527,14.055867,13.723979
19-Jun-2023 07:46:21,157.932980,155.496450,144.673855,15353.378288,9.680261,40.011332,81.931288,13.995183,13.752153
19-Jun-2023 07:47:21,158.560180,154.382940,143.785318,15328.503234,9.031922,49.345459,82.364792,13.957838,13.483531
19-Jun-2023 07:48:21,162.112690,158.462920,147.328503,15585.255314,6.883924,40.561560,82.375062,13.967173,10.908114
19-Jun-2023 07:49:21,169.422220,164.428250,156.692055,16282.874799,6.970283,51.066542,82.304107,13.962818,11.962570
19-Jun-2023 07:50:21,176.802820,173.045810,164.456170,16837.185227,3.994286,106.855550,82.520398,14.031593,7.028410
19-Jun-2023 07:51:21,168.460840,167.491960,157.924990,16205.239078,3.028673,89.880460,82.139793,14.084497,6.985830
19-Jun-2023 07:52:21,160.891950,156.599980,147.128584,15208.088808,5.893021,52.132980,81.512407,14.110015,9.196811
19-Jun-2023 07:53:21,153.960230,151.447660,141.430504,14787.129432,6.250196,47.893675,81.432117,14.123085,10.096605
19-Jun-2023 07:54:21,151.553650,145.296530,143.307671,15122.499458,5.653411,41.660054,81.724025,14.131800,8.472339
19-Jun-2023 07:55:21,159.060200,148.365240,146.873138,15674.821479,4.091761,72.026273,81.773195,14.175990,6.176202
19-Jun-2023 07:56:21,162.701250,157.217220,153.082201,16460.018721,7.254144,37.512614,81.104733,14.192173,14.739613
19-Jun-2023 07:57:21,176.186830,168.730180,162.034686,17444.232365,12.210171,41.623120,81.106910,14.119040,19.072671
19-Jun-2023 07:58:21,193.966890,184.809400,174.030692,18501.098735,10.467036,42.573417,81.734295,13.988025,16.681343
19-Jun-2023 07:59:21,216.015200,189.764720,194.101966,20326.224951,10.537845,91.458018,82.033983,13.939165,15.449054
19-Jun-2023 08:00:21,216.053860,197.368520,197.567430,20558.093991,10.535809,44.645636,81.658673,13.903687,15.968768
19-Jun-2023 08:01:21,222.440690,195.792400,203.931936,21123.344651,10.620187,44.849979,81.931598,13.869145,15.116564
19-Jun-2023 08:02:21,212.835520,189.698640,197.523043,20524.259127,9.306860,66.127382,82.085020,13.845493,17.213581
19-Jun-2023 08:03:21,218.413050,189.758490,201.854850,20963.130139,10.350412,47.255431,81.858155,13.861987,15.362646
19-Jun-2023 08:04:21,225.182690,189.682430,209.274655,21750.299818,10.697047,53.789006,81.740207,13.850473,18.266157
19-Jun-2023 08:05:21,209.862840,186.643640,194.279602,20366.033022,6.925825,70.722036,82.043008,13.856697,9.910010
19-Jun-2023 08:06:21,201.345020,185.444090,184.071989,19437.542693,5.385361,53.821636,81.816142,13.905868,8.071595
19-Jun-2023 08:07:21,196.501900,185.530130,178.429258,18832.483961,6.726758,41.797373,81.399753,13.987090,13.733370
19-Jun-2023 08:08:21,194.023000,186.668580,174.408336,18438.396031,10.371442,42.325583,81.137097,13.961883,16.696997
19-Jun-2023 08:09:21,190.926870,182.924040,171.920272,18144.830469,9.403291,48.049748,81.217078,13.936675,15.004477
19-Jun-2023 08:10:21,186.577550,181.730730,170.587422,17987.594575,7.928833,51.813427,81.375790,13.897775,12.173587
19-Jun-2023 08:11:21,185.935380,181.830480,170.009860,17905.990025,9.412004,62.827583,81.189380,13.899955,17.602425
19-Jun-2023 08:12:21,181.779360,175.599530,166.833088,17618.389684,7.773335,57.272984,81.167907,13.883150,12.201761
19-Jun-2023 08:13:21,173.661800,165.742520,160.379720,17087.964099,10.849882,52.769910,80.811268,13.880038,17.747696
19-Jun-2023 08:14:21,174.946140,166.924610,158.535888,16968.547870,8.940502,58.475331,80.970915,13.851717,11.960689
19-Jun-2023 08:15:21,176.817780,170.054420,161.268346,17279.034857,6.512764,42.784884,80.983675,13.851095,10.401544
19-Jun-2023 08:16:21,182.972670,174.290250,167.443985,17891.057007,8.951616,50.147558,80.889692,13.852963,12.044598
19-Jun-2023 08:17:21,187.184810,177.368930,171.387186,18302.066362,10.749382,60.833730,80.774857,13.858253,15.932450
19-Jun-2023 08:18:21,185.956580,180.291770,172.675560,18448.354038,8.253342,51.612654,80.803800,13.853273,13.827923
19-Jun-2023 08:19:21,184.141050,180.531180,169.576599,18223.448416,10.507841,41.056953,80.887512,13.838957,15.056449
19-Jun-2023 08:20:21,185.356810,178.600930,170.009860,18307.041373,2.990334,71.376776,81.207118,13.871322,5.056001
19-Jun-2023 08:21:21,190.905670,183.531300,175.230293,18790.687483,4.642622,54.501873,80.932015,13.930762,8.787299
19-Jun-2023 08:22:21,196.506890,189.148740,180.528537,19265.381767,8.524052,45.854170,80.660335,13.956283,15.467837
19-Jun-2023 08:23:21,201.381180,190.911900,181.061712,19316.130071,8.545864,44.352709,80.894982,13.946945,15.773405
19-Jun-2023 08:24:21,207.997400,198.848630,188.792581,20056.536246,7.905298,72.239809,81.206495,13.949125,10.207435
19-Jun-2023 08:25:21,214.109890,200.182880,190.858615,20340.151787,5.870112,53.977325,81.092907,13.987712,14.457842
19-Jun-2023 08:26:21,216.591280,206.368910,196.545554,20874.554186,9.461000,61.967011,80.848925,13.999850,14.095921
19-Jun-2023 08:27:21,221.495510,212.977670,201.366150,21279.590334,3.160967,49.126681,81.287098,14.041550,6.127364
19-Jun-2023 08:28:21,219.002850,214.910420,202.210301,21308.450188,4.549954,48.261779,80.780460,14.085743,7.885629
19-Jun-2023 08:29:21,226.938370,221.580300,207.952857,21840.856194,3.638732,42.900276,80.867595,14.118108,5.687797
19-Jun-2023 08:30:21,228.149140,221.661350,209.763355,22025.961730,6.550179,49.122175,80.633883,14.163232,9.669562
19-Jun-2023 08:31:21,237.608390,227.703990,217.516328,22771.334930,6.428651,51.920946,80.710127,14.171945,10.428471
19-Jun-2023 08:32:21,236.435020,227.699000,216.449977,22795.219773,5.396110,66.369210,81.299545,14.165720,8.831132
19-Jun-2023 08:33:21,238.206910,230.302600,217.072015,22929.569020,3.610759,100.439694,81.108778,14.217070,10.166735
19-Jun-2023 08:34:21,244.308160,233.185510,220.304225,23142.536214,4.628432,80.212319,80.428800,14.254725,10.067802
19-Jun-2023 08:35:21,255.944580,241.377870,233.988532,24446.196656,5.644123,72.716724,80.687098,14.302962,8.869955
19-Jun-2023 08:36:21,271.064900,244.538850,247.717316,25664.275733,6.591610,32.061776,80.968425,14.334705,8.630760
19-Jun-2023 08:37:21,282.824750,237.169460,261.168280,26793.786842,5.452413,53.266809,81.398197,14.311053,7.863084
19-Jun-2023 08:38:21,258.973380,236.053460,238.187179,24680.062089,2.386900,68.030209,81.628798,14.326925,4.409175
19-Jun-2023 08:39:21,255.907170,231.433570,231.256163,24160.584723,5.025001,65.622238,81.213653,14.357422,9.781645
19-Jun-2023 08:40:21,222.600290,211.273120,203.398849,21555.252246,3.713347,73.681182,81.274960,14.441447,6.146147
19-Jun-2023 08:41:21,196.505640,182.930280,183.783208,19709.219805,7.506016,74.685837,80.371540,14.469455,10.615694
19-Jun-2023 08:42:21,176.804070,168.513210,162.323556,17643.264738,6.864929,52.842837,80.483883,14.376405,9.233753
19-Jun-2023 08:43:21,186.000220,171.273920,169.721079,18224.438626,7.054761,65.155153,81.301723,14.255657,10.338305
19-Jun-2023 08:44:21,180.149620,168.105460,164.311779,17716.907674,7.484517,49.318931,81.552242,14.207423,11.494824
19-Jun-2023 08:45:21,169.795060,163.219970,155.747901,16901.868352,4.748085,39.546217,82.076930,14.180035,7.474240
19-Jun-2023 08:46:21,169.406010,159.687410,155.570265,16854.098666,6.068451,45.929256,82.101515,14.181903,8.626378
19-Jun-2023 08:47:21,163.345910,156.656100,148.094932,16191.304256,6.099082,35.559720,81.907325,14.171322,10.132923
19-Jun-2023 08:48:21,155.658550,152.624760,141.797095,15689.746511,4.845711,34.771590,82.226618,14.153273,7.409120
19-Jun-2023 08:49:21,151.568610,146.604560,138.898053,15471.804306,3.607735,34.090313,82.628075,14.147050,5.600760
19-Jun-2023 08:50:21,151.563620,146.665660,139.275697,15531.512421,4.353443,60.898687,82.556808,14.189683,7.602601
19-Jun-2023 08:51:21,151.019960,146.612040,139.864400,15483.750720,5.890519,38.485594,81.876825,14.186883,8.095392
19-Jun-2023 08:52:21,145.462370,141.018300,136.654383,15003.083229,3.024201,43.332490,82.511995,14.157318,4.468033
19-Jun-2023 08:53:21,146.050920,141.007080,134.332903,14688.611442,7.172270,48.917648,81.664898,14.146428,11.233717
19-Jun-2023 08:54:21,147.257970,145.282810,135.277057,14812.012471,4.725856,56.902820,82.227863,14.124952,6.809879
19-Jun-2023 08:55:21,154.515110,152.996350,141.430504,15417.071202,5.409622,39.653170,82.371328,14.126197,8.878094
19-Jun-2023 08:56:21,161.530380,159.591400,149.450064,16036.064755,8.125655,41.599876,82.172467,14.119975,11.045865
19-Jun-2023 08:57:21,174.974820,169.995810,159.380038,16694.874365,8.270298,43.796108,82.768428,13.992380,12.254361
19-Jun-2023 08:58:21,185.040090,181.722000,168.499195,17350.689386,10.726058,41.911361,82.761270,13.926095,16.848526
19-Jun-2023 08:59:21,192.004220,192.120180,176.307696,17875.141764,7.571500,43.961831,83.634815,13.829622,15.962505
19-Jun-2023 09:00:21,199.512030,196.990700,183.916457,18329.928020,9.630585,33.898344,83.701723,13.833668,15.440287
19-Jun-2023 09:01:21,198.236380,199.533220,185.249307,18310.019991,6.221287,84.593088,84.010435,13.838957,10.997027
19-Jun-2023 09:02:21,185.374260,185.425390,176.729816,17526.835112,7.963322,133.749259,83.199130,13.884705,10.909990
19-Jun-2023 09:03:21,182.334240,180.537410,173.019958,17241.223179,6.648121,41.136211,83.309920,13.931697,11.064024
19-Jun-2023 09:04:21,190.282200,189.716090,177.818361,17780.600588,9.227127,38.544459,82.958260,13.891552,12.018295
19-Jun-2023 09:05:21,201.330050,192.120180,188.659332,18821.535743,7.258682,42.986040,83.742802,13.838957,12.640704
19-Jun-2023 09:06:21,212.308070,210.044890,199.666709,19903.277167,9.036042,42.157227,83.872885,13.822775,11.739653
19-Jun-2023 09:07:21,226.959570,219.830820,211.518325,21070.607940,5.076087,38.157332,84.139585,13.829932,8.261952
19-Jun-2023 09:08:21,248.608840,248.925560,231.289498,22878.812731,7.247358,45.282286,83.557325,13.892175,10.241247
19-Jun-2023 09:09:21,279.087690,271.472640,261.246091,25679.200766,8.061317,64.296249,82.830977,13.922673,13.157912
19-Jun-2023 09:10:21,290.675460,285.048050,274.152828,26867.421793,13.390487,37.419912,83.007430,13.852027,17.468426
19-Jun-2023 09:11:21,251.627660,244.144820,239.242300,23539.602763,10.145762,37.154265,83.626413,13.808460,16.918033
19-Jun-2023 09:12:21,258.978370,245.715950,245.762338,24045.145308,8.133065,68.829181,83.646952,13.796013,14.184205
19-Jun-2023 09:13:21,238.218140,226.453320,227.979477,22436.963100,4.744742,39.931380,83.955665,13.819352,8.460443
19-Jun-2023 09:14:21,212.293110,208.686960,203.465429,19949.058445,3.619370,75.769758,84.192800,13.890930,6.225045
19-Jun-2023 09:15:21,187.829470,186.070050,178.373730,17415.372512,5.177838,72.732006,83.444670,14.030970,9.026494
19-Jun-2023 09:16:21,171.907360,170.014520,167.577324,16315.719453,1.709116,112.123240,83.325480,14.124952,3.252651
19-Jun-2023 09:17:21,169.399780,169.366110,163.334290,15894.752090,3.410652,27.286498,82.569257,14.195907,8.746600
19-Jun-2023 09:18:21,173.125610,173.639350,166.921951,16207.227485,2.886363,93.888311,82.785543,14.194353,5.993989
19-Jun-2023 09:19:21,192.180030,192.721200,184.605076,17932.853486,10.993431,33.024166,82.300062,14.118730,14.936227
19-Jun-2023 09:20:21,221.435660,219.825830,209.063595,20371.008033,7.839969,32.208579,83.452138,13.944768,12.860483
19-Jun-2023 09:21:21,256.491980,248.994140,243.796398,23782.420021,8.159520,42.038654,83.888755,13.904623,10.879306
19-Jun-2023 09:22:21,284.139040,280.911950,280.439612,27248.573098,6.220661,53.391288,83.953798,13.877858,9.707757
19-Jun-2023 09:23:21,308.565250,302.387940,299.077854,29044.839460,5.423504,67.547194,84.068943,13.877235,8.710910
19-Jun-2023 09:24:21,270.562380,261.125590,265.900103,25733.933870,7.632240,50.204831,83.821847,13.883460,10.239995
19-Jun-2023 09:25:21,226.394710,224.645260,221.259521,21383.083334,4.616069,57.045395,84.219875,13.900888,6.797983
19-Jun-2023 09:26:21,214.791960,213.008850,207.475210,20023.691592,9.420353,43.257312,83.259505,13.916760,13.812892
19-Jun-2023 09:27:21,204.984810,201.080670,197.700679,19194.725435,9.990106,40.504287,84.234190,13.743420,13.876761
19-Jun-2023 09:28:21,195.235020,193.008000,189.925513,18566.772071,7.981900,39.638169,84.674853,13.710433,15.255568
19-Jun-2023 09:29:21,194.018010,189.709860,189.814457,18672.261464,7.276735,40.694476,85.182743,13.688335,12.908073
19-Jun-2023 09:30:21,188.428000,187.841940,185.249307,18293.106552,8.910290,36.917581,84.620392,13.693627,14.073375
19-Jun-2023 09:31:21,183.917850,182.346710,177.729498,17552.708362,6.777111,60.382310,84.731180,13.699850,11.291323
19-Jun-2023 09:32:21,181.412760,173.048300,178.107142,17533.798530,5.403257,58.617248,84.689792,13.745908,7.838038
19-Jun-2023 09:33:21,185.325630,184.758280,179.173404,17669.137988,7.881504,70.954301,84.287407,13.763335,11.881167
19-Jun-2023 09:34:21,206.219280,199.534470,203.221124,20174.954279,5.158634,65.909822,84.460435,13.782630,7.902535
19-Jun-2023 09:35:21,219.015320,213.018820,216.238917,21582.115707,2.566116,89.003922,84.380455,13.847673,4.885684
19-Jun-2023 09:36:21,226.363540,221.680060,222.903345,22130.452927,6.853488,75.927651,83.216248,13.913647,13.450347
19-Jun-2023 09:37:21,234.136920,227.721450,229.623391,22540.456101,8.640152,63.244238,83.300273,13.884082,10.600040
19-Jun-2023 09:38:21,263.890050,256.917190,253.981818,24946.764191,10.356049,62.334067,83.418217,13.863233,14.775302
19-Jun-2023 09:39:21,262.661820,257.484540,252.038071,24737.773811,7.894237,52.640742,83.679940,13.815618,10.357716
19-Jun-2023 09:40:21,251.071530,246.422960,240.197596,23560.501002,8.166773,65.812229,83.802552,13.771428,13.246826
19-Jun-2023 09:41:21,243.727090,240.221960,236.110094,23142.536214,8.645006,60.267377,83.957220,13.752133,14.048330
19-Jun-2023 09:42:21,242.478910,239.768070,232.389095,22823.081431,9.101428,57.626089,83.673715,13.796013,15.767772
19-Jun-2023 09:43:21,233.312700,229.005790,223.547577,21969.232234,9.875465,51.854202,83.537098,13.788855,13.181705
19-Jun-2023 09:44:21,206.839000,200.765190,201.277288,20011.753163,8.015921,58.238466,84.127138,13.765515,10.266922
19-Jun-2023 09:45:21,195.870950,184.810650,193.091143,19367.884557,6.285572,75.768297,84.218942,13.819975,11.744663
19-Jun-2023 09:46:21,183.512590,173.070750,179.717721,18093.075983,7.781162,73.518445,83.836785,13.853273,11.627570
19-Jun-2023 09:47:21,176.213020,165.725060,173.230929,17391.487669,4.269016,70.132240,83.777035,13.910223,7.405362
19-Jun-2023 09:48:21,178.055990,171.247730,172.086945,17067.065860,2.932340,59.916160,83.800685,14.085743,8.800448
19-Jun-2023 09:49:21,207.989920,202.585720,202.676807,20155.054236,5.921408,67.270389,82.885128,14.163232,9.289482
19-Jun-2023 09:50:21,238.213150,232.024620,232.255756,22848.962666,3.864149,136.771008,82.376618,14.179415,8.838018
19-Jun-2023 09:51:21,252.879620,253.959460,249.461144,24273.037534,4.438334,51.093443,82.049543,14.204933,8.367143
19-Jun-2023 09:52:21,295.074680,290.707880,291.613662,28259.658189,2.173208,105.227917,82.261472,14.294248,5.837450
19-Jun-2023 09:53:21,322.789030,318.743980,318.371380,30719.701186,10.228074,52.925710,81.092907,14.304205,14.877993
19-Jun-2023 09:54:21,320.953550,320.519610,314.461603,30324.615060,9.370413,38.560399,82.075995,14.173190,11.524879
19-Jun-2023 09:55:21,303.733380,303.168520,295.001404,28586.068405,9.841656,42.146445,81.943735,14.100680,15.174794
19-Jun-2023 09:56:21,272.961510,271.515040,263.078782,25589.634601,8.331193,38.151144,82.405870,14.062090,12.284416
19-Jun-2023 09:57:21,243.061230,241.437730,235.965703,22974.352103,7.879052,45.988498,82.146017,14.051510,10.193662
19-Jun-2023 09:58:21,224.508100,221.620200,216.583315,21100.458004,7.098646,50.860797,82.293838,14.035327,10.379633
19-Jun-2023 09:59:21,214.754550,208.841580,208.352695,20283.430276,8.282561,56.055633,82.278588,14.082007,11.327012
19-Jun-2023 10:00:21,206.269160,204.477310,202.765670,19781.872530,7.810436,42.814882,82.054213,14.045285,12.109718
19-Jun-2023 10:01:21,211.684600,210.072320,205.353737,20082.409496,5.342782,50.180739,82.271120,14.025368,8.241288
19-Jun-2023 10:02:21,220.234860,216.469080,215.872414,21172.112533,6.270963,31.595064,82.216660,14.059290,11.659507
19-Jun-2023 10:03:21,233.665580,232.558310,228.879155,22455.872932,5.379777,21.493370,82.503592,14.095700,9.154859
19-Jun-2023 10:04:21,256.342350,240.225700,256.514357,25153.758177,8.289660,51.208643,81.993837,14.144870,14.393969
19-Jun-2023 10:05:21,279.736100,256.910950,281.816938,27604.841364,10.413705,28.918719,82.254315,14.112505,14.288149
19-Jun-2023 10:06:21,284.695170,267.183200,289.747637,28397.984250,4.741359,86.274603,82.478692,14.100057,11.013305
19-Jun-2023 10:07:21,297.516170,290.055730,291.313740,28547.258530,7.888078,45.244424,82.200787,14.104102,11.191761
19-Jun-2023 10:08:21,300.021260,295.620830,293.801804,28748.279309,7.967654,53.710083,81.657117,14.121842,10.839235
19-Jun-2023 10:09:21,310.848380,304.860610,301.465914,29516.547141,8.021608,54.301743,81.639378,14.140203,12.821665
19-Jun-2023 10:10:21,309.764800,296.857790,299.466550,29585.215067,5.497085,88.417691,80.917077,14.197153,8.800448
19-Jun-2023 10:11:21,319.147990,303.961570,312.106788,31131.692767,4.205982,75.008848,81.324130,14.308252,6.037198
19-Jun-2023 10:12:21,332.649820,321.757820,333.188618,33334.999656,2.871014,99.658604,80.984297,14.399122,7.285765
19-Jun-2023 10:13:21,623.821870,324.644470,589.602883,55298.242711,2.346622,69.808949,80.829630,14.595492,4.010936
19-Jun-2023 10:14:21,356.740630,329.665910,350.316195,35444.747594,7.015521,89.292607,79.665410,14.663023,10.476685
19-Jun-2023 10:15:21,352.764120,317.566880,345.939912,35365.131451,4.299543,66.967713,79.366968,14.705968,5.479909
19-Jun-2023 10:16:21,374.743860,351.315180,364.800266,37394.265050,2.210133,213.828524,79.359187,14.882110,4.302103
19-Jun-2023 10:17:21,377.835030,330.931540,378.484752,38634.240563,4.669251,145.496874,78.358670,15.003477,9.985146
19-Jun-2023 10:18:21,430.586660,380.911210,425.435673,43595.116855,9.337279,79.398824,78.532322,14.909185,13.017651
19-Jun-2023 10:19:21,700.087000,385.719380,616.904828,61348.830026,9.926919,93.594466,78.773815,14.766652,14.641303
19-Jun-2023 10:20:21,554.539600,375.348620,604.175816,59578.436914,5.328068,66.658865,79.641760,14.722773,6.799235
19-Jun-2023 10:21:21,624.995240,453.750980,562.678581,54881.268134,5.619283,39.812995,79.057632,14.893625,10.126036
19-Jun-2023 10:22:21,912.743350,512.075160,1007.163028,90297.123933,9.481140,51.220737,78.421223,14.928477,13.117837
19-Jun-2023 10:23:21,623.259510,537.404200,597.922277,56627.776403,10.550106,51.878226,79.280142,14.762918,16.351982
19-Jun-2023 10:24:21,497.437400,491.191490,469.687381,45123.682920,9.592443,35.707728,79.447880,14.711260,13.769059
19-Jun-2023 10:25:21,437.350030,425.232320,410.685014,39997.609120,9.791041,36.399030,79.956395,14.551613,13.965674
19-Jun-2023 10:26:21,420.129870,407.396130,392.046861,38574.532449,11.051559,43.453873,80.295605,14.480348,15.442792
19-Jun-2023 10:27:21,435.563170,395.971700,424.380462,41725.207557,8.339595,58.588099,80.402347,14.469765,14.964406
19-Jun-2023 10:28:21,438.614420,411.760410,418.593519,41199.772954,8.999621,55.900319,80.239278,14.537920,12.156051
19-Jun-2023 10:29:21,405.599300,385.786720,396.445338,39450.270096,9.795057,51.395834,79.729830,14.628480,14.485392
19-Jun-2023 10:30:21,418.361680,395.254720,400.244058,39871.229473,9.070430,76.074340,79.370703,14.644973,13.037062
19-Jun-2023 10:31:21,392.239630,378.603140,375.774487,37533.589308,6.712251,48.283142,79.529725,14.672980,9.256922
19-Jun-2023 10:32:21,384.054730,367.923140,366.888404,36520.515810,10.306528,35.699948,79.993117,14.669870,14.311942
19-Jun-2023 10:33:21,483.874480,335.285830,464.777922,45294.853635,10.196845,48.627163,79.556490,14.672360,13.500438
19-Jun-2023 10:34:21,347.320010,345.756350,329.623151,32880.197429,6.405588,41.646930,79.718315,14.669247,12.163566
19-Jun-2023 10:35:21,338.140080,314.491920,332.422189,33071.284158,6.645200,47.922090,80.313655,14.732110,9.693355
19-Jun-2023 10:36:21,361.304400,335.285830,357.113962,35415.887741,7.342798,47.751856,79.687505,14.806798,15.262460
19-Jun-2023 10:37:21,358.251910,336.545250,347.783745,34638.660098,7.103289,81.773311,79.600992,14.886465,10.485453
19-Jun-2023 10:38:21,338.738610,334.651140,324.380435,32557.764027,7.900600,47.504302,79.186470,14.938438,12.233697
19-Jun-2023 10:39:21,343.005610,343.211360,325.802237,32719.974932,7.048341,52.431803,78.555972,14.938125,12.125372
19-Jun-2023 10:40:21,350.347560,346.763880,333.710653,33355.897895,10.772447,38.650288,79.121117,14.771320,17.107757
19-Jun-2023 10:41:21,359.468910,355.537300,341.730213,34109.240695,12.272886,45.210957,79.179313,14.664578,15.738969
19-Jun-2023 10:42:21,437.697920,363.622450,430.911552,42120.285698,8.602217,36.266674,80.306498,14.555035,13.152902
19-Jun-2023 10:43:21,406.727770,375.362340,394.368252,38758.639789,4.180464,51.181466,79.997473,14.671115,6.445453
19-Jun-2023 10:44:21,382.714270,377.328750,368.865753,36627.993611,5.719209,36.155408,80.175170,14.885222,12.625050
19-Jun-2023 10:45:21,357.672080,358.037440,336.676364,33664.396475,5.556302,46.538727,78.793420,14.983250,7.903159
19-Jun-2023 10:46:21,336.255970,332.951570,322.092379,32201.495761,5.198086,80.925113,78.448297,15.050157,8.372782
19-Jun-2023 10:47:21,332.023860,316.965860,309.918647,30899.823727,9.059212,71.699627,78.001723,15.080657,12.635694
19-Jun-2023 10:48:21,320.947310,319.946030,301.554777,30144.492519,8.661963,31.127897,78.686990,15.071633,11.538028
19-Jun-2023 10:49:21,357.046120,342.667690,331.178202,33138.953887,6.420094,62.976348,78.682322,15.052338,10.752822
19-Jun-2023 10:50:21,360.694650,338.354550,336.576360,33733.064401,6.630800,62.109282,78.873710,15.047048,13.596866
19-Jun-2023 10:51:21,377.821310,358.597310,358.624538,35743.296153,6.041891,67.203550,78.503690,15.110843,8.370900
19-Jun-2023 10:52:21,391.604940,367.908180,374.108379,37358.441779,5.695729,62.476917,77.997675,15.206692,11.633209
19-Jun-2023 10:53:21,372.301120,340.264850,363.700580,36764.331265,5.457002,41.509608,77.385540,15.272045,9.687721
19-Jun-2023 10:54:21,360.704630,343.192650,342.252248,35185.008911,3.885543,134.437632,76.867073,15.436672,6.781705
19-Jun-2023 10:55:21,362.511430,350.075730,348.005857,35997.061629,4.291243,61.153291,76.830973,15.504515,8.051559
19-Jun-2023 10:56:21,407.378670,376.700300,388.337003,39815.498173,6.562233,73.997247,76.089687,15.552440,10.185518
19-Jun-2023 10:57:21,425.699920,388.688370,416.449764,42284.485010,7.690733,49.630791,75.817698,15.553372,9.859291
19-Jun-2023 10:58:21,475.931490,413.506120,469.609659,47324.985430,6.265067,61.284881,76.116140,15.538435,9.432248
19-Jun-2023 10:59:21,486.284800,432.584250,479.728410,48371.893793,6.467368,54.408042,76.130768,15.556175,10.203677
19-Jun-2023 11:00:21,684.268400,519.544320,655.180904,63566.047780,9.379965,52.153410,75.862820,15.530655,14.325096
19-Jun-2023 11:01:21,719.377130,573.855890,694.523242,66674.942380,8.288144,65.616427,76.504210,15.514162,13.203622
19-Jun-2023 11:02:21,607.472050,556.037190,562.589719,54456.331943,8.693741,54.398575,76.441035,15.524432,12.955035
19-Jun-2023 11:03:21,567.875600,524.413620,548.583117,53699.012329,10.728615,31.702213,76.371638,15.503580,14.531102
19-Jun-2023 11:04:21,557.052200,521.261350,533.610347,51804.227977,3.785250,78.943983,77.232112,15.526610,6.774814
19-Jun-2023 11:05:21,535.874210,505.895370,515.283169,49927.347275,9.327472,63.778816,76.287300,15.697150,13.980704
19-Jun-2023 11:06:21,599.142540,541.648760,578.862005,55278.342668,6.991936,69.808656,75.463547,15.799845,11.005166
19-Jun-2023 11:07:21,532.764330,516.994340,503.920342,48247.502553,5.092679,51.451704,75.439585,15.852128,7.603229
19-Jun-2023 11:08:21,456.121400,448.496390,434.299294,41922.251522,6.393430,48.979140,74.696433,16.027335,11.329517
19-Jun-2023 11:09:21,404.261340,393.501530,373.941795,36411.049603,9.120524,57.528245,76.018423,15.898497,16.196066
19-Jun-2023 11:10:21,396.401890,392.344380,369.887628,36047.809933,5.289084,54.606586,77.160225,15.736982,9.545584
19-Jun-2023 11:11:21,442.930080,419.175920,427.479423,41315.204384,7.901281,65.287133,76.409915,15.757833,11.450367
19-Jun-2023 11:12:21,487.587850,463.241440,472.897398,45362.523364,6.954618,108.792038,76.271740,15.769348,11.067782
19-Jun-2023 11:13:21,482.019020,469.262880,454.059326,43655.823166,8.886128,74.963876,75.741140,15.773083,12.263129
19-Jun-2023 11:14:21,419.528850,413.548520,402.398954,38857.157779,9.083581,63.833944,76.904727,15.676298,13.981957
19-Jun-2023 11:15:21,380.876300,372.347260,365.022378,35315.373358,7.654835,56.771215,76.447260,15.674430,13.677017
19-Jun-2023 11:16:21,342.489380,340.246150,326.957362,31488.959229,8.387287,33.615081,76.450995,15.620905,11.112238
19-Jun-2023 11:17:21,335.077590,329.738230,317.238448,30434.089253,9.163780,33.043288,77.227132,15.420490,12.291303
19-Jun-2023 11:18:21,349.111850,348.805110,331.644708,31769.596152,8.201839,30.534634,78.830765,15.277338,10.672047
19-Jun-2023 11:19:21,365.166150,359.842990,353.637268,33882.338680,5.748952,56.213780,79.114583,15.247150,8.850543
19-Jun-2023 11:20:21,402.809910,385.154520,391.335961,37437.059726,8.093200,59.068436,78.671740,15.370697,10.815438
19-Jun-2023 11:21:21,418.945240,418.443970,417.316108,39990.645702,4.732950,106.491667,78.040932,15.612503,9.668310
19-Jun-2023 11:22:21,437.969750,428.332190,431.411393,41162.951486,5.152686,85.259340,76.192072,15.739783,9.433501
19-Jun-2023 11:23:21,411.737970,408.641820,398.766818,37951.562082,2.167659,105.419050,75.717800,15.947667,4.731650
19-Jun-2023 11:24:21,403.091720,397.117630,393.301990,37346.503350,8.337716,67.457479,73.957630,16.055965,11.691439
19-Jun-2023 11:25:21,421.924200,403.772540,407.019632,38691.960271,4.568530,85.268718,73.715205,16.084908,8.881222
19-Jun-2023 11:26:21,442.936320,436.840030,433.110835,41287.342726,5.704123,49.626107,74.306490,16.073083,8.397827
19-Jun-2023 11:27:21,523.079380,490.020620,516.438383,49096.376739,8.026201,68.511260,74.363440,16.041650,13.225538
19-Jun-2023 11:28:21,530.940070,516.637720,516.871555,49257.589447,9.182412,56.248920,74.831495,15.888227,17.431484
19-Jun-2023 11:29:21,520.601720,504.395310,498.566570,47792.708311,6.562963,47.165160,75.092595,15.844660,8.999567
19-Jun-2023 11:30:21,493.730270,476.346720,482.349812,46260.165432,5.894429,52.565757,76.356077,15.800467,8.489245
19-Jun-2023 11:31:21,491.992020,488.156450,467.299320,44917.687129,6.196867,58.729655,76.154107,15.951090,11.262520
19-Jun-2023 11:32:21,510.134940,497.396250,475.285458,45840.204252,9.570839,25.073137,74.188855,15.975365,13.360805
19-Jun-2023 11:33:21,561.310470,536.780730,522.469632,50338.356630,7.051633,54.226209,74.408875,15.866755,14.104683
19-Jun-2023 11:34:21,785.002160,562.884100,721.525354,70020.681032,6.459437,130.981133,74.605865,15.931485,9.079090
19-Jun-2023 11:35:21,648.971330,562.871630,652.548449,62595.768957,9.091199,45.744688,74.590618,16.079305,13.548028
19-Jun-2023 11:36:21,724.301290,559.975010,686.925801,66312.700907,8.234504,44.088751,73.381285,16.087085,12.509210
19-Jun-2023 11:37:21,777.317320,558.575950,762.445026,73940.630154,8.721086,49.019263,73.218213,16.071838,13.481026
19-Jun-2023 11:38:21,1187.276500,557.355200,1161.466934,105659.454046,6.830020,43.740897,74.564787,16.074327,10.448506
19-Jun-2023 11:39:21,1016.562900,585.498530,996.244425,92443.685354,7.951115,54.648381,73.096532,16.341660,15.424009
19-Jun-2023 11:40:21,823.078630,620.588580,794.489846,75576.674019,4.101153,120.444190,72.084815,16.738442,8.906273
19-Jun-2023 11:41:21,668.721570,601.456850,649.405013,63602.869248,3.642228,101.514860,71.928580,16.899335,8.210604
19-Jun-2023 11:42:21,656.779660,598.416830,632.210855,61835.462739,3.837197,84.926123,70.202650,17.128380,7.448566
19-Jun-2023 11:43:21,802.920640,598.433040,775.729407,74827.316019,5.535952,128.215743,70.553687,17.183772,7.390332
19-Jun-2023 11:44:21,772.110080,608.765150,706.808030,68705.074176,5.868862,67.127640,69.701302,17.361160,11.068410
19-Jun-2023 11:45:21,715.405650,598.456730,680.283566,66587.372608,4.457020,52.765314,69.825785,17.333150,7.935719
19-Jun-2023 11:46:21,821.183290,540.547720,775.840552,74823.339205,4.220852,54.723741,68.964060,17.315723,6.457978
19-Jun-2023 11:47:21,572.318420,527.756650,532.121965,53548.747839,8.964243,47.326862,69.287087,17.172260,16.155991
19-Jun-2023 11:48:21,669.684200,527.691810,628.090019,62039.470122,7.208067,42.222094,70.867690,16.981803,10.265045
19-Jun-2023 11:49:21,751.899730,555.557090,718.148664,69781.840588,6.278059,78.756889,69.790307,17.109398,10.726524
19-Jun-2023 11:50:21,724.979620,568.520270,691.824119,67567.609438,4.351616,83.936172,69.286465,17.156388,7.008999
19-Jun-2023 11:51:21,788.706820,617.589690,763.877880,74388.452992,4.306533,80.549577,68.790720,17.229210,8.699009
19-Jun-2023 11:52:21,953.336100,602.762390,914.138582,85622.841800,3.756811,93.287450,68.671840,17.436470,10.698974
19-Jun-2023 11:53:21,757.099460,588.676990,725.368462,70226.676822,9.553362,56.524224,68.330140,17.444562,19.443360
19-Jun-2023 11:54:21,773.916890,580.711560,741.896372,71836.855423,8.188846,47.616407,68.867897,17.438025,12.092812
19-Jun-2023 11:55:21,710.920390,570.951790,634.587774,62320.107045,8.075197,38.032847,69.249120,16.964998,10.262540
19-Jun-2023 11:56:21,726.191640,574.847200,680.550154,66345.537575,5.540125,65.079593,71.285012,16.836160,9.975131
19-Jun-2023 11:57:21,793.435190,586.892600,744.906471,71701.507979,7.992490,61.543683,70.335223,16.889998,13.280639
19-Jun-2023 11:58:21,684.370650,556.825260,650.538033,63367.015407,6.639094,48.532669,71.605240,16.904935,10.598788
19-Jun-2023 11:59:21,629.814670,523.330010,601.843195,58940.533529,5.312570,153.324590,71.448705,16.983360,8.163018
19-Jun-2023 12:00:21,488.272420,469.087060,456.047549,45568.527140,6.306235,106.618594,70.746010,17.172883,8.717168
19-Jun-2023 12:01:21,552.545750,481.374350,525.190949,51464.873150,6.770850,24.417184,70.793625,17.227030,11.788496
19-Jun-2023 12:02:21,548.470780,491.329890,526.890391,52071.928274,8.576702,125.410229,69.901095,17.260640,14.202364
19-Jun-2023 12:03:21,526.776560,501.158250,492.712957,48492.308218,5.544771,99.928197,70.534392,17.123090,9.502379
19-Jun-2023 12:04:21,518.181420,478.366750,488.980906,48528.139475,5.765596,46.122913,71.365925,17.102550,13.530493
19-Jun-2023 12:05:21,498.684330,461.459570,468.132329,46242.245811,9.573343,43.874073,71.672150,16.908048,15.264336
19-Jun-2023 12:06:21,464.716560,446.801810,435.587758,43096.537728,7.683220,28.203993,73.075060,16.704210,13.329497
19-Jun-2023 12:07:21,446.043670,426.512920,413.817310,40913.162824,9.759939,61.811127,72.972363,16.590000,12.795362
19-Jun-2023 12:08:21,435.604320,429.076610,402.632208,39764.741883,11.243793,33.187828,73.850265,16.380560,15.470971
19-Jun-2023 12:09:21,446.087320,441.265430,416.760739,41175.888111,6.918154,30.249959,73.609085,16.397987,9.260050
19-Jun-2023 12:10:21,449.073720,425.711140,425.380055,41833.675568,7.833552,158.630069,73.539997,16.391453,13.404009
19-Jun-2023 12:11:21,438.629380,416.117200,418.637906,41246.544444,8.743937,19.607288,73.982527,16.387095,12.594990
19-Jun-2023 12:12:21,425.140040,387.059830,411.307052,40568.832987,7.928935,39.820767,73.219148,16.553587,11.341413
19-Jun-2023 12:13:21,423.233480,385.234330,405.420105,40014.530545,7.505964,55.633754,73.633670,16.495705,10.081579
19-Jun-2023 12:14:21,394.586360,390.613630,374.941478,37058.895024,9.058115,72.632105,74.525265,16.411680,12.408395
19-Jun-2023 12:15:21,399.412020,392.955370,381.550378,37692.813609,6.588009,76.953128,74.219352,16.535850,10.186771
19-Jun-2023 12:16:21,397.117630,388.803090,385.326905,37940.613864,3.751336,42.936078,73.748503,16.650995,5.593873
19-Jun-2023 12:17:21,387.604740,382.196800,374.774804,36777.267890,2.538062,39.842325,73.436990,16.820912,3.846881
19-Jun-2023 12:18:21,342.442000,336.631290,341.219231,33505.172175,7.888654,31.763893,72.697260,16.879108,14.463476
19-Jun-2023 12:19:21,317.392310,306.166150,311.995732,30590.326950,10.917978,39.852636,72.890518,16.640725,16.840387
19-Jun-2023 12:20:21,285.385970,273.601190,279.684325,27204.788212,5.609892,48.025376,74.218420,16.448402,7.879366
19-Jun-2023 12:21:21,247.425500,241.528750,243.263222,23432.124962,6.233498,55.125120,74.232112,16.453070,7.791700
19-Jun-2023 12:22:21,219.045250,217.403040,215.628020,20553.118980,3.947793,67.483726,74.607110,16.479833,5.556303
19-Jun-2023 12:23:21,198.902250,196.014350,195.712456,18468.254081,5.584271,45.194739,74.257942,16.532737,7.877485
19-Jun-2023 12:24:21,182.404070,181.238190,182.450269,17076.025671,1.646584,136.966458,74.928903,16.537095,5.409784
19-Jun-2023 12:25:21,175.584570,176.934990,177.729498,16569.484929,2.895544,58.457728,74.721953,16.589378,6.601992
19-Jun-2023 12:26:21,178.074690,179.322900,182.627994,17043.181017,4.271626,60.493096,74.744980,16.602447,7.520573
19-Jun-2023 12:27:21,194.041700,192.893280,195.523679,18342.864645,6.608514,73.218773,73.852132,16.603380,11.059014
19-Jun-2023 12:28:21,211.739470,205.805300,212.107028,20022.701381,5.336155,52.313322,73.662610,16.572260,8.740966
19-Jun-2023 12:29:21,231.265240,222.915770,232.511292,22044.871562,4.423678,63.625477,74.566655,16.419773,7.097289
19-Jun-2023 12:30:21,251.650100,244.548820,255.548010,24307.870595,3.205110,69.639203,74.715105,16.453070,6.121102
19-Jun-2023 12:31:21,272.941560,267.942580,278.484724,26603.706295,3.693207,29.877731,74.936060,16.516555,6.491162
19-Jun-2023 12:32:21,301.874200,292.883780,303.987313,29173.215500,4.598327,65.482045,75.517385,16.490102,6.970805
19-Jun-2023 12:33:21,322.052100,312.858440,324.846941,31359.584993,8.609316,37.698492,74.907430,16.374647,14.249955
19-Jun-2023 12:34:21,339.936910,337.248520,337.165064,32857.310782,4.337529,63.282950,74.985230,16.365623,7.377183
19-Jun-2023 12:35:21,352.806510,350.806430,347.506016,34240.595353,3.645782,45.665858,75.122470,16.400478,8.634517
19-Jun-2023 12:36:21,369.213710,359.911580,361.667971,36110.512637,4.560495,49.091995,74.864482,16.433775,7.818003
19-Jun-2023 12:37:21,403.090470,383.949980,391.136042,39510.976407,8.533340,55.685391,75.047782,16.444978,14.311942
19-Jun-2023 12:38:21,536.496430,436.892400,520.559219,52357.540208,7.689169,103.992862,75.221120,16.456805,10.734039
19-Jun-2023 12:39:21,535.870470,423.982890,511.584452,51787.306552,5.004081,75.387560,74.692700,16.636990,8.424754
19-Jun-2023 12:40:21,868.438430,414.145800,811.806201,77533.162879,4.672056,63.126979,73.503275,16.847362,7.617631
19-Jun-2023 12:41:21,725.782640,409.274030,764.266665,74155.577770,5.611507,88.936510,72.243215,16.998607,10.133546
19-Jun-2023 12:42:21,889.110140,405.040670,836.731227,79885.728076,8.601956,81.110407,71.312710,17.088545,11.886177
19-Jun-2023 12:43:21,1159.691500,395.967960,1111.461350,101811.159452,5.705590,41.687329,71.460532,16.978380,8.752862
19-Jun-2023 12:44:21,1067.239500,347.145440,1046.549843,96951.771783,5.374715,35.042014,72.074233,16.990518,7.954502
19-Jun-2023 12:45:21,1067.276800,318.283860,1021.402704,95323.689532,4.845816,87.788245,73.477135,17.127758,6.881263
19-Jun-2023 12:46:21,1033.592000,279.908170,1006.118959,94486.753774,6.098456,98.086347,71.360948,17.358358,12.669507
19-Jun-2023 12:47:21,1024.442600,261.772740,995.622476,93638.877785,8.374919,58.151476,71.385533,17.447050,13.216147
19-Jun-2023 12:48:21,1056.870200,281.091510,1021.025061,96085.984157,7.803860,45.423264,71.677127,17.543525,11.740905
19-Jun-2023 12:49:21,1144.355500,372.388400,1079.449865,99816.842943,5.082664,44.060716,72.244772,17.637507,9.389044
19-Jun-2023 12:50:21,406.232740,345.900990,355.525577,40069.263649,4.937131,83.979119,71.588435,17.690100,8.380921
19-Jun-2023 12:51:21,1134.023600,355.074680,1082.504439,99913.372525,5.391935,129.159481,70.585118,17.777548,8.034653
19-Jun-2023 12:52:21,1072.231200,283.556720,1028.433635,96442.252423,6.026447,92.453046,71.729100,17.664582,9.174271
19-Jun-2023 12:53:21,1049.986400,300.634750,1018.081632,95455.052175,2.323638,134.482532,72.421535,17.647777,6.300186
19-Jun-2023 12:54:21,1069.716700,284.155250,1025.456872,96100.909189,4.249183,108.647587,70.157837,17.789063,11.034598
19-Jun-2023 12:55:21,1022.675000,255.398420,985.092658,92469.558604,1.906288,151.282259,70.390305,17.893005,3.793657
19-Jun-2023 12:56:21,1029.334700,241.583620,984.304035,92154.096606,4.383415,84.509709,70.401510,17.992900,6.797359
19-Jun-2023 12:57:21,993.191950,393.624980,794.078868,78156.133246,1.322099,148.176119,68.990200,18.463127,8.360885
19-Jun-2023 12:58:21,511.469150,441.367670,440.886001,46313.900340,6.688562,27.432093,68.727235,18.200785,10.996398
19-Jun-2023 12:59:21,529.775430,503.700760,466.344025,47363.795306,5.420477,88.864284,70.212920,18.000993,11.606283
19-Jun-2023 13:00:21,827.447880,487.697580,608.218842,60104.877699,8.564804,29.859955,70.421425,17.935328,11.913104
19-Jun-2023 13:01:21,480.866850,442.634560,430.156265,43147.294017,5.635251,48.835191,71.013645,17.845390,13.313843
19-Jun-2023 13:02:21,478.506410,457.254860,418.193593,41395.810737,10.037646,95.585422,71.195075,17.668005,19.281182
19-Jun-2023 13:03:21,484.919410,474.744410,430.811638,42354.151131,6.836753,130.065048,72.123402,17.454830,9.781021
19-Jun-2023 13:04:21,504.140930,500.045980,447.239455,43863.807364,8.644848,43.864547,72.899852,17.355557,10.513003
19-Jun-2023 13:05:21,547.382200,494.505860,503.831479,49697.450670,8.703760,54.149628,74.121013,17.244770,12.682027
19-Jun-2023 13:06:21,547.389690,511.017770,491.668889,48386.826810,7.894862,118.663700,74.447465,17.253173,9.797299
19-Jun-2023 13:07:21,915.083840,519.634100,787.381105,74448.161107,4.321661,113.686198,74.164893,17.599853,9.858662
19-Jun-2023 13:08:21,482.111290,425.475470,416.960657,43622.978513,4.071879,41.535289,72.605145,18.001302,6.260734
19-Jun-2023 13:09:21,522.565640,385.301660,476.007500,50421.949588,7.261447,27.233256,70.969765,18.113025,9.586283
19-Jun-2023 13:10:21,1124.774600,372.364710,1071.041608,99199.845783,6.604917,92.861371,72.007635,17.818315,10.231856
19-Jun-2023 13:11:21,969.917880,325.567240,728.589620,72346.374782,6.201773,70.780940,73.023400,17.723088,9.086605
19-Jun-2023 13:12:21,1066.704200,315.878530,1023.790765,95004.242734,6.048571,178.866620,71.619867,18.005038,9.015850
19-Jun-2023 13:13:21,1122.372100,368.074020,1064.266124,98126.065974,6.420249,60.326352,70.527545,18.028377,10.621957
19-Jun-2023 13:14:21,1124.799500,366.254720,1084.992503,100365.188149,4.557575,51.802745,72.433982,17.883045,6.730986
19-Jun-2023 13:15:21,1162.193600,396.643800,1121.091579,102511.749570,5.945094,74.481417,70.285120,18.240308,12.573702
19-Jun-2023 13:16:21,582.089420,341.636480,529.944965,55868.468382,9.314267,16.909507,70.353585,18.203273,12.847963
19-Jun-2023 13:17:21,481.505280,383.421290,439.464289,46690.068649,9.541669,17.197060,70.882005,18.072568,12.170453
19-Jun-2023 13:18:21,483.708640,396.754780,416.060979,44582.317103,11.540332,92.360078,71.086777,17.957735,15.656942
19-Jun-2023 13:19:21,616.353980,361.365500,590.102724,59899.872119,6.433765,92.643391,71.338853,17.919458,10.305116
19-Jun-2023 13:20:21,1071.036200,297.004930,1037.397350,95823.258870,7.668608,53.411236,70.100575,17.980452,12.774074
19-Jun-2023 13:21:21,803.019150,239.239370,691.568672,69201.664896,7.767751,56.985399,70.405555,18.052340,13.247455
19-Jun-2023 13:22:21,973.020250,205.857670,943.928680,89368.633603,6.666906,64.399441,69.734290,18.270493,14.527344
19-Jun-2023 13:23:21,974.253470,216.260850,940.707522,89470.146182,9.525861,93.132409,67.982215,18.440720,15.809723
19-Jun-2023 13:24:21,990.830260,223.584120,954.314108,90245.377432,3.991772,105.981443,67.752238,18.686883,7.601348
19-Jun-2023 13:25:21,644.624520,223.612800,782.704899,78051.642049,4.624675,109.711286,67.343005,18.786777,9.026494
19-Jun-2023 13:26:21,1072.878500,285.913420,1028.655836,95750.614130,7.065563,87.201175,67.886987,18.853375,18.617450
19-Jun-2023 13:27:21,709.078670,318.376140,692.368436,69316.106114,5.590063,61.991272,67.949227,19.095185,8.248803
19-Jun-2023 13:28:21,430.129040,336.111320,395.079153,43219.938757,3.090627,95.043143,66.322255,19.434395,5.889422
19-Jun-2023 13:29:21,559.517380,349.643050,515.149920,54328.954099,1.912870,43.127869,65.588440,19.655972,5.444220
19-Jun-2023 13:30:21,1117.579600,385.291680,1088.946755,99807.891118,3.344248,81.230569,64.677237,19.804727,6.796730
19-Jun-2023 13:31:21,1115.762200,371.166410,1090.712777,98813.719467,2.869261,101.957102,64.589168,19.722257,7.226906
19-Jun-2023 13:32:21,897.474590,405.827490,1094.133854,100094.501248,5.852946,146.277154,66.243832,19.385537,7.997082
19-Jun-2023 13:33:21,572.945630,456.120160,492.335314,49583.009452,3.706201,76.075686,67.613130,19.114168,4.958320
19-Jun-2023 13:34:21,483.987950,472.332840,428.279098,43515.500712,5.732307,34.907798,68.077442,19.001825,8.438526
19-Jun-2023 13:35:21,473.071030,450.586250,413.517387,42075.502616,4.943966,57.503855,69.211778,18.935227,7.946992
19-Jun-2023 13:36:21,495.002140,439.535900,444.018297,44986.355055,2.158336,50.356126,68.414165,19.228690,10.564346
19-Jun-2023 13:37:21,585.759140,463.421000,576.351747,57884.665356,6.342498,60.960741,67.590410,19.115103,12.596871
19-Jun-2023 13:38:21,1238.911300,444.406450,1175.317825,104517.006312,3.874511,175.129266,67.432943,19.079313,7.423521
19-Jun-2023 13:39:21,590.761870,411.947450,491.691082,51034.969934,6.300810,76.704463,67.797672,19.104520,8.501771
19-Jun-2023 13:40:21,1173.471600,432.763810,1129.433256,101611.128883,3.942111,263.668102,68.128793,19.163960,7.836162
19-Jun-2023 13:41:21,1169.326400,429.046680,1082.748833,97658.335107,3.460465,126.020402,66.897985,19.591865,7.663964
19-Jun-2023 13:42:21,558.277930,445.745660,498.088922,50449.811245,6.663879,74.073082,65.323917,19.794767,9.283848
19-Jun-2023 13:43:21,1138.480000,454.530320,1135.086861,100863.767276,3.387691,110.421335,64.774333,19.749023,6.796730
19-Jun-2023 13:44:21,1168.168700,441.368920,1111.416963,99033.650078,4.182970,97.292593,65.719455,19.746533,5.661499
19-Jun-2023 13:45:21,1179.521400,390.122340,1187.402695,105543.016434,2.106769,117.089806,64.910330,20.078275,4.202540
19-Jun-2023 13:46:21,1077.758100,426.701200,1060.211867,95381.409239,0.732281,90.414824,63.448290,20.415617,2.423597
19-Jun-2023 13:47:21,1277.139700,490.205160,978.850260,88987.490284,6.255101,108.734279,64.188340,20.456385,10.719009
19-Jun-2023 13:48:21,700.249100,503.776830,670.864486,65915.626373,8.334064,93.278534,63.822665,20.460742,12.752787
19-Jun-2023 13:49:21,775.202480,484.127610,918.514865,83947.988059,4.570460,97.559555,64.604105,20.375163,8.115428
19-Jun-2023 13:50:21,697.332530,474.182050,494.012562,48576.899372,5.679240,44.622397,63.333145,20.355555,8.946972
19-Jun-2023 13:51:21,500.549750,495.797680,443.518456,43782.210799,4.126984,104.607208,64.530663,20.127445,7.154271
19-Jun-2023 13:52:21,542.208630,487.122740,489.158631,48257.452574,2.989419,75.856232,65.033878,20.119042,5.188747
19-Jun-2023 13:53:21,743.416810,510.499040,619.259642,58665.869813,5.001575,83.788056,63.693205,20.189373,8.775402
19-Jun-2023 13:54:21,700.249100,508.046320,590.702479,56873.580265,4.901076,82.664819,63.251920,20.258150,5.990860
19-Jun-2023 13:55:21,555.291500,517.211310,504.353514,49093.390135,3.041424,73.026799,63.298913,20.300162,4.463652
19-Jun-2023 13:56:21,591.340440,593.638540,537.242484,52062.968464,4.720788,133.560455,63.221112,20.399748,10.869914
19-Jun-2023 13:57:21,598.610100,531.513660,583.960330,56458.602081,7.617160,149.206316,65.802858,19.947570,11.296333
19-Jun-2023 13:58:21,523.176640,501.869000,482.416392,47097.093204,7.711500,200.561142,66.121218,19.892797,12.923104
19-Jun-2023 13:59:21,468.944910,446.245680,428.012510,42182.980416,5.905336,158.231201,65.768625,19.885950,11.548048
19-Jun-2023 14:00:21,478.633600,429.774890,449.738571,44117.580826,9.193366,284.945141,67.552132,19.545185,11.503592
19-Jun-2023 14:01:21,496.909950,434.025710,466.777197,45780.496137,8.189262,176.863377,67.987818,19.446533,12.445337
19-Jun-2023 14:02:21,462.511980,446.887850,422.547682,42397.936017,3.763805,77.130216,67.632112,19.400475,6.188099
19-Jun-2023 14:03:21,437.874990,419.254480,403.331967,40459.366779,3.483912,92.690627,68.137195,19.369042,5.187495
19-Jun-2023 14:04:21,437.498410,403.957090,404.520427,40963.919114,3.682145,94.720005,66.989480,19.553275,4.709105
19-Jun-2023 14:05:21,473.032370,410.060850,432.166681,43270.695047,4.513643,199.018235,66.171323,19.787923,8.665825
19-Jun-2023 14:06:21,491.298720,407.579430,433.921651,43726.479499,7.745366,324.506187,66.886160,19.692382,10.453516
19-Jun-2023 14:07:21,625.718460,400.297340,606.719408,59386.367959,7.545203,217.004962,67.865515,19.487923,13.271247
19-Jun-2023 14:08:21,1194.160300,441.307820,1159.811968,101781.301402,5.757246,258.510753,67.507942,19.549230,12.037082
19-Jun-2023 14:09:21,667.841230,488.329770,571.286846,56624.789800,6.040527,198.882895,68.155865,19.482010,12.268763
19-Jun-2023 14:10:21,567.436680,524.594430,521.059060,50662.778439,5.368037,223.273653,67.196427,19.755868,9.169884
19-Jun-2023 14:11:21,467.199200,459.402080,431.911234,42163.080373,5.759177,251.189989,67.464062,19.819665,10.305116
19-Jun-2023 14:12:21,423.264660,417.359140,386.193249,37807.262813,6.968820,276.763761,66.659600,19.871947,8.840523
19-Jun-2023 14:13:21,410.537170,404.548140,369.943156,36208.032430,11.515648,278.642535,67.764995,19.674333,14.204869
19-Jun-2023 14:14:21,409.872560,401.555500,370.731778,36497.629164,7.646797,202.257184,67.945805,19.619250,11.637591
19-Jun-2023 14:15:21,420.176000,413.079670,378.040438,37585.335808,7.074431,260.457540,66.925060,19.639478,12.187988
19-Jun-2023 14:16:21,436.235270,405.766390,406.008809,40612.625859,12.171504,224.831992,66.727130,19.575683,19.235473
19-Jun-2023 14:17:21,616.800380,487.019250,567.876821,55725.167310,9.680418,279.454827,68.612090,19.155558,14.697032
19-Jun-2023 14:18:21,759.316500,528.988620,726.623590,69218.578335,10.433952,298.064323,68.693935,19.133463,13.588099
19-Jun-2023 14:19:21,748.894620,511.354440,681.905287,65571.304521,10.084970,228.916286,67.643005,19.210953,14.205498
19-Jun-2023 14:20:21,653.981540,493.258930,608.940884,59749.599643,7.162878,72.836008,69.124950,18.994355,10.246258
19-Jun-2023 14:21:21,604.077900,476.480140,557.291475,55219.624764,3.300809,106.963367,69.649020,19.032010,6.284532
19-Jun-2023 14:22:21,566.141090,450.512680,541.363320,54047.326966,8.075196,98.461133,67.346740,19.232737,12.758421
19-Jun-2023 14:23:21,552.129280,437.032060,511.384534,51625.095647,9.806225,68.041585,67.694042,19.171740,14.331353
19-Jun-2023 14:24:21,679.422780,450.512680,638.008851,62400.713399,8.824715,260.180029,68.673708,19.014895,14.972545
19-Jun-2023 14:25:21,791.175750,451.683570,796.466928,75858.301153,8.125760,175.530001,68.787917,19.020498,12.770946
19-Jun-2023 14:26:21,695.382320,448.632300,653.803578,63412.796686,8.332498,92.816017,67.393107,19.112612,11.614422
19-Jun-2023 14:27:21,573.542910,452.884370,544.484474,54017.468916,3.380908,294.714930,67.707423,19.232737,5.705956
19-Jun-2023 14:28:21,546.192630,463.377350,504.953359,50368.206695,5.106872,144.695932,67.501407,19.429727,9.977636
19-Jun-2023 14:29:21,623.354270,472.276730,593.623804,58837.040528,8.648867,80.021118,66.824852,19.315205,14.119085
19-Jun-2023 14:30:21,686.925620,472.755560,624.924389,62252.437316,7.210989,171.993023,68.110743,19.278173,13.234930
19-Jun-2023 14:31:21,916.673680,445.625950,822.813667,78733.330320,6.215548,199.403306,66.198707,19.674955,10.072812
19-Jun-2023 14:32:21,730.542190,389.481420,731.288744,70804.872093,8.279744,43.858180,65.294353,19.697362,13.456605
19-Jun-2023 14:33:21,742.156160,325.532320,680.128124,67135.709829,4.812106,120.084510,66.114060,19.613647,8.038410
19-Jun-2023 14:34:21,716.404440,263.905010,740.274563,71603.988186,2.750714,91.351162,66.788443,19.614270,6.112334
19-Jun-2023 14:35:21,937.624700,245.927930,908.851480,84866.520382,4.923796,78.688831,65.495390,19.990825,10.682067
19-Jun-2023 14:36:21,899.219050,236.755480,872.274845,81769.572195,7.753924,141.984069,64.094967,20.153897,10.955075
19-Jun-2023 14:37:21,889.363270,226.646590,866.876687,81593.426470,3.592251,73.055591,63.869658,20.393522,8.781036
19-Jun-2023 14:38:21,887.590130,208.946320,866.932215,81455.100408,6.663828,224.260888,62.339785,20.667380,8.732198
19-Jun-2023 14:39:21,877.077190,191.131360,857.901919,80472.875171,2.427571,132.113465,62.408250,20.865617,3.829346
19-Jun-2023 14:40:21,874.724230,186.899260,853.170097,80420.130475,8.326606,171.212423,60.744248,21.026508,19.396393
19-Jun-2023 14:41:21,871.598170,185.679760,842.384832,79481.690124,12.477122,152.911226,62.509390,20.599537,15.945599
19-Jun-2023 14:42:21,871.603150,186.898020,836.175858,79072.677161,12.363736,42.398138,62.862918,20.255970,17.326916
19-Jun-2023 14:43:21,880.079800,204.668090,841.996136,79733.467193,9.871813,38.976988,64.682530,19.906490,12.061504
19-Jun-2023 14:44:21,884.316930,208.350290,849.704633,79862.841429,9.142908,228.059527,64.315310,19.853585,12.904945
19-Jun-2023 14:45:21,549.852380,179.483750,432.944251,46892.087625,8.391409,189.952098,65.491968,19.772050,10.731534
19-Jun-2023 14:46:21,902.979830,216.900520,868.464983,81256.068036,6.455316,38.511575,65.661883,19.779207,12.780961
19-Jun-2023 14:47:21,923.293670,249.150000,884.392960,82194.500401,6.266059,43.506587,65.101407,19.918315,12.087802
19-Jun-2023 14:48:21,330.860470,269.892780,312.473380,37087.754877,7.534872,170.065834,63.438020,20.328170,12.302575
19-Jun-2023 14:49:21,1032.994400,323.195530,951.126284,85667.624882,11.985795,299.930691,63.951192,20.298295,18.245493
19-Jun-2023 14:50:21,366.852000,271.188340,347.350573,38905.917675,9.077842,301.369828,62.667483,20.406282,15.948104
19-Jun-2023 14:51:21,330.845500,259.600590,293.712941,34035.597759,10.494637,302.542562,63.364888,20.288025,13.880518
19-Jun-2023 14:52:21,734.225660,266.824080,732.532731,70578.968274,8.424700,329.651919,64.109905,20.205867,12.872384
19-Jun-2023 14:53:21,914.499030,228.555640,892.390327,82668.196489,6.235324,287.468035,63.376402,20.430555,8.826122
19-Jun-2023 14:54:21,490.006900,218.147460,433.088642,47045.346704,8.743104,262.356737,61.985638,20.677028,12.394623
19-Jun-2023 14:55:21,894.929600,225.480710,865.932532,80801.273794,10.482740,311.284273,62.824640,20.603273,15.538597
19-Jun-2023 14:56:21,888.793420,199.075570,868.687184,81119.730382,8.041541,123.232654,62.956277,20.549745,12.047726
19-Jun-2023 14:57:21,881.816830,202.043300,852.214891,80245.973156,6.902396,151.387454,63.137710,20.520493,9.862420
19-Jun-2023 14:58:21,882.459000,216.873090,848.838290,79903.639711,5.209356,83.292401,63.107835,20.521115,7.964522
19-Jun-2023 14:59:21,863.637740,194.146450,841.129703,79556.331256,3.151216,205.459300,62.357213,20.735845,5.111730
19-Jun-2023 15:00:21,863.009280,188.659930,838.341806,78700.485666,9.137584,173.228986,61.223500,20.887400,12.104079
19-Jun-2023 15:01:21,868.528210,206.513550,838.208468,78453.683608,6.413311,230.409282,62.852337,20.661780,8.455433
19-Jun-2023 15:02:21,870.980940,206.518540,845.639325,78776.117010,5.296027,274.497974,61.942692,20.846632,9.445397
19-Jun-2023 15:03:21,875.247940,223.819790,847.560879,78702.482059,6.963342,243.484429,61.358872,20.914165,8.611348
19-Jun-2023 15:04:21,889.037820,204.689290,863.355606,80138.495356,7.525948,287.159363,61.761882,20.891135,11.605654
19-Jun-2023 15:05:21,881.235760,196.099140,841.029789,77637.654076,8.249636,301.650369,61.291342,20.991032,11.159829
19-Jun-2023 15:06:21,615.725530,201.680440,580.783647,58984.326400,10.530488,139.812297,61.586675,20.804933,13.757792
19-Jun-2023 15:07:21,909.690820,231.687950,873.174523,81275.968079,7.141746,248.781448,61.938023,20.628170,10.031484
19-Jun-2023 15:08:21,939.366670,256.510690,901.120700,82730.899193,7.678106,279.604361,62.254827,20.681072,12.821665
19-Jun-2023 15:09:21,316.803760,197.272510,293.124238,34229.655121,11.657214,321.829087,60.868418,20.979205,15.263712
19-Jun-2023 15:10:21,242.324290,196.074200,215.772410,26759.943992,13.099582,331.696025,61.193312,20.872775,16.568008
19-Jun-2023 15:11:21,840.172880,207.704370,855.002877,79723.517171,8.222607,278.363385,62.363437,20.747047,13.919341
19-Jun-2023 15:12:21,891.259850,200.393610,868.642708,80931.638241,6.594167,175.756378,61.314370,20.959910,9.777887
19-Jun-2023 15:13:21,893.121550,213.840550,870.375485,80808.245198,10.087370,302.068066,60.216760,21.198292,14.415262
19-Jun-2023 15:14:21,880.061100,224.257470,840.052300,78091.450121,13.233373,329.117154,61.535950,20.977028,15.445297
19-Jun-2023 15:15:21,893.762480,221.269820,873.363390,80519.646661,13.991344,338.252662,62.129725,20.762920,16.605578
19-Jun-2023 15:16:21,662.937040,247.232220,730.655564,70759.090814,11.168126,307.616020,62.964680,20.485327,14.006378
19-Jun-2023 15:17:21,436.256470,296.471240,386.370974,42392.961007,6.181840,249.138210,63.087295,20.437712,9.735936
19-Jun-2023 15:18:21,863.015520,269.830430,583.538299,55334.065983,10.674605,78.624553,63.476920,20.416552,13.291911
19-Jun-2023 15:19:21,507.799430,221.269820,415.594473,42736.292648,9.193055,287.160115,63.225468,20.408150,13.645709
19-Jun-2023 15:20:21,231.320100,210.544910,199.377927,23988.423797,4.417937,282.902645,62.353477,20.587090,7.640795
19-Jun-2023 15:21:21,230.141740,208.331580,199.078005,24066.043547,3.594690,154.591061,61.706178,20.901405,6.200624
19-Jun-2023 15:22:21,232.052050,207.113330,199.722237,24222.281244,1.454772,75.978830,60.523295,21.033043,4.592641
19-Jun-2023 15:23:21,245.947880,217.502790,217.671771,26145.933436,1.386969,220.288221,59.899955,21.225055,5.813028
19-Jun-2023 15:24:21,914.516480,254.697650,884.692882,80626.126265,6.564372,173.808916,60.561260,21.090928,8.498013
19-Jun-2023 15:25:21,594.915400,238.608430,639.897159,61519.002545,3.599280,318.511117,60.643417,21.102442,5.466761
19-Jun-2023 15:26:21,898.665420,245.905490,905.385927,81735.729345,4.885420,97.788113,59.260123,21.281383,9.384658
19-Jun-2023 15:27:21,890.016660,233.276540,881.916037,79658.826060,6.965220,209.694120,60.284912,21.025885,8.854301
19-Jun-2023 15:28:21,884.990270,229.212780,882.515882,80093.712273,3.102523,132.326615,61.061675,20.922877,6.287661
19-Jun-2023 15:29:21,909.640950,241.609800,881.071887,79912.599522,1.722085,132.620910,60.284602,21.233147,3.374754
19-Jun-2023 15:30:21,865.102880,279.381970,768.431888,71003.904465,5.401433,61.107076,58.567070,21.528170,9.087233
19-Jun-2023 15:31:21,786.868840,300.111040,795.400666,74424.276264,6.055979,74.325357,58.929003,21.560222,9.167379
19-Jun-2023 15:32:21,355.903890,317.856170,313.595170,33249.418291,8.318201,199.885602,58.384705,21.657317,14.871735
19-Jun-2023 15:33:21,331.466480,315.978290,294.945876,31894.985588,11.916078,286.119858,60.461365,21.093727,14.704547
19-Jun-2023 15:34:21,321.032100,291.583220,288.148199,31302.863482,7.274492,215.674469,61.272670,21.012815,12.560553
19-Jun-2023 15:35:21,338.183720,287.245150,323.325225,34175.912228,4.399676,218.959984,60.772567,21.004103,8.036534
19-Jun-2023 15:36:21,376.711520,298.953880,359.113237,37313.658696,7.017818,277.820342,60.997568,20.925058,9.606318
19-Jun-2023 15:37:21,594.336820,310.551610,595.789663,57677.671369,1.377634,124.045512,60.853480,20.962713,3.419839
19-Jun-2023 15:38:21,759.973640,318.970920,720.192415,66245.031178,2.554036,237.179825,59.507217,21.359807,5.377223
19-Jun-2023 15:39:21,387.042380,295.855260,369.943156,38316.782173,5.381604,203.548620,58.986887,21.564580,7.670855
19-Jun-2023 15:40:21,325.532320,303.300690,291.747001,30697.804751,7.823218,295.190929,58.970082,21.613750,10.867409
19-Jun-2023 15:41:21,324.074620,315.356070,290.491783,30823.194187,7.520051,89.408508,58.817275,21.580140,10.570609
19-Jun-2023 15:42:21,327.129640,312.988120,296.878571,31673.066569,7.281954,21.298360,60.495908,21.175575,9.296997
19-Jun-2023 15:43:21,352.866370,287.228940,346.661865,36320.485242,8.258819,231.638170,61.261468,21.008148,11.299462
19-Jun-2023 15:44:21,850.019960,250.360780,848.160723,76435.498227,3.723106,125.521098,61.511675,20.962713,8.768516
19-Jun-2023 15:45:21,615.124510,235.282860,615.049943,58904.710257,6.573919,127.602157,60.363025,21.206072,10.843617
19-Jun-2023 15:46:21,688.232400,260.147990,670.808958,63346.117168,5.103849,260.482007,61.444765,21.024018,7.779804
19-Jun-2023 15:47:21,304.444140,254.764980,273.008755,30114.642455,1.858982,173.888953,61.243418,21.046425,4.244492
19-Jun-2023 15:48:21,305.166110,284.728840,270.209717,29986.266415,3.997260,146.697276,61.105865,21.184288,6.821776
19-Jun-2023 15:49:21,283.566690,268.710690,255.259229,28832.870463,6.207512,148.618305,60.375163,21.253065,8.455433
19-Jun-2023 15:50:21,252.347180,238.653310,234.266262,27410.784003,8.234556,124.321009,61.203582,21.034600,11.425322
19-Jun-2023 15:51:21,825.616140,199.768900,805.452836,72999.203200,8.477507,93.270142,62.044455,20.868727,10.553078
19-Jun-2023 15:52:21,805.435710,175.145650,791.879585,72112.509349,3.623912,125.933523,61.869870,20.905763,7.446685
19-Jun-2023 15:53:21,428.224950,175.144400,450.349468,46115.866164,2.771232,34.386800,60.986675,21.028688,4.807414
19-Jun-2023 15:54:21,346.786320,164.666410,298.977850,33137.955691,2.965496,22.001026,61.332732,21.051093,4.947676
19-Jun-2023 15:55:21,788.133230,179.445100,756.191576,69658.439559,5.324727,42.714672,60.644975,21.198603,7.067857
19-Jun-2023 15:56:21,783.352470,175.143150,766.887979,71098.445641,5.066642,69.214651,59.124438,21.397150,9.715272
19-Jun-2023 15:57:21,616.829060,175.246650,731.122070,68090.065423,5.806140,67.113282,58.841860,21.621530,8.973270
19-Jun-2023 15:58:21,782.100550,180.143380,761.822988,70776.012239,6.744340,59.336952,58.351405,21.682837,12.551786
19-Jun-2023 15:59:21,768.147330,172.050760,738.297481,67995.524247,4.069741,82.944547,58.435430,21.793625,5.622052
19-Jun-2023 16:00:21,752.065570,164.676390,722.025106,66564.485962,6.582373,122.221017,57.205558,22.003997,10.782254
19-Jun-2023 16:01:21,738.511370,146.836500,714.638725,66484.869818,6.011054,61.419486,57.506490,22.040720,8.740337
19-Jun-2023 16:02:21,737.365440,143.676760,712.383914,66805.314813,5.679866,77.426199,57.122777,22.125055,8.492379
19-Jun-2023 16:03:21,730.594560,142.494670,706.819172,66204.224910,4.453220,109.283581,56.593733,22.233355,9.689598
19-Jun-2023 16:04:21,721.385940,138.757610,700.243517,65642.951065,4.828076,92.347642,56.549233,22.341342,6.854336
19-Jun-2023 16:05:21,715.844570,135.065420,695.067559,65249.869316,6.579502,122.279595,56.310227,22.373085,13.000744
19-Jun-2023 16:06:21,705.547360,127.080060,689.336144,64755.267003,4.140284,81.881564,56.706700,22.393935,8.059698
19-Jun-2023 16:07:21,700.252840,122.726990,681.805283,64167.129697,7.062792,120.875798,56.167688,22.439060,13.313843
19-Jun-2023 16:08:21,692.405900,119.701930,675.029798,63643.675516,5.740322,72.999709,55.767792,22.451197,7.861831
19-Jun-2023 16:09:21,693.039340,118.544780,675.407442,63697.410423,6.668367,72.811302,55.445698,22.545490,9.668939
19-Jun-2023 16:10:21,689.440680,119.698190,671.008877,63360.051989,4.976014,81.434734,54.870595,22.538023,10.998280
19-Jun-2023 16:11:21,687.640110,117.357700,672.086369,63405.833268,5.018068,122.681345,54.590202,22.572565,8.382173
19-Jun-2023 16:12:21,688.868340,118.557240,671.031159,63232.674146,5.890047,71.480255,54.609185,22.569142,9.989532
19-Jun-2023 16:13:21,687.638860,122.169610,668.332035,63004.781920,5.914884,58.043869,54.235430,22.544245,9.582525
19-Jun-2023 16:14:21,683.157390,119.719390,665.699581,62719.169986,3.625528,108.058462,54.765407,22.461155,8.921927
19-Jun-2023 16:15:21,678.278100,118.556000,662.645096,62695.285143,3.523829,95.467110,54.224850,22.388955,5.534386
19-Jun-2023 16:16:21,677.012460,115.451140,660.767929,62475.354531,8.447504,69.304177,56.391453,22.180140,15.696388
19-Jun-2023 16:17:21,677.019940,119.716890,658.968483,62317.120441,9.140614,39.336990,56.227750,22.187607,14.202993
19-Jun-2023 16:18:21,677.881570,118.567220,662.156307,62331.055263,7.952991,53.618972,56.498195,22.109185,10.659527
19-Jun-2023 16:19:21,677.963870,118.554750,659.801581,61805.604689,4.449975,81.579082,56.518423,22.149953,7.882495
19-Jun-2023 16:20:21,342.644000,115.482310,308.963441,33937.071784,6.728582,50.652138,55.083145,22.333872,9.489854
19-Jun-2023 16:21:21,160.425590,127.818240,132.144762,19254.433549,4.235826,63.350823,56.473610,22.125677,6.429799
19-Jun-2023 16:22:21,488.333520,137.601710,608.652014,57667.721348,4.208573,53.979292,56.318320,22.088022,7.005870
19-Jun-2023 16:23:21,669.778960,113.015880,666.954710,62377.826752,2.482840,180.584295,55.857108,22.081177,7.579432
19-Jun-2023 16:24:21,655.591330,110.508290,646.217278,60581.560390,9.740164,91.415346,56.233663,22.087713,14.311942
19-Jun-2023 16:25:21,652.000170,109.891060,640.896841,60343.718143,5.335047,62.331064,54.962400,22.223085,8.616358
19-Jun-2023 16:26:21,650.250720,106.245030,638.297632,60192.447471,4.988897,87.067886,54.628790,22.376508,7.122963
19-Jun-2023 16:27:21,647.787990,104.438200,636.975923,60088.954470,2.095869,156.483477,53.459285,22.647565,6.081026
19-Jun-2023 16:28:21,643.193040,102.016650,635.387537,59902.858723,3.344167,72.142155,53.908045,22.701093,6.709693
19-Jun-2023 16:29:21,640.281450,100.742290,636.464941,59844.140819,1.421345,158.132387,52.715512,22.944140,4.374733
19-Jun-2023 16:30:21,639.075640,98.929145,632.566216,59633.170018,4.390158,37.875293,51.038130,23.097565,9.827983
19-Jun-2023 16:31:21,637.817490,105.029270,628.167740,59285.861562,6.716789,71.200370,52.825677,22.753062,9.981393
19-Jun-2023 16:32:21,640.863770,109.292530,626.579354,59085.830994,6.747264,29.349822,52.457835,22.537087,10.019588
19-Jun-2023 16:33:21,642.737910,111.783910,629.134088,59298.798188,4.173133,96.451222,53.099847,22.414475,8.952606
19-Jun-2023 16:34:21,640.287690,113.947330,626.379436,59020.149672,6.049770,102.403166,52.394040,22.494765,10.831720
19-Jun-2023 16:35:21,637.797530,112.426080,622.625191,58788.272646,5.616319,119.093499,53.139992,22.345698,9.827354
19-Jun-2023 16:36:21,633.515570,109.276320,618.537600,58419.067755,2.642725,207.533184,53.078063,22.561985,5.464884
19-Jun-2023 16:37:21,626.929230,107.534360,615.272055,57942.385063,4.764728,74.308739,52.545907,22.861985,8.454809
19-Jun-2023 16:38:21,621.604830,105.653990,610.395931,57534.370297,4.936612,129.887944,51.621635,22.894970,7.198727
19-Jun-2023 16:39:21,619.351620,105.054210,607.174773,57191.038656,4.491880,80.201537,52.735740,22.744350,5.864376
19-Jun-2023 16:40:21,614.542190,105.660220,606.530541,57053.710791,4.017975,62.422645,53.103583,22.744038,6.487404
19-Jun-2023 16:41:21,613.916230,105.666450,603.520443,56817.856951,5.865886,89.518605,52.825990,22.862295,10.382762
19-Jun-2023 16:42:21,609.013290,108.091740,600.077173,56431.730635,6.526332,102.015756,51.579622,22.938540,10.028355
19-Jun-2023 16:43:21,600.267270,107.524380,596.711624,56128.207065,3.006093,121.380099,51.859705,22.929203,6.471127
19-Jun-2023 16:44:21,593.768220,106.230070,592.579646,55645.551167,1.191627,78.250428,51.522672,23.003270,3.370996
19-Jun-2023 16:45:21,588.861540,106.251270,586.603925,54943.962852,4.188448,70.775357,51.035640,23.185013,6.647077
19-Jun-2023 16:46:21,590.768100,109.889820,589.425157,55361.935626,6.056089,79.814787,51.414063,23.185322,9.571881
19-Jun-2023 16:47:21,595.601210,121.569830,587.547990,54985.759331,8.321957,71.363547,52.259290,22.981485,12.821665
19-Jun-2023 16:48:21,602.929480,124.554990,594.956654,55703.270874,4.248194,83.298850,53.009598,22.934495,5.844965
19-Jun-2023 16:49:21,601.101470,121.576070,596.978212,55674.411020,6.262613,112.594238,52.411468,22.865408,8.527445
19-Jun-2023 16:50:21,598.642520,123.384120,591.902080,55160.906861,5.367515,81.577575,52.722358,22.701093,10.902475
19-Jun-2023 16:51:21,537.845610,123.374150,569.909520,52829.247889,3.385810,86.931703,52.389995,22.675573,7.627646
19-Jun-2023 16:52:21,622.819340,143.705440,608.141120,56446.655667,1.737798,50.324636,52.824745,22.673705,2.858798
19-Jun-2023 16:53:21,172.025820,140.644220,145.662396,19286.280006,2.971396,61.114470,52.255555,22.847668,4.404165
19-Jun-2023 16:54:21,168.849880,146.209280,134.332903,18108.009001,5.833902,33.987770,52.943312,22.722255,7.759769
19-Jun-2023 16:55:21,173.761550,146.206790,143.407674,18822.533940,4.841486,37.293272,53.960950,22.464268,6.989588
19-Jun-2023 16:56:21,174.438630,154.584940,150.460799,19373.849778,5.458986,139.985210,54.019768,22.380553,9.188043
19-Jun-2023 16:57:21,620.524980,148.053510,631.755401,58319.551569,5.012220,96.012364,54.545700,22.308043,7.621388
19-Jun-2023 16:58:21,609.651720,131.421880,630.844581,57726.439251,4.073862,72.364654,53.829932,22.412295,6.474256
19-Jun-2023 16:59:21,348.041980,125.783220,499.521776,48340.047335,5.880029,38.855476,53.641962,22.622048,8.353994
19-Jun-2023 17:00:21,584.545880,133.291030,596.400649,54271.234392,3.974927,45.600998,53.531175,22.650365,6.710322
19-Jun-2023 17:01:21,583.313910,139.401030,591.302324,54070.213612,2.189327,55.417764,53.359700,22.879723,4.813677
19-Jun-2023 17:02:21,528.641970,137.001930,513.294946,47561.837467,5.058713,58.718389,52.520387,23.084805,6.662108
19-Jun-2023 17:03:21,310.990530,141.261460,312.695492,32745.848182,4.901910,54.213819,50.857940,23.150780,6.749140
19-Jun-2023 17:04:21,520.691500,132.692500,500.399261,47222.482641,3.179618,74.646184,51.414063,23.103165,6.030936
19-Jun-2023 17:05:21,549.798760,130.759760,544.751062,50524.444392,6.438982,80.137231,51.358667,23.024742,8.260070
19-Jun-2023 17:06:21,564.350490,132.709960,558.891002,51283.760399,2.845313,103.298540,51.446118,23.022565,5.968320
19-Jun-2023 17:07:21,556.573370,140.625520,548.294336,50464.736277,4.091389,81.486691,51.583045,23.108767,6.727228
19-Jun-2023 17:08:21,552.859980,134.476860,546.383835,50624.958774,4.180576,49.260171,52.468728,22.732835,7.933214
19-Jun-2023 17:09:21,543.339600,125.801920,541.218929,50203.009187,0.213138,123.283654,51.939062,22.857005,0.213822
19-Jun-2023 17:10:21,541.552740,124.538780,537.609075,50078.617947,1.736351,110.607252,51.479105,23.114680,4.626454
19-Jun-2023 17:11:21,540.307060,119.719390,534.987673,49749.213142,3.022951,124.177792,50.821220,23.182210,4.200664
19-Jun-2023 17:12:21,542.169980,119.721880,532.477416,49538.226370,1.750236,101.400105,51.080452,23.203373,4.640855
19-Jun-2023 17:13:21,537.881770,116.706800,526.734948,48901.321181,3.262251,155.251428,51.231697,23.200882,5.283924
19-Jun-2023 17:14:21,535.355490,116.713030,524.235743,48731.148662,3.595418,105.366846,51.794040,23.040925,5.523742
19-Jun-2023 17:15:21,547.428340,119.724370,534.054660,49627.792534,3.600378,97.848915,51.998500,23.109700,5.144291
19-Jun-2023 17:16:21,225.256260,111.831290,171.553770,21214.899223,4.353441,86.466000,50.877858,23.243830,7.471735
19-Jun-2023 17:17:21,324.678140,135.763700,310.951664,32968.765397,1.371652,263.295785,50.318938,23.347770,3.008451
19-Jun-2023 17:18:21,177.517310,124.606120,158.569222,20220.735557,2.086685,90.618608,51.035953,23.251610,3.761720
19-Jun-2023 17:19:21,230.141740,125.855570,201.477206,23724.700313,2.888504,125.910828,51.862195,23.080137,7.047193
19-Jun-2023 17:20:21,512.132520,117.381390,502.676265,47079.181568,4.585923,209.089782,52.568935,23.018518,7.700910
19-Jun-2023 17:21:21,216.728450,108.162810,180.161945,21733.386379,1.444937,137.474282,51.977650,23.057420,4.984618
19-Jun-2023 17:22:21,216.743410,113.050790,242.952247,27625.739604,2.511114,153.713209,51.228275,23.207730,9.395302
19-Jun-2023 17:23:21,511.495340,105.614080,515.349838,47686.228707,6.721329,148.017508,51.797775,23.035013,9.053421
19-Jun-2023 17:24:21,511.017770,106.915880,517.282533,47946.965587,4.740939,265.501741,53.201922,22.950055,6.706564
19-Jun-2023 17:25:21,508.467790,105.670200,515.394225,47640.455414,4.720270,105.289967,52.089372,23.138333,8.516796
19-Jun-2023 17:26:21,510.265860,113.034580,512.839581,47392.655159,7.111325,60.088150,51.998500,23.009183,11.327641
19-Jun-2023 17:27:21,507.823120,113.025850,508.685410,47157.799515,2.357640,69.673128,52.299745,22.965303,4.079814
19-Jun-2023 17:28:21,504.723250,109.879840,503.031716,46612.448898,2.445029,169.552422,52.593520,23.077025,5.653360
19-Jun-2023 17:29:21,507.229580,114.199220,499.088605,46221.347572,5.147781,98.771558,52.126717,23.185322,7.565030
19-Jun-2023 17:30:21,513.961800,121.559860,498.411038,45851.152470,3.380592,50.181581,51.933460,23.179410,6.411640
19-Jun-2023 17:31:21,512.749750,121.528690,500.688042,45793.432762,3.914397,34.730719,51.974850,23.260012,6.173073
19-Jun-2023 17:32:21,502.345330,118.584680,489.014241,44903.752308,2.446105,125.642927,51.778170,23.262190,7.069738
19-Jun-2023 17:33:21,503.533680,116.716770,487.270323,44801.257504,4.655213,59.777047,51.568730,23.355550,7.931338
19-Jun-2023 17:34:21,506.594890,128.681120,486.526177,44489.764335,9.732231,77.827950,51.390100,23.280550,11.971333
19-Jun-2023 17:35:21,502.996230,131.757300,486.081864,44043.937890,4.049178,56.576997,52.132317,23.197773,9.801685
19-Jun-2023 17:36:21,502.350320,128.904320,488.847568,44401.196366,2.287554,95.068529,51.091345,23.237605,6.572565
19-Jun-2023 17:37:21,490.211400,125.815640,479.339714,43154.257435,1.556189,134.453074,51.487507,23.299845,3.941434
19-Jun-2023 17:38:21,452.072610,137.617920,456.347472,41733.169171,4.107048,99.462959,51.443627,23.356173,6.671499
19-Jun-2023 17:39:21,508.447840,138.802500,496.955991,44573.365278,5.741230,78.082354,51.549747,23.332210,8.517425
19-Jun-2023 17:40:21,511.467910,153.447740,492.024339,43892.667217,3.430740,85.460028,51.947153,23.271528,5.114859
19-Jun-2023 17:41:21,515.147640,158.071390,493.523862,44143.454076,3.481689,117.867554,52.724225,23.309805,6.313959
19-Jun-2023 17:42:21,515.132670,161.137590,490.469288,43695.631238,5.803688,65.993331,51.743315,23.275572,9.977636
19-Jun-2023 17:43:21,522.586840,172.162980,493.446052,43569.243605,6.136494,76.543675,52.682835,23.161983,10.635106
19-Jun-2023 17:44:21,526.803990,180.490030,499.877227,44112.597829,3.227901,113.404111,51.541032,23.204618,5.941393
19-Jun-2023 17:45:21,180.583550,162.839660,159.413372,17956.738329,2.293113,53.300552,51.436780,23.279930,4.273295
19-Jun-2023 17:46:21,185.462800,170.308790,155.070424,17479.065426,3.452653,85.683691,51.898605,23.261568,5.672772
19-Jun-2023 17:47:21,189.137520,173.346320,157.214090,17665.161174,1.067696,77.063256,51.248193,23.371110,3.221343
19-Jun-2023 17:48:21,195.983180,180.839170,168.843594,18820.545533,2.635406,103.650717,51.501200,23.391340,5.322118
19-Jun-2023 17:49:21,193.463130,177.670680,169.621075,18827.508951,3.738762,153.277751,51.884600,23.223600,4.870654
19-Jun-2023 17:50:21,186.683540,180.822960,158.791334,17848.270317,0.564927,123.512989,52.150990,23.184700,2.108642
19-Jun-2023 17:51:21,179.971300,172.608140,153.226592,17401.437690,2.186184,75.900384,52.081592,23.191858,8.166776
19-Jun-2023 17:52:21,171.245240,164.710060,148.272657,17089.952507,4.909530,47.416278,52.952960,22.840200,7.526207
19-Jun-2023 17:53:21,163.407010,156.375540,140.186516,16405.285618,5.173197,64.612224,53.337917,22.679308,6.863732
19-Jun-2023 17:54:21,154.043770,144.936170,130.056535,15656.901857,4.327092,59.659967,53.509078,22.611155,6.329613
19-Jun-2023 17:55:21,158.654950,128.906820,137.020886,16498.828597,2.412858,53.800066,53.409492,22.616755,3.939552
19-Jun-2023 17:56:21,133.989310,118.512360,117.338575,14852.810753,2.502328,139.632078,53.102960,22.620490,3.934542
19-Jun-2023 17:57:21,130.459250,115.439910,113.617665,14533.363955,1.167031,144.014510,53.731282,22.601195,2.823104
19-Jun-2023 17:58:21,121.688290,108.697750,110.052198,14338.316383,2.949753,145.045420,53.342897,22.597462,4.344678
19-Jun-2023 17:59:21,116.718020,105.650240,104.898345,14171.130468,1.708648,113.850857,54.044975,22.505657,4.213184
19-Jun-2023 18:00:21,135.823550,100.673710,145.451425,17553.698573,3.065943,64.254151,53.102337,22.591860,6.165558
19-Jun-2023 18:01:21,332.777000,102.645110,342.329969,32054.209889,2.985589,86.644566,52.790512,22.625780,4.387882
19-Jun-2023 18:02:21,191.667540,86.612156,172.864426,19591.791983,3.808682,101.345171,52.597255,22.652855,5.067897
19-Jun-2023 18:03:21,335.763430,89.707728,306.353179,29099.572564,3.607579,118.990678,53.090200,22.661257,5.814909
19-Jun-2023 18:04:21,237.735570,84.848650,228.879155,23822.228093,4.432393,142.563669,52.856488,22.676818,5.998375
19-Jun-2023 18:05:21,371.767430,83.909264,366.644098,33890.300294,5.037997,114.852425,53.522773,22.623602,6.942002
19-Jun-2023 18:06:21,373.565510,76.393276,366.621816,33754.960836,5.826544,98.291251,53.228685,22.605243,8.092259
19-Jun-2023 18:07:21,371.158930,77.649829,362.434399,33378.784542,5.796489,123.865788,53.514058,22.453998,7.690262
19-Jun-2023 18:08:21,369.301000,77.650702,360.568285,33172.788751,2.475846,154.161053,53.911157,22.428168,7.789824
19-Jun-2023 18:09:21,362.614930,76.400006,355.569963,32684.151660,2.942159,93.820148,53.162087,22.638852,5.107973
19-Jun-2023 18:10:21,364.410510,77.629392,355.370045,32671.215035,2.679844,106.644258,52.928997,22.862918,5.223184
19-Jun-2023 18:11:21,361.991460,79.386910,352.548813,32362.708469,4.116416,68.769887,51.923500,23.009805,9.827354
19-Jun-2023 18:12:21,362.005180,80.577410,350.782702,32204.482365,2.703229,149.261023,52.084082,22.986153,7.790448
19-Jun-2023 18:13:21,358.340440,80.591990,345.584462,31727.799673,1.122809,99.528227,51.895183,23.129930,4.570096
19-Jun-2023 18:14:21,352.296520,79.460685,340.086300,31203.347296,5.188273,87.097401,51.560950,23.073912,7.748496
19-Jun-2023 18:15:21,346.790060,77.672261,336.209858,30696.806554,3.051438,75.181789,51.177237,23.163850,5.426061
19-Jun-2023 18:16:21,344.895960,77.658677,331.689095,30231.072080,3.967571,78.656580,51.251925,23.224845,5.782349
19-Jun-2023 18:17:21,343.932080,76.434027,331.733571,30355.471306,3.495648,69.556508,51.008875,23.229825,6.379079
19-Jun-2023 18:18:21,344.915910,74.679375,329.956408,30186.288998,4.855576,67.750593,50.606178,23.216133,8.148617
19-Jun-2023 18:19:21,341.242450,77.679987,327.712649,29974.320001,5.390110,48.064652,50.742795,23.083870,6.725976
19-Jun-2023 18:20:21,337.622600,76.434152,321.303757,29263.779861,3.197856,65.651663,52.016863,22.914578,5.548788
19-Jun-2023 18:21:21,335.162390,73.491617,320.392937,29214.021768,1.008901,97.261855,52.200472,22.922358,2.836881
19-Jun-2023 18:22:21,332.738350,73.489249,321.348143,29468.777455,2.049221,179.154520,51.334395,22.996113,3.265800
19-Jun-2023 18:23:21,330.880420,72.186963,318.304710,29237.898626,0.385494,127.669595,51.041552,23.140823,0.937088
19-Jun-2023 18:24:21,327.172040,70.362023,315.994372,29066.735896,1.521081,61.415832,50.849537,23.212710,3.542565
19-Jun-2023 18:25:21,325.749290,70.375607,314.006149,28815.949038,2.424021,33.479255,50.918625,23.198082,4.376615
19-Jun-2023 18:26:21,322.321430,72.242295,310.873853,28524.371883,1.562907,37.795508,51.105350,23.147357,4.300221
19-Jun-2023 18:27:21,318.639240,69.183736,308.352544,28257.669782,2.112661,126.955570,51.032528,23.136152,3.011579
19-Jun-2023 18:28:21,315.656580,69.194079,304.909184,27936.226591,1.356346,194.807531,50.907110,23.086360,2.602681
19-Jun-2023 18:29:21,312.136470,67.283774,301.743643,27637.678032,0.987879,235.028003,51.657113,23.150467,2.588280
19-Jun-2023 18:30:21,310.364570,67.275923,300.544043,27492.388553,3.579714,178.821386,50.565723,23.279617,4.686564
19-Jun-2023 18:31:21,309.849590,66.303509,297.900447,27218.715048,3.036309,154.680157,50.897775,23.308560,4.746051
19-Jun-2023 18:32:21,307.452990,67.295239,295.245799,26988.834415,3.807206,139.101338,50.507215,23.266235,7.096660
19-Jun-2023 18:33:21,305.056380,67.294990,292.291229,26725.118917,4.405469,141.419149,51.044042,23.160428,5.649603
19-Jun-2023 18:34:21,305.096280,69.238320,290.925044,26595.744681,2.270991,119.459636,51.408772,23.021943,4.891947
19-Jun-2023 18:35:21,301.324300,67.319789,287.759414,26290.232704,5.984911,91.802287,52.268935,23.059597,8.824245
19-Jun-2023 18:36:21,298.265580,66.059624,284.360530,26002.632364,2.973118,73.822054,51.075475,23.184078,4.747928
19-Jun-2023 18:37:21,296.362760,70.372990,281.661496,25708.060619,6.159193,99.241173,51.180660,23.188435,8.369648
19-Jun-2023 18:38:21,293.954930,70.374361,278.618063,25448.321936,4.377656,86.219385,51.474125,23.046837,7.797963
19-Jun-2023 18:39:21,290.806390,69.193954,275.330235,25094.042077,5.683415,48.641596,52.150990,22.916755,7.814869
19-Jun-2023 18:40:21,289.063170,70.361400,272.797784,24873.121255,5.522437,54.861819,52.530347,22.735635,7.351509
19-Jun-2023 18:41:21,287.801280,69.202055,270.576308,24631.294207,4.273817,86.016343,52.230347,22.749018,6.435433
19-Jun-2023 18:42:21,283.784910,66.044421,268.665807,24436.246635,4.073079,105.521857,51.831075,22.821215,5.245101
19-Jun-2023 18:43:21,280.485500,66.051399,267.077421,24298.910784,2.991070,98.497286,52.158460,22.758043,4.260146
19-Jun-2023 18:44:21,276.730990,63.016021,264.600498,24037.183694,3.504898,69.786073,52.365098,22.835220,5.670890
19-Jun-2023 18:45:21,274.259570,63.607219,262.101382,23807.303060,7.305644,80.403343,51.569353,22.934495,10.882440
19-Jun-2023 18:46:21,273.032590,67.297233,259.291203,23579.410834,5.146271,75.219099,52.472462,22.925157,8.009608
19-Jun-2023 18:47:21,269.475060,64.277429,256.525410,23337.583787,4.945013,61.375151,51.945907,22.920490,6.133627
19-Jun-2023 18:48:21,266.390150,64.289517,253.470924,23065.906675,4.274706,82.566584,52.682213,22.907730,6.859975
19-Jun-2023 18:49:21,264.633220,64.280918,251.293835,22848.962666,4.833919,54.708653,52.475885,22.803168,7.746620
19-Jun-2023 18:50:21,260.937300,64.272195,248.472603,22601.162412,4.294375,29.052858,52.922773,22.568207,7.844301
19-Jun-2023 18:51:21,259.896110,64.271447,245.895677,22355.358550,7.306479,86.742705,52.799538,22.533975,10.100362
19-Jun-2023 18:52:21,256.606700,63.026365,242.941106,22041.884959,1.126824,114.375591,52.933975,22.633872,3.508753
19-Jun-2023 18:53:21,251.736180,61.755485,240.064257,21757.263236,3.043237,103.273047,53.009287,22.715718,6.251972
19-Jun-2023 18:54:21,248.110060,61.796609,236.509931,21391.044949,1.264145,110.663367,52.154103,22.877545,4.359079
19-Jun-2023 18:55:21,244.416650,59.912849,234.166258,21144.242890,3.195003,93.356620,51.850058,22.966237,5.806142
19-Jun-2023 18:56:21,241.899090,61.770065,232.344619,20989.003390,5.183319,85.187067,51.688543,22.992377,7.750377
19-Jun-2023 18:57:21,240.154620,61.771062,228.990211,20638.700345,5.757406,93.700346,51.475370,23.010427,7.725956
19-Jun-2023 18:58:21,237.701910,59.969302,227.290770,20441.664365,3.266111,102.369443,51.396948,23.025987,4.528144
19-Jun-2023 18:59:21,233.015930,58.743286,223.936362,20141.119414,3.892536,52.524792,51.801510,22.986465,5.660870
19-Jun-2023 19:00:21,229.470890,56.887064,220.093255,19793.810959,3.213511,83.378528,52.619662,22.961258,7.240679
19-Jun-2023 19:01:21,227.212700,56.870864,217.705105,19557.957118,5.939307,54.258343,51.861883,22.727545,6.953898
19-Jun-2023 19:02:21,222.609020,56.854538,214.006389,19200.690656,4.005347,50.272316,52.165618,22.623915,7.257586
19-Jun-2023 19:03:21,220.960580,54.479892,210.696368,18890.203669,5.349772,76.637692,52.240617,22.622670,7.422269
19-Jun-2023 19:04:21,216.713480,52.943075,208.230497,18677.236475,2.999939,49.876184,52.209808,22.638230,4.590760
19-Jun-2023 19:05:21,212.941510,54.485999,205.686905,18451.340642,3.663830,66.948686,52.057317,22.630138,4.490573
19-Jun-2023 19:06:21,208.698180,52.588655,203.198841,18199.563573,2.501498,30.623785,51.791240,22.652233,5.204401
19-Jun-2023 19:07:21,206.322770,51.296214,199.788906,17904.001618,2.557813,62.371070,52.077548,22.660012,3.575126
19-Jun-2023 19:08:21,201.393650,49.527978,196.856529,17572.608405,2.160665,149.497752,51.910120,22.710428,3.932666
19-Jun-2023 19:09:21,198.341130,51.322759,193.990821,17279.034857,2.385670,43.108739,52.180865,22.695490,3.731041
19-Jun-2023 19:10:21,195.950760,49.527355,191.436177,17035.219403,3.574392,94.158253,52.307525,22.705450,5.563189
19-Jun-2023 19:11:21,194.121510,49.519380,188.936972,16806.336966,3.374022,107.802453,52.199538,22.767067,4.454884
19-Jun-2023 19:12:21,192.249860,51.333850,186.837693,16602.321597,1.691602,126.135332,52.366033,22.823395,3.434864
19-Jun-2023 19:13:21,189.127540,49.511279,184.716221,16335.619496,4.394249,71.215729,52.685325,22.891548,6.881886
19-Jun-2023 19:14:21,187.304520,52.541050,183.472144,16198.275660,3.909703,46.462988,52.912815,22.886880,5.462379
19-Jun-2023 19:15:21,186.703490,51.336093,181.150753,15957.446809,4.379015,46.792745,52.957628,22.736258,5.424809
19-Jun-2023 19:16:21,184.253270,53.166643,177.718357,15630.038396,5.757248,156.158798,53.456485,22.510325,9.735312
19-Jun-2023 19:17:21,179.351580,52.564230,173.964023,15299.643380,2.076299,69.697304,53.817797,22.494452,3.732294
19-Jun-2023 19:18:21,175.619480,51.187546,170.842869,14990.146604,3.103046,98.323602,53.449640,22.561673,5.627686
19-Jun-2023 19:19:21,174.427410,49.522994,168.243749,14745.332953,4.221895,104.285388,53.465823,22.580967,8.452304
19-Jun-2023 19:20:21,174.431150,51.318646,166.533255,14584.120245,6.282963,87.651759,53.512190,22.579412,9.732807
19-Jun-2023 19:21:21,173.247810,52.564354,163.956328,14313.433344,4.638239,88.349060,53.126610,22.599950,6.993345
19-Jun-2023 19:22:21,166.481950,48.289626,160.701836,14002.946356,1.460846,106.457621,53.063437,22.685532,2.471816
19-Jun-2023 19:23:21,161.441840,45.202652,157.602875,13730.271048,1.442248,103.427612,52.769972,22.857315,2.674688
19-Jun-2023 19:24:21,158.961700,46.372341,155.048141,13477.495782,2.915667,118.089597,52.989060,22.786672,4.485568
19-Jun-2023 19:25:21,155.454050,45.269698,152.671223,13261.549971,2.273275,100.003809,52.981902,22.775470,5.263260
19-Jun-2023 19:26:21,154.042530,45.204148,150.660806,13062.517598,2.901054,71.147584,53.617065,22.736570,5.847470
19-Jun-2023 19:27:21,149.963810,45.212747,147.550704,12752.022625,1.571645,78.246959,53.848918,22.700780,2.521906
19-Jun-2023 19:28:21,147.395130,45.211874,144.629468,12469.397295,2.273327,61.351992,53.112607,22.772045,3.591408
19-Jun-2023 19:29:21,144.360080,42.047764,142.285795,12250.464880,2.198758,70.036248,53.434700,22.803790,3.489341
19-Jun-2023 19:30:21,142.840070,44.004550,140.464156,12081.290558,2.787078,77.473261,52.375990,22.797565,6.270755
19-Jun-2023 19:31:21,140.671660,45.211999,138.198293,11872.300178,6.254703,71.821449,52.523500,22.673705,10.368984
19-Jun-2023 19:32:21,139.892320,45.212622,135.843479,11681.229420,4.973241,60.977252,52.917170,22.552338,8.410976
19-Jun-2023 19:33:21,138.364830,46.380068,133.988594,11473.245223,7.363667,33.790643,54.031593,22.302130,9.857409
19-Jun-2023 19:34:21,135.168910,45.208136,131.467196,11223.456561,7.356728,28.243073,54.139890,22.121633,10.534291
19-Jun-2023 19:35:21,132.762330,45.228324,128.568153,10939.833034,4.171943,82.026956,54.056800,22.097670,8.833637
19-Jun-2023 19:36:21,130.916870,45.200908,126.735462,10762.697098,4.742759,63.626501,53.779517,22.141238,9.062183
19-Jun-2023 19:37:21,126.627420,43.978878,124.391789,10558.689715,4.701174,70.031657,53.834913,22.166135,6.521217
19-Jun-2023 19:38:21,122.996330,44.029100,122.025922,10323.834071,4.747820,112.082437,53.695183,22.160533,8.932570
19-Jun-2023 19:39:21,121.909000,42.056487,119.271270,10080.018616,2.709747,76.242599,53.617065,22.165512,5.617042
19-Jun-2023 19:40:21,119.068490,42.032062,117.338575,9882.974651,4.596396,70.406509,53.911468,22.173603,7.530594
19-Jun-2023 19:41:21,116.357660,42.036922,114.572872,9625.224375,4.631880,41.683860,53.571008,22.153065,6.366559
19-Jun-2023 19:42:21,113.512160,40.791588,112.318061,9409.278563,5.639531,39.766495,53.756490,22.084288,7.520573
19-Jun-2023 19:43:21,110.018250,39.026466,110.085443,9200.288183,4.768800,43.465971,54.202755,21.982215,6.194990
19-Jun-2023 19:44:21,107.546830,39.025095,107.886250,8996.280800,5.959811,39.261263,54.820802,21.858355,9.253793
19-Jun-2023 19:45:21,104.978150,39.014503,105.131598,8749.486727,2.572940,66.985241,54.506487,21.858355,4.160589
19-Jun-2023 19:46:21,101.049030,37.720068,102.976791,8551.444566,3.465023,42.118422,55.038645,21.849020,4.535659
19-Jun-2023 19:47:21,99.019120,36.761241,100.610924,8316.588922,2.222683,59.035597,54.862192,21.853998,4.502475
19-Jun-2023 19:48:21,97.154797,37.717825,98.944817,8167.314643,3.919617,56.774782,54.205865,21.947670,6.298305
19-Jun-2023 19:49:21,94.232320,37.730287,97.778462,8052.873424,4.468712,37.078334,54.581488,21.910015,5.426690
19-Jun-2023 19:50:21,92.356661,37.303214,94.979424,7816.005416,2.407426,75.008843,54.972670,21.872670,2.985282
19-Jun-2023 19:51:21,86.834977,36.497045,92.558029,7599.061408,1.753595,59.919252,54.540410,21.964475,3.726031
19-Jun-2023 19:52:21,87.468546,34.746004,90.392081,7399.030839,2.776135,43.196479,54.711260,22.002130,3.831851
19-Jun-2023 19:53:21,84.960190,36.450063,88.015073,7185.073435,4.046732,65.909434,54.511155,22.021737,7.643300
19-Jun-2023 19:54:21,83.764079,34.739649,86.104482,7015.891127,5.222089,55.202825,54.819248,22.001507,7.728461
19-Jun-2023 19:55:21,82.921025,34.744260,84.760491,6880.551669,5.069252,59.495179,55.286673,21.963230,6.839311
19-Jun-2023 19:56:21,80.684708,34.805199,83.149912,6733.265797,5.093411,65.784761,55.142897,21.948605,7.745991
19-Jun-2023 19:57:21,78.349197,34.754354,80.850625,6527.270006,2.821060,60.290998,55.386257,21.949228,5.360317
19-Jun-2023 19:58:21,74.649715,34.757843,78.640290,6323.262623,1.471190,68.509851,55.456590,21.963853,2.600805
19-Jun-2023 19:59:21,73.453732,31.670000,77.085239,6171.999937,2.752078,50.662167,54.671115,21.953583,5.277037
19-Jun-2023 20:00:21,71.545295,31.595602,75.374745,6014.764043,1.002120,53.652812,55.030243,21.905970,2.908265
19-Jun-2023 20:01:21,69.789141,30.497324,72.964403,5792.837039,0.573537,80.404482,55.038955,21.958875,1.411097
19-Jun-2023 20:02:21,66.118074,30.738463,70.842931,5603.762673,2.405199,46.106895,55.044558,21.996840,3.723526
19-Jun-2023 20:03:21,63.646599,29.574137,68.676982,5418.657137,3.346049,56.073169,54.732733,21.971632,5.414789
19-Jun-2023 20:04:21,63.035462,30.502433,66.933065,5264.407847,4.572078,63.167095,54.600470,21.896323,7.044693
19-Jun-2023 20:05:21,62.433543,28.581036,65.311434,5127.079982,5.639896,65.103960,54.596425,21.850887,6.886273
19-Jun-2023 20:06:21,62.422577,30.498819,64.078498,5017.605788,2.692438,89.465171,55.135427,21.823500,4.992757
19-Jun-2023 20:07:21,58.783538,30.486606,62.556782,4893.214548,5.899492,60.639603,55.578270,21.795802,6.895040
19-Jun-2023 20:08:21,58.131025,30.480375,60.501890,4737.967062,5.144602,97.429822,56.186670,21.711467,6.773561
19-Jun-2023 20:09:21,56.784003,28.589759,58.602529,4587.694586,2.906952,82.490377,56.348195,21.706487,4.476801
19-Jun-2023 20:10:21,54.346549,26.042270,56.392194,4409.560453,2.769529,91.860596,56.300580,21.731072,5.073531
19-Jun-2023 20:11:21,51.412363,27.245976,54.004134,4241.384327,1.714594,60.216102,56.433775,21.748190,5.161821
19-Jun-2023 20:12:21,50.238687,27.298195,51.882573,4075.188623,1.855371,76.649980,56.505975,21.716135,3.903863
19-Jun-2023 20:13:21,48.974538,27.308538,49.561182,3905.016105,3.767196,78.831771,56.310540,21.647982,6.139261
19-Jun-2023 20:14:21,47.747775,26.066446,47.817265,3761.715032,3.318135,72.370559,56.605247,21.590410,5.029074
19-Jun-2023 20:15:21,45.871239,25.738446,45.851324,3615.427357,1.958779,72.450136,56.902135,21.572360,3.735423
19-Jun-2023 20:16:21,44.018632,24.246366,43.785291,3465.154881,2.931897,88.680041,56.875683,21.566447,4.201916
19-Jun-2023 20:17:21,42.121913,24.226926,41.563815,3306.920791,3.230471,75.352108,56.317075,21.552755,5.542530
19-Jun-2023 20:18:21,41.645362,24.240260,39.509012,3158.644708,2.565656,82.175428,56.518735,21.520700,5.339653
19-Jun-2023 20:19:21,38.550040,22.903334,37.465172,3017.332043,1.342661,68.818337,56.787925,21.501403,2.598924
19-Jun-2023 20:20:21,37.289630,22.882896,35.665815,2882.982796,0.527929,61.450135,56.946325,21.490513,1.786167
19-Jun-2023 20:21:21,36.178516,22.915796,33.855317,2758.591556,2.149706,69.259646,57.483150,21.451923,2.935815
19-Jun-2023 20:22:21,35.543573,20.988169,32.178069,2637.178934,2.124920,66.877912,57.549748,21.380968,2.739185
19-Jun-2023 20:23:21,33.680876,22.905702,30.478627,2519.751112,0.808486,65.545923,57.521428,21.371942,2.649643
19-Jun-2023 20:24:21,32.395414,19.853000,29.068056,2413.271508,1.558874,63.130913,57.623815,21.329307,3.296484
19-Jun-2023 20:25:21,30.010557,20.458033,27.668537,2303.797315,2.115843,76.926309,57.756387,21.295387,3.183149
19-Jun-2023 20:26:21,29.364402,19.853623,26.291211,2209.264125,2.397202,59.046935,57.427135,21.290097,4.372857
19-Jun-2023 20:27:21,28.764477,19.867456,24.891692,2103.774732,3.029157,90.574166,57.402237,21.261468,4.940161
19-Jun-2023 20:28:21,26.319177,19.842407,23.680950,2005.248756,1.319154,62.170123,57.645287,21.237815,2.494356
19-Jun-2023 20:29:21,25.701808,18.668983,22.392486,1916.680788,2.489142,83.649235,57.483150,21.224433,3.369120
19-Jun-2023 20:30:21,25.714768,18.611035,21.215079,1827.114623,4.000079,80.285050,57.395080,21.214475,6.828038
19-Jun-2023 20:31:21,23.797235,18.608044,19.937757,1738.546655,3.664979,74.821281,57.335017,21.204515,5.519361
19-Jun-2023 20:32:21,24.428685,18.608917,18.938075,1651.967094,4.422840,77.303784,57.435848,21.194870,6.965166
19-Jun-2023 20:33:21,22.503428,18.014853,17.905147,1574.347343,3.423071,84.856742,57.548815,21.181175,4.984618
19-Jun-2023 20:34:21,23.171393,16.746092,16.872131,1487.767782,3.928592,88.154743,57.595805,21.165615,5.637077
19-Jun-2023 20:35:21,21.333366,16.113147,15.794727,1416.113253,1.297415,89.627821,57.823918,21.124225,4.865649
19-Jun-2023 20:36:21,20.118443,15.554722,14.906101,1344.466710,1.619940,67.914352,57.894250,21.094972,2.416710
19-Jun-2023 20:37:21,19.456708,16.133584,13.995282,1263.852370,2.587660,73.074791,58.341135,21.028688,3.453652
19-Jun-2023 20:38:21,17.071227,12.436472,13.251135,1195.192431,4.285088,90.016620,58.299435,20.965203,6.690910
19-Jun-2023 20:39:21,17.589148,15.535157,12.495848,1130.501320,4.157507,75.394204,58.445700,20.945285,6.019039
19-Jun-2023 20:40:21,14.626426,10.649545,11.651608,1058.854776,4.746151,94.383965,58.545598,20.921633,6.588843
19-Jun-2023 20:41:21,14.610973,13.708475,10.951849,1004.121673,4.596027,75.997570,58.656385,20.912608,8.048431
19-Jun-2023 20:42:21,14.006317,13.064560,10.218754,942.417165,2.252508,89.692295,58.845285,20.887400,3.687837
19-Jun-2023 20:43:21,14.012673,12.943679,9.474608,878.732236,3.257760,92.883343,58.945185,20.831695,5.454864
19-Jun-2023 20:44:21,12.722852,11.805147,8.830376,827.975947,5.068888,86.065280,58.852753,20.803065,6.673375
19-Jun-2023 20:45:21,12.177511,10.705749,8.252814,767.269636,5.109899,83.652792,58.986575,20.755762,8.071595
19-Jun-2023 20:46:21,11.685262,10.191563,7.730780,722.486553,3.660071,84.838648,59.192903,20.711883,5.441715
19-Jun-2023 20:47:21,11.578961,10.627612,7.275325,662.778439,4.002116,86.315363,59.412923,20.677963,5.311474
19-Jun-2023 20:48:21,10.977046,9.432752,6.831012,616.006949,3.039646,74.763728,59.516865,20.654620,6.191856
19-Jun-2023 20:49:21,10.325281,8.162746,6.420034,570.225671,3.831431,86.780109,59.701098,20.630348,5.499950
19-Jun-2023 20:50:21,10.350828,6.376940,5.920193,524.452377,2.101618,79.420152,59.973400,20.559705,3.883823
19-Jun-2023 20:51:21,9.699937,7.507369,5.575884,485.642502,2.866356,66.437071,60.129933,20.503688,4.245121
19-Jun-2023 20:52:21,8.470685,6.391396,5.253768,447.822838,1.265831,76.401114,60.320700,20.468522,3.591408
19-Jun-2023 20:53:21,7.815679,7.566688,4.765068,411.001370,1.920687,64.711962,60.638437,20.411572,2.533803
19-Jun-2023 20:54:21,7.816800,6.693226,4.498480,367.216484,2.587971,70.848471,60.983562,20.363025,3.095488
19-Jun-2023 20:55:21,8.502961,6.330208,4.165312,336.368223,2.247806,64.269334,61.213230,20.321013,3.736675
19-Jun-2023 20:56:21,7.299752,5.231928,3.898724,309.496776,1.784435,64.464683,61.460325,20.258150,3.098617
19-Jun-2023 20:57:21,6.077476,6.342545,3.598802,283.623526,1.776513,67.816957,61.759082,20.192485,2.099874
19-Jun-2023 20:58:21,6.693724,5.236290,3.298880,255.753883,1.814865,65.860032,61.932733,20.144250,2.573878
19-Jun-2023 20:59:21,6.676527,5.226943,3.021240,231.869040,1.242795,57.913947,62.117897,20.106905,2.910770
19-Jun-2023 21:00:21,6.693600,5.225946,2.721317,212.967194,2.146367,63.370971,62.221840,20.086987,2.814965
19-Jun-2023 21:01:21,6.708803,5.220712,2.565785,192.068954,2.179816,63.577471,62.130657,20.067383,2.854411
19-Jun-2023 21:02:21,5.467461,4.086169,2.321480,166.195704,1.682588,71.076059,62.280035,20.049332,2.258290
19-Jun-2023 21:03:21,4.890968,3.467181,2.099279,150.272476,2.031413,74.689018,62.330760,20.015410,2.565739
19-Jun-2023 21:04:21,5.472196,3.264300,1.921554,139.324258,1.884681,73.762811,62.397980,19.964375,2.529422
19-Jun-2023 21:05:21,4.462399,4.078941,1.654966,118.426018,1.094525,79.518195,62.714472,19.929520,1.841896
19-Jun-2023 21:06:21,4.905299,3.397768,1.499523,101.504593,1.640676,80.409343,62.774848,19.892797,3.167495
19-Jun-2023 21:07:21,5.477804,1.494195,1.332850,88.567968,2.243213,93.302530,63.002958,19.860743,2.794930
19-Jun-2023 21:08:21,3.714178,3.458956,1.210742,84.591154,1.335775,100.852778,63.313228,19.834290,2.094235
19-Jun-2023 21:09:21,4.339275,2.424984,1.033017,75.631343,0.820627,106.002157,63.527957,19.800993,1.947088
19-Jun-2023 21:10:21,4.316594,2.366038,0.899678,59.708115,2.652049,108.961314,63.556278,19.786677,3.602676
19-Jun-2023 21:11:21,4.316968,1.501422,0.821957,50.756289,2.236847,97.193511,63.584595,19.772985,2.907636
19-Jun-2023 21:12:21,3.723276,1.503541,0.666425,52.744697,2.859520,91.620818,63.699430,19.734707,4.383501
19-Jun-2023 21:13:21,4.300892,1.834532,0.633090,38.809875,3.434027,93.658070,63.832313,19.705765,4.081066
19-Jun-2023 21:14:21,3.129710,1.504912,0.466506,32.836668,3.261151,89.267198,63.948702,19.682425,4.076680
19-Jun-2023 21:15:21,3.155008,1.486967,0.433172,36.821468,3.488088,93.437606,64.125777,19.652860,4.631464
19-Jun-2023 21:16:21,3.786084,1.492325,0.377644,34.833061,2.943374,90.030962,64.334915,19.619873,4.362837
19-Jun-2023 21:17:21,3.731999,1.529836,0.333257,23.884843,3.698533,88.739465,64.506700,19.577238,4.502475
19-Jun-2023 21:18:21,3.144291,1.499304,0.211060,19.900043,3.169423,84.197401,64.720185,19.553275,4.387259
19-Jun-2023 21:19:21,3.090081,2.385479,0.266588,23.884843,2.592563,81.459846,64.876407,19.519355,3.446761
19-Jun-2023 21:20:21,2.693665,1.580681,0.133249,21.896436,3.059686,84.225799,65.013960,19.475475,4.279557
19-Jun-2023 21:21:21,3.715300,1.451824,0.066669,18.909832,2.917443,72.648576,65.081180,19.437507,3.468053
19-Jun-2023 21:22:21,2.665127,1.760258,0.111056,16.921425,3.044816,86.290897,65.240827,19.400163,4.313370
19-Jun-2023 21:23:21,2.704507,1.498930,0.088863,7.961614,3.342451,79.654202,65.374643,19.381180,4.236982
19-Jun-2023 21:24:21,3.138434,1.524353,0.022193,9.950022,3.122669,82.989427,65.451510,19.357218,3.983385
19-Jun-2023 21:25:21,2.685814,1.491951,0.044387,11.938429,2.653751,79.301855,65.636052,19.322675,4.235729
19-Jun-2023 21:26:21,3.142421,1.512015,0.044387,6.963418,3.379969,83.600868,65.712298,19.299023,4.149316
19-Jun-2023 21:27:21,2.685689,1.508027,-0.055528,11.938429,3.796994,92.257095,65.879103,19.280350,4.962077
19-Jun-2023 21:28:21,2.677464,1.501173,0.011141,6.963418,3.151624,88.861512,65.991758,19.265413,6.349653
19-Jun-2023 21:29:21,2.956239,1.500176,-0.000000,8.959811,3.297107,83.198080,66.112815,19.250165,4.459266
19-Jun-2023 21:30:21,2.699023,1.479863,0.011141,2.986604,3.141711,86.446032,66.143938,19.237715,5.138028
19-Jun-2023 21:31:21,2.676093,1.456061,-0.066669,5.973207,2.870060,84.167686,66.251613,19.208463,5.282042
19-Jun-2023 21:32:21,2.171756,1.476000,-0.011141,8.959811,3.371618,83.838482,66.265928,19.189790,6.040327
19-Jun-2023 21:33:21,2.181476,1.507280,-0.055528,9.950022,3.475146,87.506191,66.296738,19.175787,4.866273
19-Jun-2023 21:34:21,2.176616,1.506532,0.011141,8.959811,3.358888,85.016843,66.262505,19.156180,4.960196
19-Jun-2023 21:35:21,2.676467,1.491827,-0.044387,8.959811,3.280567,81.117429,66.354310,19.141243,4.392892
19-Jun-2023 21:36:21,2.191570,1.504663,0.011141,1.988407,3.739126,90.944419,66.435845,19.124438,5.082923
19-Jun-2023 21:37:21,2.175619,1.557252,-0.000000,8.959811,2.097422,74.858868,66.457318,19.113235,5.091690
19-Jun-2023 21:38:21,2.689303,1.496936,-0.011141,6.963418,4.106944,82.507623,66.402857,19.103587,6.246962
19-Jun-2023 21:39:21,2.682075,1.505535,-0.055528,3.976814,2.918433,76.126831,66.452960,19.095807,5.377847
19-Jun-2023 21:40:21,2.164902,1.565103,-0.011141,7.961614,3.356588,78.939755,66.317275,19.089273,5.970825
19-Jun-2023 21:41:21,2.682947,1.506407,-0.000000,3.976814,4.020062,83.451351,66.368935,19.084605,5.888798
19-Jun-2023 21:42:21,2.672853,1.492948,-0.144391,9.950022,3.834878,72.341681,66.334702,19.080870,5.616413
19-Jun-2023 21:43:21,3.143045,1.500924,-0.055528,3.976814,1.857599,84.671240,66.276820,19.080557,3.297736
19-Jun-2023 21:44:21,2.670361,1.489833,-0.055528,2.986604,3.714392,79.159288,66.261882,19.079313,5.764190
19-Jun-2023 21:45:21,2.663631,1.468274,-0.022193,7.961614,2.462893,83.971687,66.272153,19.070600,4.494960
19-Jun-2023 21:46:21,3.321251,1.503167,-0.066669,9.950022,2.438997,82.998245,66.451405,19.055040,3.637118
19-Jun-2023 21:47:21,2.162783,1.497559,-0.011141,12.936625,2.671252,89.421026,66.610430,19.020185,4.424829
19-Jun-2023 21:48:21,3.125847,1.491827,-0.044387,2.986604,3.686787,80.492674,66.600470,19.013340,6.243204
19-Jun-2023 21:49:21,2.701391,1.506532,-0.011141,9.950022,3.764900,80.149416,66.685430,18.998712,6.172445
19-Jun-2023 21:50:21,1.693213,1.490331,-0.077721,8.959811,3.662629,89.073919,66.709080,18.988443,5.690931
19-Jun-2023 21:51:21,2.673725,1.485720,-0.033335,-0.998196,3.434697,87.216641,66.709080,18.984085,6.306444
19-Jun-2023 21:52:21,2.166397,1.478866,-0.055528,6.963418,4.838042,86.735862,66.719972,18.977240,7.414754
19-Jun-2023 21:53:21,2.153187,1.489459,-0.100004,15.923229,5.445315,90.757693,66.651820,18.983775,7.598843
19-Jun-2023 21:54:21,2.661886,1.496438,-0.055528,2.986604,5.674231,86.802413,66.480657,18.992488,6.556283
19-Jun-2023 21:55:21,2.165026,1.577316,-0.100004,4.975011,4.286391,84.938004,66.546633,18.994355,6.643320
19-Jun-2023 21:56:21,2.165400,1.509647,-0.100004,4.975011,5.164271,79.910855,66.519248,18.993732,8.234401
19-Jun-2023 21:57:21,2.689428,1.490954,-0.011141,9.950022,5.376543,74.159507,66.632835,18.985953,7.843672
19-Jun-2023 21:58:21,2.170510,1.448708,-0.100004,3.976814,3.824230,76.307182,66.741758,18.966970,6.323350
19-Jun-2023 21:59:21,2.157051,1.490207,-0.033335,0.998196,4.284199,80.771826,66.830765,18.937405,6.556283
19-Jun-2023 22:00:21,1.713152,1.481483,-0.066669,8.959811,1.965182,78.722099,66.969562,18.894770,4.514371
19-Jun-2023 22:01:21,2.694662,1.445967,-0.055528,7.961614,3.851885,87.049035,67.036783,18.856177,7.270111
19-Jun-2023 22:02:21,2.653163,1.469894,-0.100004,15.923229,4.338731,75.273462,67.082840,18.830348,6.561922
19-Jun-2023 22:03:21,2.857540,1.514757,-0.100004,5.973207,4.479668,93.740093,67.207320,18.801092,6.699049
19-Jun-2023 22:04:21,2.660765,1.516875,-0.033335,8.959811,4.549225,82.125557,67.279207,18.788958,6.148652
19-Jun-2023 22:05:21,1.696702,1.484225,-0.044387,8.959811,2.345961,80.202288,67.321533,18.774330,3.642128
19-Jun-2023 22:06:21,2.694662,1.458678,-0.111056,4.975011,3.260473,84.731977,67.569250,18.740720,5.071026
19-Jun-2023 22:07:21,2.648552,1.531207,-0.055528,11.938429,2.458180,85.302080,67.828480,18.712090,3.912626
19-Jun-2023 22:08:21,3.131330,1.492450,-0.000000,4.975011,3.691800,73.780058,67.981593,18.680035,5.307716
19-Jun-2023 22:09:21,2.194811,1.490581,-0.077721,-1.988407,3.247481,76.030193,68.067172,18.645180,5.304588
19-Jun-2023 22:10:21,2.163282,1.557502,-0.055528,2.986604,3.660023,73.303971,68.167380,18.616240,5.450483
19-Jun-2023 22:11:21,2.641947,1.482480,-0.077721,10.948218,3.575126,69.602906,68.224953,18.584185,4.948300
19-Jun-2023 22:12:21,2.655531,1.479489,-0.055528,-0.000000,3.139261,62.961435,68.353480,18.549953,3.898853
19-Jun-2023 22:13:21,3.117248,1.470143,-0.044387,9.950022,3.800749,62.956284,68.469557,18.512298,5.348415
19-Jun-2023 22:14:21,3.719786,1.425529,0.011141,6.963418,3.086717,70.951859,68.590927,18.488335,3.579507
19-Jun-2023 22:15:21,3.116127,1.468647,-0.066669,8.959811,2.816314,66.070377,68.637608,18.466550,4.199411
19-Jun-2023 22:16:21,2.683570,1.500924,-0.088863,7.961614,3.664456,62.969782,68.625470,18.465305,5.492435
19-Jun-2023 22:17:21,2.172254,1.540429,-0.111056,8.959811,3.874015,70.493209,68.472983,18.464995,5.572586
19-Jun-2023 22:18:21,2.153187,1.471638,-0.044387,4.975011,2.849190,71.437313,68.490720,18.460950,3.878189
19-Jun-2023 22:19:21,2.651169,1.480985,-0.044387,11.938429,4.814613,72.420138,68.587815,18.445700,7.305800
19-Jun-2023 22:20:21,1.676015,1.568593,-0.000000,4.975011,4.339305,72.792457,68.498190,18.460015,5.469266
19-Jun-2023 22:21:21,2.672230,1.476125,-0.055528,4.975011,3.280044,77.768149,68.457110,18.464682,4.394774
19-Jun-2023 22:22:21,2.440686,1.496438,-0.044387,6.963418,3.214141,78.922695,68.636675,18.450058,4.139301
19-Jun-2023 22:23:21,2.648926,1.483103,-0.100004,6.963418,2.279851,85.957386,68.700470,18.435742,3.571997
19-Jun-2023 22:24:21,2.162534,1.477246,-0.022193,5.973207,4.338575,94.746727,68.732835,18.422050,6.960161
19-Jun-2023 22:25:21,2.156677,1.495690,0.011141,8.959811,3.737198,81.064276,68.618625,18.425160,4.925131
19-Jun-2023 22:26:21,2.169637,1.488337,-0.044387,9.950022,3.756398,87.469904,68.520285,18.435120,5.696564
19-Jun-2023 22:27:21,2.643069,1.472261,-0.055528,6.963418,3.570273,84.964445,68.472983,18.449122,4.347183
19-Jun-2023 22:28:21,2.152564,1.483602,-0.111056,5.973207,4.662559,88.538123,68.430347,18.459083,7.055337
19-Jun-2023 22:29:21,2.166646,1.556380,-0.066669,2.986604,3.501234,76.612011,68.334497,18.484290,5.636454
19-Jun-2023 22:30:21,2.682698,1.489584,-0.066669,4.975011,4.478048,79.866146,68.101405,18.515410,6.861851
19-Jun-2023 22:31:21,2.174248,1.488088,0.033335,4.975011,4.086072,75.662935,67.951718,18.543730,7.143627
19-Jun-2023 22:32:21,1.733839,1.445094,-0.111056,3.976814,2.799982,68.368130,67.928378,18.557733,4.622696
19-Jun-2023 22:33:21,2.159169,1.471514,-0.022193,10.948218,2.718946,67.860643,68.077755,18.550265,3.315267
19-Jun-2023 22:34:21,2.688431,1.481608,-0.122197,0.998196,3.378561,65.083991,68.268522,18.507008,4.362213
19-Jun-2023 22:35:21,2.449908,1.434128,-0.044387,8.959811,3.496490,67.209361,68.501300,18.454725,4.567596
19-Jun-2023 22:36:21,2.645935,1.478742,-0.011141,5.973207,3.202765,66.006728,68.679620,18.391863,3.987767
19-Jun-2023 22:37:21,2.703011,1.494818,-0.122197,8.959811,3.128928,61.432888,68.995180,18.321220,5.196886
19-Jun-2023 22:38:21,2.673850,1.441356,-0.055528,3.976814,3.226765,63.765413,69.186570,18.288855,4.657762
19-Jun-2023 22:39:21,2.154932,1.470392,-0.077721,6.963418,4.761234,74.292797,69.094765,18.291965,6.002757
19-Jun-2023 22:40:21,2.677090,1.485222,-0.033335,9.950022,3.621982,67.581494,69.097878,18.293210,5.093571
19-Jun-2023 22:41:21,2.164777,1.498556,-0.066669,2.986604,4.252579,65.757957,69.165718,18.291965,6.451092
19-Jun-2023 22:42:21,2.678710,1.479489,-0.077721,5.973207,4.368370,66.328992,69.161673,18.291032,6.342762
19-Jun-2023 22:43:21,2.713479,1.476498,0.011141,4.975011,4.735768,76.017441,69.229515,18.267693,6.942626
19-Jun-2023 22:44:21,2.156677,1.432383,-0.033335,5.973207,4.292185,67.373968,69.432113,18.239063,6.612641
19-Jun-2023 22:45:21,2.247026,1.493073,-0.088863,7.961614,4.036501,68.905230,69.564375,18.205763,7.091655
19-Jun-2023 22:46:21,2.216370,1.481608,-0.066669,2.986604,4.944439,55.816047,69.717175,18.188335,6.943878
19-Jun-2023 22:47:21,2.677838,1.447337,-0.100004,9.950022,3.731297,67.018982,69.791863,18.166240,7.003989
19-Jun-2023 22:48:21,1.912419,1.480486,-0.088863,1.988407,4.827242,57.773252,69.868420,18.163440,6.364054
19-Jun-2023 22:49:21,2.173625,1.488213,-0.033335,6.963418,4.501688,59.617129,69.845080,18.158460,7.327088
19-Jun-2023 22:50:21,2.180728,1.474505,-0.055528,6.963418,4.270166,59.242380,69.896115,18.153170,6.325855
19-Jun-2023 22:51:21,2.103090,1.475875,-0.044387,6.963418,5.097379,65.087748,69.891137,18.134498,6.508697
19-Jun-2023 22:52:21,2.173376,1.469520,-0.022193,2.986604,4.086593,53.812529,69.973605,18.105867,6.868114
19-Jun-2023 22:53:21,2.680330,1.490331,-0.033335,10.948218,4.224508,61.839796,69.929725,18.072568,5.439210
19-Jun-2023 22:54:21,2.450032,1.483353,-0.077721,6.963418,4.231969,62.807338,69.845080,18.048917,6.771056
19-Jun-2023 22:55:21,2.654659,1.468398,-0.077721,5.973207,3.713143,55.445510,69.915410,18.030555,4.935151
19-Jun-2023 22:56:21,2.671731,1.508152,-0.055528,10.948218,2.864633,60.289219,69.848190,17.997257,4.777983
19-Jun-2023 22:57:21,2.711361,1.484848,-0.077721,8.959811,3.318763,57.332974,69.828897,17.967692,4.126147
19-Jun-2023 22:58:21,2.155181,1.563234,-0.111056,5.973207,2.932938,53.204285,69.873397,17.930348,4.125523
19-Jun-2023 22:59:21,2.171257,1.482854,-0.133249,5.973207,2.506729,50.233140,70.009082,17.909497,3.309009
19-Jun-2023 23:00:21,2.174497,2.406042,0.011141,4.975011,2.905699,49.203822,69.948397,17.901095,4.347812
19-Jun-2023 23:01:21,2.182473,1.504040,-0.055528,11.938429,3.792248,50.090845,69.982007,17.902030,5.250111
19-Jun-2023 23:02:21,2.675719,1.471015,-0.022193,7.961614,3.637949,51.562033,70.100887,17.905763,6.073511
19-Jun-2023 23:03:21,2.660142,1.483477,-0.100004,-0.998196,5.124147,43.308212,70.108667,17.936263,6.701554
19-Jun-2023 23:04:21,2.162035,1.468897,-0.111056,-2.986604,3.330814,21.702752,69.928793,17.968005,5.372837
19-Jun-2023 23:05:21,2.692169,1.407957,-0.077721,4.975011,2.786522,56.185663,70.510118,17.938130,4.589507
19-Jun-2023 23:06:21,2.660640,2.398190,-0.066669,4.975011,2.786992,59.693535,71.567585,17.862195,3.867545
19-Jun-2023 23:07:21,2.681950,1.470267,-0.100004,9.950022,2.877470,86.275944,72.839480,17.708773,3.873808
19-Jun-2023 23:08:21,3.131704,1.436246,-0.100004,4.975011,3.453597,43.359858,73.809497,17.620080,5.367203
19-Jun-2023 23:09:21,3.107154,1.477994,-0.100004,7.961614,4.441995,35.552597,74.728488,17.534500,7.044064
19-Jun-2023 23:10:21,3.127218,1.477994,-0.111056,-0.000000,3.571576,57.419230,75.065208,17.433980,5.819291
19-Jun-2023 23:11:21,2.966333,1.560492,-0.122197,-0.998196,2.817254,48.461060,75.311993,17.377652,4.473043
19-Jun-2023 23:12:21,3.134695,1.472884,-0.000000,7.961614,3.050134,47.565788,75.343113,17.343733,5.282671
19-Jun-2023 23:13:21,2.667993,2.393330,-0.033335,7.961614,3.390665,55.480095,75.227658,17.332840,5.257626
19-Jun-2023 23:14:21,2.717716,1.448833,-0.066669,11.938429,3.174535,54.957143,75.044048,17.324438,4.616434
19-Jun-2023 23:15:21,2.667993,1.435623,-0.033335,7.961614,3.267259,49.625447,75.023818,17.310432,5.272651
19-Jun-2023 23:16:21,2.673102,1.459301,-0.066669,2.986604,5.283349,39.121589,74.919565,17.309500,7.296408
19-Jun-2023 23:17:21,3.148403,1.442228,0.033335,3.976814,3.783582,51.274638,74.955043,17.315100,6.717208
19-Jun-2023 23:18:21,2.156428,1.537562,-0.022193,8.959811,3.392596,65.884029,75.090728,17.319770,5.079170
19-Jun-2023 23:19:21,2.836728,2.393580,-0.055528,9.950022,4.192417,57.479201,75.070188,17.281802,5.878149
19-Jun-2023 23:20:21,2.143592,1.460921,-0.066669,-0.000000,3.696550,53.688614,74.889380,17.228275,4.997767
19-Jun-2023 23:21:21,2.637087,1.527717,-0.055528,10.948218,4.395501,67.675414,74.900273,17.200578,5.849975
19-Jun-2023 23:22:21,2.670610,1.455936,-0.044387,6.963418,6.558580,73.391147,74.452443,17.182218,9.410956
19-Jun-2023 23:23:21,2.181850,1.453818,-0.155532,2.986604,6.139051,65.098989,74.141863,17.200890,9.401564
19-Jun-2023 23:24:21,2.181601,1.536690,-0.066669,9.950022,6.856216,78.655262,73.707113,17.232323,11.682676
19-Jun-2023 23:25:21,2.190947,1.451201,-0.088863,2.986604,7.477004,86.919306,73.235640,17.286470,10.265045
19-Jun-2023 23:26:21,2.699896,1.451574,-0.088863,4.975011,4.298708,81.901340,73.160952,17.309188,5.647721
19-Jun-2023 23:27:21,2.652166,1.409827,-0.011141,5.973207,4.923878,71.155928,73.137300,17.314168,7.869346
19-Jun-2023 23:28:21,2.673352,1.470641,0.022193,4.975011,4.667987,78.033608,73.057322,17.314168,6.326484
19-Jun-2023 23:29:21,2.663756,1.459924,-0.066669,5.973207,4.918503,71.725937,72.887095,17.312613,7.813617
19-Jun-2023 23:30:21,2.179981,1.470018,-0.033335,3.976814,6.604865,66.266564,72.499957,17.333462,10.298229
19-Jun-2023 23:31:21,2.160540,1.453195,-0.077721,8.959811,5.161769,66.424043,72.408153,17.345600,8.153622
19-Jun-2023 23:32:21,2.659893,1.559246,-0.055528,9.950022,4.939794,71.830544,72.019150,17.365828,8.240035
19-Jun-2023 23:33:21,2.152066,1.466404,-0.111056,5.973207,3.742829,80.199004,72.271535,17.366138,5.643340
19-Jun-2023 23:34:21,2.718464,1.464410,-0.066669,7.961614,2.754524,126.444762,72.088548,17.369250,7.465473
19-Jun-2023 23:35:21,2.162035,1.411945,0.011141,-0.000000,1.819254,64.147953,72.071120,17.376098,3.416081
19-Jun-2023 23:36:21,2.671108,1.472386,-0.066669,2.986604,3.264177,87.840354,72.227655,17.346845,7.943234
19-Jun-2023 23:37:21,2.719212,1.480237,-0.111056,11.938429,5.106248,84.735540,72.381390,17.324125,9.697741
19-Jun-2023 23:38:21,2.154309,1.486094,-0.055528,7.961614,6.265692,90.043800,72.208363,17.309500,9.633244
19-Jun-2023 23:39:21,2.180604,1.464036,-0.077721,6.963418,3.726496,74.164381,72.175062,17.310432,7.955131
19-Jun-2023 23:40:21,2.156926,1.447213,-0.033335,7.961614,2.688734,84.870895,72.207427,17.310123,4.060402
19-Jun-2023 23:41:21,2.163406,1.460422,-0.155532,7.961614,6.731609,84.664392,71.804722,17.299230,11.124764
19-Jun-2023 23:42:21,2.658273,1.458055,-0.055528,10.948218,3.528527,80.361259,71.733455,17.301408,4.931393
19-Jun-2023 23:43:21,2.674722,1.537812,-0.044387,15.923229,4.107205,75.564050,71.753685,17.275268,7.462968
19-Jun-2023 23:44:21,2.662759,1.467526,-0.022193,1.988407,4.251849,84.534195,71.875675,17.252550,6.256353
19-Jun-2023 23:45:21,2.657899,1.442477,-0.000000,14.925032,3.189403,66.679767,72.035645,17.198713,5.448602
19-Jun-2023 23:46:21,2.658896,1.561863,-0.022193,9.950022,3.672966,85.989725,71.990510,17.180040,7.251323
19-Jun-2023 23:47:21,2.165525,1.478492,-0.033335,10.948218,4.390958,80.222252,71.918932,17.170392,8.497389
19-Jun-2023 23:48:21,2.687683,1.471638,0.011141,7.961614,3.697330,87.566461,71.857315,17.170080,6.670246
19-Jun-2023 23:49:21,2.683820,1.431386,-0.055528,2.986604,2.736045,74.751450,71.887190,17.171325,4.641479
19-Jun-2023 23:50:21,2.221479,1.463538,-0.122197,8.959811,4.078977,80.488090,71.865405,17.154832,6.723471
19-Jun-2023 23:51:21,2.225467,1.466653,-0.133249,3.976814,2.557319,97.713095,71.946318,17.146740,5.714095
19-Jun-2023 23:52:21,2.670485,1.404219,-0.100004,4.975011,1.946861,73.551625,72.071120,17.104418,2.917032
19-Jun-2023 23:53:21,2.733792,1.464535,-0.055528,9.950022,2.045995,94.210740,72.198715,17.061160,4.041615
19-Jun-2023 23:54:21,3.153637,1.450328,-0.066669,9.950022,3.117602,79.081858,72.250372,17.017902,6.424165
19-Jun-2023 23:55:21,2.664130,1.412818,-0.088863,4.975011,2.128918,77.757840,72.308257,16.966555,4.766087
19-Jun-2023 23:56:21,2.669364,1.467775,-0.077721,1.988407,1.564264,49.205322,72.578693,16.913960,4.655257
19-Jun-2023 23:57:21,2.682449,1.475128,-0.000000,3.976814,3.164253,63.453082,72.349335,16.889687,4.555694
19-Jun-2023 23:58:21,2.653662,1.432508,-0.077721,5.973207,2.843500,63.059017,72.063030,16.894977,4.805533
19-Jun-2023 23:59:21,2.187333,1.461419,-0.066669,-0.000000,1.201096,55.603735,72.022885,16.904935,2.215714
