DateTime,SPN1 Total (W/m2),SPN1 Diff (W/m2),Out Irr (W/m2),Out Ill (Lux),Wind Speed (Km/h),Wind Dir (deg),RH (%),T (deg C),MaxWS (KM/h)
14-Jun-2023 00:00:21,2.640203,1.441729,-0.033335,8.959811,4.879472,179.720685,61.959807,15.705240,9.004577
14-Jun-2023 00:01:21,1.738076,1.421915,-0.000000,4.975011,5.588337,166.079859,62.132212,15.691548,8.523687
14-Jun-2023 00:02:21,2.657026,1.360103,-0.077721,8.959811,4.954977,174.545530,62.543000,15.607213,8.256313
14-Jun-2023 00:03:21,2.306844,1.431760,-0.011141,7.961614,4.828858,162.124667,62.484805,15.590717,7.200604
14-Jun-2023 00:04:21,2.150820,1.440857,-0.000000,6.963418,4.995680,165.018486,62.431280,15.594762,6.466745
14-Jun-2023 00:05:21,2.162908,1.419921,-0.088863,9.950022,4.985818,182.829442,62.582835,15.596320,6.694039
14-Jun-2023 00:06:21,2.664130,1.413690,-0.033335,9.950022,3.793078,177.457523,62.443105,15.595075,6.615770
14-Jun-2023 00:07:21,2.129385,1.415559,-0.100004,4.975011,3.207926,171.273858,62.586880,15.564888,9.188672
14-Jun-2023 00:08:21,2.136364,1.420419,-0.022193,5.973207,5.048433,165.954627,62.457110,15.567065,6.419779
14-Jun-2023 00:09:21,2.636589,1.429891,-0.088863,1.988407,3.547311,167.985322,62.657213,15.551817,5.330885
14-Jun-2023 00:10:21,2.142345,1.508152,-0.055528,7.961614,4.228945,174.923561,62.779515,15.537812,5.489306
14-Jun-2023 00:11:21,2.143592,1.419547,-0.066669,5.973207,4.560287,158.098333,62.826817,15.520075,5.831816
14-Jun-2023 00:12:21,2.150197,1.432009,-0.033335,10.948218,2.896833,173.392946,63.016962,15.504202,4.152450
14-Jun-2023 00:13:21,2.156801,1.487340,-0.088863,4.975011,4.016308,173.914025,63.201505,15.466860,5.888169
14-Jun-2023 00:14:21,2.656403,1.424532,-0.022193,4.975011,5.933253,168.992236,63.112813,15.462502,7.059095
14-Jun-2023 00:15:21,2.146333,1.425653,-0.000000,3.976814,4.142690,157.778133,63.004515,15.465615,5.454864
14-Jun-2023 00:16:21,2.341738,1.496438,-0.122197,4.975011,3.099065,171.278171,63.275572,15.448188,6.225669
14-Jun-2023 00:17:21,2.135242,1.405465,-0.066669,1.988407,6.364939,158.299212,63.207417,15.434805,7.878737
14-Jun-2023 00:18:21,2.156926,1.404094,-0.044387,8.959811,6.081810,143.935962,63.122150,15.449120,7.641424
14-Jun-2023 00:19:21,2.567549,1.397739,-0.111056,3.976814,3.470345,174.724935,63.088540,15.452855,5.173094
14-Jun-2023 00:20:21,2.654659,1.403970,-0.044387,4.975011,3.708286,194.294840,63.325675,15.435738,5.209411
14-Jun-2023 00:21:21,2.699023,1.432757,-0.044387,6.963418,3.575646,165.700883,63.544140,15.391860,5.171212
14-Jun-2023 00:22:21,2.676342,1.483228,-0.077721,2.986604,3.301228,159.482160,63.601090,15.356693,5.819920
14-Jun-2023 00:23:21,2.169513,1.412818,-0.055528,3.976814,5.700947,160.745437,63.553165,15.365718,7.914432
14-Jun-2023 00:24:21,2.671233,1.420544,-0.022193,7.961614,4.280290,168.407505,63.577438,15.391548,5.051615
14-Jun-2023 00:25:21,2.634844,1.373936,-0.066669,5.973207,4.160795,173.416852,63.539473,15.395283,6.610136
14-Jun-2023 00:26:21,2.654534,1.428021,-0.022193,3.976814,3.849436,164.226606,63.626297,15.380967,5.186866
14-Jun-2023 00:27:21,2.188206,1.436994,-0.088863,7.961614,4.525117,187.742891,63.740820,15.361362,6.134251
14-Jun-2023 00:28:21,2.634969,1.368951,-0.066669,8.959811,3.784159,166.509916,63.858455,15.325573,6.115468
14-Jun-2023 00:29:21,2.145212,1.423286,-0.066669,9.950022,3.739594,177.408785,63.986358,15.300055,6.669618
14-Jun-2023 00:30:21,2.210139,1.425778,-0.066669,11.938429,1.729973,190.603142,64.044243,15.267378,3.485584
14-Jun-2023 00:31:21,2.652042,1.365587,-0.088863,-0.998196,2.922709,175.189114,64.383152,15.214472,4.243868
14-Jun-2023 00:32:21,2.648054,1.428021,-0.044387,5.973207,3.507499,158.095239,64.513858,15.194868,4.475548
14-Jun-2023 00:33:21,2.695160,1.425030,-0.088863,7.961614,3.708340,139.225922,64.557425,15.190200,4.664024
14-Jun-2023 00:34:21,2.134494,1.372690,-0.077721,13.934821,2.672350,169.469538,64.666970,15.181175,3.300241
14-Jun-2023 00:35:21,2.150072,1.415559,-0.022193,8.959811,2.975884,173.154483,64.729210,15.171218,3.725407
14-Jun-2023 00:36:21,2.672604,1.415684,-0.077721,3.976814,4.274184,165.262761,64.788027,15.161570,5.511846
14-Jun-2023 00:37:21,2.656403,1.435498,-0.033335,8.959811,3.813328,174.829079,64.809810,15.156590,4.935775
14-Jun-2023 00:38:21,2.649549,1.427772,-0.066669,3.976814,5.173823,161.850586,64.875163,15.146942,6.872495
14-Jun-2023 00:39:21,2.169014,1.426900,-0.044387,5.973207,4.469391,164.710747,64.907528,15.146942,5.658370
14-Jun-2023 00:40:21,2.144215,1.526222,-0.111056,0.998196,4.851506,162.264526,64.947672,15.143830,6.521217
14-Jun-2023 00:41:21,2.164403,1.412818,-0.033335,11.938429,5.040918,159.472687,64.948295,15.136985,7.114819
14-Jun-2023 00:42:21,2.192069,1.430514,-0.077721,2.986604,5.237796,156.583467,64.891968,15.148498,6.826786
14-Jun-2023 00:43:21,2.624251,1.368079,-0.066669,11.938429,5.119347,166.097764,64.899748,15.155035,7.144251
14-Jun-2023 00:44:21,2.655531,1.443474,-0.044387,5.973207,4.843418,158.440471,64.970703,15.152545,7.611992
14-Jun-2023 00:45:21,1.700690,1.442726,-0.011141,9.950022,6.713243,158.887870,64.985640,15.150365,8.215614
14-Jun-2023 00:46:21,2.176491,1.425280,-0.033335,-1.988407,3.988028,156.026111,64.827237,15.172150,6.111710
14-Jun-2023 00:47:21,2.160789,1.412444,-0.066669,6.963418,4.779445,170.215299,64.847155,15.178063,6.012777
14-Jun-2023 00:48:21,2.656777,1.485097,-0.011141,7.961614,2.806400,175.499668,64.976305,15.157522,3.759844
14-Jun-2023 00:49:21,2.653662,1.438240,-0.100004,2.986604,3.690286,157.304486,65.227132,15.123913,4.935775
14-Jun-2023 00:50:21,2.662634,1.422040,-0.066669,6.963418,3.022794,160.806838,65.254520,15.089683,5.197510
14-Jun-2023 00:51:21,2.662011,1.514757,-0.022193,8.959811,3.643584,168.538364,65.331388,15.076610,4.966459
14-Jun-2023 00:52:21,2.162285,1.419672,-0.055528,5.973207,2.972147,185.920008,65.364995,15.057318,4.858758
14-Jun-2023 00:53:21,2.682324,1.422164,-0.055528,2.986604,3.743405,181.414026,65.468937,15.028062,5.464256
14-Jun-2023 00:54:21,2.669364,1.505660,-0.066669,9.950022,3.768923,175.534627,65.674020,15.008770,4.976479
14-Jun-2023 00:55:21,2.618643,1.414812,0.022193,2.986604,3.181684,166.653427,65.749955,14.996632,4.401660
14-Jun-2023 00:56:21,2.669114,1.405839,-0.077721,0.998196,3.680370,171.643556,65.775472,14.990720,5.355307
14-Jun-2023 00:57:21,2.648552,1.509897,-0.022193,3.976814,4.726063,177.866688,65.800680,14.984495,6.489286
14-Jun-2023 00:58:21,2.657276,1.408830,-0.044387,5.973207,4.573699,175.396087,65.919560,14.966135,6.847450
14-Jun-2023 00:59:21,2.663257,1.440359,-0.122197,6.963418,5.123208,177.107426,65.862920,14.970180,6.886273
14-Jun-2023 01:00:21,2.165026,1.498307,-0.011141,2.986604,4.494697,174.387580,65.682423,14.985740,5.911338
14-Jun-2023 01:01:21,2.159668,1.407957,-0.077721,7.961614,4.201392,173.615381,65.676510,15.000055,5.288305
14-Jun-2023 01:02:21,2.150944,1.417553,-0.033335,7.961614,3.541207,167.813971,65.900888,14.979205,5.127384
14-Jun-2023 01:03:21,2.154060,1.520240,-0.055528,6.963418,2.984755,176.453239,66.107215,14.938747,4.502475
14-Jun-2023 01:04:21,2.167643,1.413441,-0.022193,2.986604,4.018498,185.498659,66.091343,14.909185,5.991484
14-Jun-2023 01:05:21,2.159792,1.413067,0.011141,1.988407,4.077984,185.584334,66.130865,14.876508,5.638959
14-Jun-2023 01:06:21,2.677090,1.494319,-0.000000,8.959811,4.861315,176.220025,66.306072,14.851923,7.015262
14-Jun-2023 01:07:21,2.170260,1.416058,-0.133249,12.936625,5.040187,188.834448,66.254725,14.861570,7.010880
14-Jun-2023 01:08:21,2.661637,1.421915,-0.077721,10.948218,4.192256,193.724743,66.120908,14.866550,8.025885
14-Jun-2023 01:09:21,2.670236,1.502046,-0.044387,10.948218,5.279540,189.357115,65.991448,14.876820,8.294512
14-Jun-2023 01:10:21,2.655406,1.412444,-0.066669,13.934821,4.204991,167.378852,66.028792,14.889268,5.674024
14-Jun-2023 01:11:21,2.158297,1.419921,-0.111056,4.975011,5.627164,186.838709,66.010430,14.886155,7.131725
14-Jun-2023 01:12:21,2.291266,1.382161,-0.044387,11.938429,3.546060,190.825486,66.062400,14.869350,4.682807
14-Jun-2023 01:13:21,2.657774,1.418176,-0.033335,6.963418,6.089271,169.490906,66.381695,14.814268,9.023989
14-Jun-2023 01:14:21,2.661886,1.431511,-0.088863,11.938429,5.309596,170.427609,66.318520,14.813333,7.518068
14-Jun-2023 01:15:21,2.693789,1.514508,-0.044387,2.986604,7.113986,143.130864,65.971842,14.879307,8.807963
14-Jun-2023 01:16:21,2.150944,1.420419,-0.077721,6.963418,5.776452,154.916285,65.776095,14.912608,7.955755
14-Jun-2023 01:17:21,2.340741,1.441480,-0.011141,1.988407,5.429033,159.408761,65.685222,14.955865,8.451051
14-Jun-2023 01:18:21,2.161163,1.429392,-0.033335,4.975011,5.159317,171.273481,65.684602,14.965200,6.748516
14-Jun-2023 01:19:21,2.157424,1.442976,-0.022193,7.961614,4.907389,146.341223,65.609602,14.979515,6.844945
14-Jun-2023 01:20:21,2.293260,1.482480,-0.033335,9.950022,6.864148,166.529791,65.614270,14.990098,10.179884
14-Jun-2023 01:21:21,2.670485,1.428395,-0.033335,2.986604,4.640228,158.561579,65.820598,14.971112,7.150513
14-Jun-2023 01:22:21,2.180230,1.428021,-0.100004,6.963418,5.123520,161.093289,65.995805,14.941237,6.844945
14-Jun-2023 01:23:21,2.160914,1.392629,-0.122197,3.976814,5.722862,160.615142,66.019455,14.928168,8.500518
14-Jun-2023 01:24:21,2.156801,1.419921,-0.088863,7.961614,5.317683,169.682974,66.090720,14.924432,7.271987
14-Jun-2023 01:25:21,2.210513,1.424657,-0.077721,6.963418,3.836807,160.168676,66.124330,14.913540,5.202520
14-Jun-2023 01:26:21,2.183221,1.355119,-0.022193,3.976814,3.780766,155.477948,66.539163,14.861570,5.719105
14-Jun-2023 01:27:21,2.171133,1.428021,-0.077721,11.938429,4.466343,174.242574,66.501198,14.823603,7.734723
14-Jun-2023 01:28:21,2.642820,1.412942,-0.033335,5.973207,4.432916,170.668329,66.697878,14.789992,6.365307
14-Jun-2023 01:29:21,2.634221,2.439440,-0.044387,10.948218,4.013700,187.080832,66.889272,14.757317,5.404774
14-Jun-2023 01:30:21,2.165026,1.423535,-0.122197,5.973207,3.891887,187.173998,67.015308,14.714683,5.230070
14-Jun-2023 01:31:21,3.697105,1.426775,-0.044387,12.936625,3.390460,177.556697,67.298502,14.661155,4.712238
14-Jun-2023 01:32:21,2.648428,1.456933,-0.055528,4.975011,2.837763,182.696519,67.429830,14.632525,4.008431
14-Jun-2023 01:33:21,2.656777,1.410076,-0.066669,0.998196,4.148166,188.717365,67.623398,14.603895,5.803637
14-Jun-2023 01:34:21,2.673352,1.401602,-0.044387,7.961614,4.191270,186.951941,67.488025,14.604518,6.524351
14-Jun-2023 01:35:21,2.690549,1.406836,0.011141,5.973207,3.517101,165.088787,67.469352,14.603273,4.146811
14-Jun-2023 01:36:21,2.666497,1.367331,-0.055528,6.963418,2.202933,175.525346,67.572982,14.599537,3.241383
14-Jun-2023 01:37:21,2.662260,1.428021,-0.100004,2.986604,2.173726,189.194952,67.677548,14.523605,3.283959
14-Jun-2023 01:38:21,2.179108,1.435748,-0.000000,5.973207,3.111135,185.612928,67.807320,14.491240,3.993400
14-Jun-2023 01:39:21,2.668118,1.382036,0.033335,3.976814,1.832696,192.722426,67.900370,14.470700,3.366615
14-Jun-2023 01:40:21,2.720209,1.434502,-0.066669,1.988407,1.825634,183.772700,68.133148,14.417485,3.560724
14-Jun-2023 01:41:21,2.669114,1.414438,-0.055528,0.998196,3.133000,176.710172,68.333562,14.404412,3.814321
14-Jun-2023 01:42:21,2.149200,1.506033,-0.111056,2.986604,1.774164,195.484725,68.478895,14.346530,2.744819
14-Jun-2023 01:43:21,2.655905,1.400231,-0.077721,6.963418,0.763293,194.072495,68.879100,14.255970,2.270191
14-Jun-2023 01:44:21,2.649674,1.409951,-0.066669,10.948218,0.192533,191.175303,69.101610,14.166342,0.192936
14-Jun-2023 01:45:21,3.174200,1.404967,-0.044387,5.973207,0.192423,191.220673,69.748295,14.085430,0.192747
14-Jun-2023 01:46:21,3.108026,2.258741,-0.088863,7.961614,0.192282,191.214579,70.393417,13.947880,0.192622
14-Jun-2023 01:47:21,3.696358,1.410450,-0.100004,9.950022,0.192199,191.219361,70.681593,13.834602,0.192622
14-Jun-2023 01:48:21,3.109896,2.340242,-0.088863,7.961614,0.192152,191.252075,71.297150,13.781385,0.192434
14-Jun-2023 01:49:21,3.692619,1.476872,-0.066669,4.975011,0.192261,191.279539,71.601195,13.751823,0.192559
14-Jun-2023 01:50:21,3.695859,1.413316,-0.033335,5.973207,0.192204,191.340092,71.944140,13.675887,0.192496
14-Jun-2023 01:51:21,3.682774,1.410574,-0.077721,-1.988407,0.191948,191.266228,72.609503,13.594347,0.192245
14-Jun-2023 01:52:21,2.970072,2.331145,-0.055528,7.961614,0.191901,191.209892,72.931908,13.551403,0.192371
14-Jun-2023 01:53:21,3.679908,2.415263,-0.199919,-0.000000,0.191712,191.308689,73.235640,13.451817,0.192057
14-Jun-2023 01:54:21,3.341564,1.416930,-0.055528,3.976814,0.191639,191.303346,73.493628,13.365302,0.192120
14-Jun-2023 01:55:21,3.127218,2.353452,-0.033335,3.976814,0.191551,191.258541,73.814477,13.289993,0.191995
14-Jun-2023 01:56:21,2.673227,1.406711,-0.111056,3.976814,0.191488,191.273539,74.247672,13.209080,0.191869
14-Jun-2023 01:57:21,2.656528,2.274318,-0.000000,8.959811,0.191446,191.331094,74.487920,13.184182,0.191995
14-Jun-2023 01:58:21,2.632352,1.400231,-0.033335,5.973207,0.191205,191.338124,74.290617,13.160220,0.191618
14-Jun-2023 01:59:21,2.651917,2.317686,-0.066669,6.963418,0.191179,191.431015,74.702035,13.093623,0.191556
14-Jun-2023 02:00:21,3.106032,1.393377,-0.022193,5.973207,0.191226,191.385553,75.012615,13.079307,0.191493
14-Jun-2023 02:01:21,3.107154,1.323465,-0.000000,7.961614,0.191268,191.353776,75.021018,13.073705,0.191556
14-Jun-2023 02:02:21,2.630482,2.304850,-0.044387,3.976814,0.191441,191.321907,74.757118,13.107938,0.191744
14-Jun-2023 02:03:21,2.298494,1.392754,-0.055528,9.950022,0.191148,191.300724,74.317070,13.149640,0.191493
14-Jun-2023 02:04:21,2.161662,1.482231,-0.066669,5.973207,0.191158,191.286381,74.066553,13.107628,0.191368
14-Jun-2023 02:05:21,3.112637,1.402973,-0.044387,6.963418,0.191174,191.273164,74.486675,13.036363,0.191368
14-Jun-2023 02:06:21,2.656902,1.389264,-0.077721,3.976814,0.191038,191.219549,75.498715,12.992792,0.191368
14-Jun-2023 02:07:21,3.140677,1.402599,-0.088863,3.976814,0.190871,191.188054,76.029938,12.983767,0.191180
14-Jun-2023 02:08:21,2.641947,1.997036,-0.077721,5.973207,0.205969,191.188241,76.066970,12.993105,0.370412
14-Jun-2023 02:09:21,2.650671,2.305722,-0.022193,11.938429,0.241044,191.209893,75.879937,13.002753,0.792565
14-Jun-2023 02:10:21,2.651418,2.315941,-0.044387,8.959811,0.190719,191.235295,76.043007,12.993105,0.191368
14-Jun-2023 02:11:21,2.659269,2.324042,-0.022193,5.973207,0.190887,191.261261,76.201097,12.983145,0.191305
14-Jun-2023 02:12:21,3.534227,1.348015,-0.022193,3.976814,0.190970,191.270914,76.298815,12.973500,0.191117
14-Jun-2023 02:13:21,2.657525,1.388766,-0.000000,8.959811,0.190855,191.325844,76.033360,12.969142,0.191117
14-Jun-2023 02:14:21,2.642695,1.395122,-0.077721,3.976814,0.190949,191.360807,76.501098,12.912503,0.191242
14-Jun-2023 02:15:21,2.627491,2.372893,-0.066669,2.986604,0.190782,191.378524,77.285955,12.863955,0.191054
14-Jun-2023 02:16:21,3.652741,1.355492,0.033335,3.976814,0.190657,272.881379,78.138340,12.807627,0.191493
14-Jun-2023 02:17:21,3.660467,2.129260,-0.077721,2.986604,0.190730,316.726934,78.210850,12.727027,0.191180
14-Jun-2023 02:18:21,3.121735,1.394748,-0.100004,5.973207,0.191618,301.849066,78.712820,12.621527,0.191995
14-Jun-2023 02:19:21,3.689130,2.418254,-0.066669,11.938429,0.191488,287.084242,78.945288,12.582940,0.191807
14-Jun-2023 02:20:21,2.628862,2.301859,-0.033335,6.963418,0.191592,286.997723,78.784085,12.521323,0.191869
14-Jun-2023 02:21:21,2.619640,1.393502,-0.066669,8.959811,0.191566,287.178355,79.469043,12.449123,0.192057
14-Jun-2023 02:22:21,2.680704,1.380541,-0.033335,7.961614,0.191556,287.295430,80.129735,12.454102,0.191807
14-Jun-2023 02:23:21,2.630856,1.332313,-0.088863,1.988407,0.191556,287.320270,80.016145,12.477752,0.191869
14-Jun-2023 02:24:21,2.624500,1.391881,-0.122197,5.973207,0.191561,287.271902,79.695597,12.477752,0.191995
14-Jun-2023 02:25:21,3.103166,2.021462,-0.033335,0.998196,0.191613,287.244250,79.915005,12.439788,0.191932
14-Jun-2023 02:26:21,2.650421,2.392832,-0.055528,0.998196,0.191817,287.133548,80.028905,12.319972,0.192183
14-Jun-2023 02:27:21,2.720458,1.388143,-0.033335,14.925032,0.191822,287.245374,80.522783,12.232837,0.192183
14-Jun-2023 02:28:21,3.080859,2.298370,-0.033335,7.961614,0.191655,287.250343,82.271430,12.206385,0.192183
14-Jun-2023 02:29:21,2.675096,1.371319,-0.044387,7.961614,0.286604,243.838422,82.695295,12.210740,1.332198
14-Jun-2023 02:30:21,2.636464,1.355617,0.011141,3.976814,1.975999,47.491840,85.180255,12.249952,2.996554
14-Jun-2023 02:31:21,2.633722,1.376055,-0.033335,4.975011,1.885309,35.571345,86.041353,12.300990,2.679074
14-Jun-2023 02:32:21,3.109896,1.354869,-0.166584,3.976814,2.396676,40.271639,86.764898,12.271738,2.838758
14-Jun-2023 02:33:21,3.109023,1.470392,-0.011141,5.973207,2.333901,37.628200,87.803698,12.262712,2.591408
14-Jun-2023 02:34:21,2.635093,1.359231,0.066669,8.959811,2.575239,37.609264,88.148510,12.249330,2.942701
14-Jun-2023 02:35:21,2.496516,1.381040,-0.022193,6.963418,2.768937,37.561459,88.094360,12.249330,3.104879
14-Jun-2023 02:36:21,2.159045,1.441231,0.011141,8.959811,2.931690,37.490594,88.911890,12.387505,3.153094
14-Jun-2023 02:37:21,2.159917,1.391009,-0.066669,0.998196,2.887334,25.085575,88.666350,12.490512,3.327792
14-Jun-2023 02:38:21,2.626868,1.373936,-0.088863,7.961614,3.000410,14.934540,88.274547,12.521323,3.504371
14-Jun-2023 02:39:21,2.633847,1.457930,-0.122197,-0.000000,2.637911,63.424255,88.129525,12.525367,3.185654
14-Jun-2023 02:40:21,2.647680,1.362222,-0.066669,4.975011,1.573062,91.772733,87.195913,12.526613,2.193798
14-Jun-2023 02:41:21,1.675891,1.383033,-0.088863,9.950022,1.133282,59.560857,86.534297,12.530347,2.541942
14-Jun-2023 02:42:21,2.132251,1.318106,-0.088863,5.973207,2.365161,5.746087,86.699235,12.550885,3.251398
14-Jun-2023 02:43:21,2.103090,1.383781,-0.000000,6.963418,1.832971,91.809106,86.756808,12.572358,2.496861
14-Jun-2023 02:44:21,2.167643,1.394374,-0.066669,9.950022,1.096652,7.998188,86.940727,12.568935,1.994049
14-Jun-2023 02:45:21,2.636838,1.387271,-0.055528,3.976814,1.586525,10.555113,87.146120,12.574225,2.345327
14-Jun-2023 02:46:21,2.239798,1.357237,-0.044387,5.973207,0.484280,19.101279,87.363340,12.578895,1.464945
14-Jun-2023 02:47:21,2.149449,1.372690,-0.022193,5.973207,1.389649,10.734148,87.678277,12.584495,2.403561
14-Jun-2023 02:48:21,2.604437,1.391632,-0.033335,9.950022,2.861246,41.646474,87.962410,12.563955,3.652772
14-Jun-2023 02:49:21,2.249519,1.382784,-0.033335,1.988407,3.062087,17.860877,88.428902,12.521945,3.992148
14-Jun-2023 02:50:21,2.652415,1.377052,-0.100004,4.975011,2.182422,23.120117,88.507637,12.507627,2.726036
14-Jun-2023 02:51:21,3.067151,1.357985,-0.044387,7.961614,1.879203,18.262344,88.484920,12.486778,2.264552
14-Jun-2023 02:52:21,2.305224,1.365462,-0.044387,7.961614,2.119442,13.919100,88.515105,12.474330,3.097993
14-Jun-2023 02:53:21,2.626744,1.368453,-0.066669,9.950022,1.830832,19.603610,88.606910,12.420802,2.342198
14-Jun-2023 02:54:21,2.632102,1.305644,-0.044387,1.988407,1.869289,20.301754,88.704005,12.378790,2.424225
14-Jun-2023 02:55:21,2.603564,1.368328,-0.022193,6.963418,1.472668,20.450980,88.809815,12.334910,2.022857
14-Jun-2023 02:56:21,2.648552,1.368204,-0.088863,3.976814,0.666824,20.378992,88.543115,12.278273,1.655297
14-Jun-2023 02:57:21,2.629984,1.351006,-0.000000,7.961614,0.189909,20.382646,88.632740,12.231593,0.190113
14-Jun-2023 02:58:21,2.129385,1.383033,-0.077721,4.975011,0.189841,20.362870,88.690312,12.112713,0.190050
14-Jun-2023 02:59:21,2.639081,1.391134,-0.033335,5.973207,0.189658,20.329219,89.093320,12.055763,0.190050
14-Jun-2023 03:00:21,2.281421,1.454815,0.011141,5.973207,0.189632,20.290035,88.994357,11.959600,0.189799
14-Jun-2023 03:01:21,2.624127,1.360976,-0.055528,7.961614,0.189611,20.209797,89.593112,11.869975,0.189987
14-Jun-2023 03:02:21,2.617522,1.355119,-0.011141,6.963418,0.189617,44.646007,89.766453,11.807735,0.189925
14-Jun-2023 03:03:21,2.641200,1.369699,-0.077721,7.961614,1.863445,323.262313,89.853900,11.797465,2.318405
14-Jun-2023 03:04:21,2.629610,1.377924,-0.011141,5.973207,2.197242,334.623678,89.246120,11.818625,3.273315
14-Jun-2023 03:05:21,2.605060,1.382535,-0.000000,3.976814,2.135411,336.265183,88.568322,11.845078,3.286464
14-Jun-2023 03:06:21,2.571786,1.357985,-0.033335,0.998196,0.898776,309.200715,88.470915,11.830763,1.487485
14-Jun-2023 03:07:21,2.616400,1.366085,-0.122197,-0.000000,1.726734,93.481070,88.514173,11.834497,3.016590
14-Jun-2023 03:08:21,2.131005,1.365088,-0.044387,9.950022,3.667381,10.666103,88.512305,11.902028,5.009663
14-Jun-2023 03:09:21,1.823191,1.385401,-0.100004,4.975011,3.676300,13.066587,88.191455,11.936260,5.487425
14-Jun-2023 03:10:21,2.123777,1.371693,-0.011141,8.959811,2.556142,11.257573,87.944360,11.988543,3.741685
14-Jun-2023 03:11:21,2.655780,1.380666,-0.077721,-0.000000,3.429282,12.004469,87.998198,12.043938,3.952701
14-Jun-2023 03:12:21,2.341738,1.429392,0.011141,6.963418,2.806452,7.076101,88.098095,12.103378,3.931413
14-Jun-2023 03:13:21,2.114306,1.382909,-0.077721,3.976814,2.223334,39.368230,88.547470,12.140410,3.170000
14-Jun-2023 03:14:21,2.145959,1.369574,-0.055528,10.948218,2.332653,122.721603,88.851827,12.158460,3.453652
14-Jun-2023 03:15:21,2.219859,1.404468,-0.033335,3.976814,2.439727,122.375636,89.018320,12.162505,3.126167
14-Jun-2023 03:16:21,2.624625,1.381040,0.011141,4.975011,2.891507,231.822174,89.800063,12.178687,3.973994
14-Jun-2023 03:17:21,2.178236,1.393502,-0.055528,3.976814,3.081548,283.066204,90.011058,12.191447,4.724135
14-Jun-2023 03:18:21,2.616026,1.327453,-0.011141,3.976814,3.144218,230.766624,90.777250,12.193315,4.399155
14-Jun-2023 03:19:21,2.633349,1.393252,-0.077721,6.963418,3.189871,37.890675,90.999450,12.197360,4.841227
14-Jun-2023 03:20:21,2.144215,1.375681,-0.055528,11.938429,4.330956,13.427088,91.653908,12.195492,5.561937
14-Jun-2023 03:21:21,2.626868,1.382784,-0.033335,9.950022,3.801848,16.792574,92.056605,12.195802,4.616434
14-Jun-2023 03:22:21,2.153312,1.381413,-0.033335,8.959811,3.099134,24.537315,92.583160,12.191135,4.033476
14-Jun-2023 03:23:21,2.596710,1.435125,0.011141,4.975011,1.577758,31.267743,92.597785,12.154103,2.034754
14-Jun-2023 03:24:21,2.131379,1.350009,-0.055528,6.963418,0.990453,35.872154,92.735960,12.069145,1.929557
14-Jun-2023 03:25:21,2.625747,1.382286,-0.011141,3.976814,0.189188,36.341019,92.597475,11.972670,0.189611
14-Jun-2023 03:26:21,2.454145,1.462167,-0.000000,5.973207,0.189036,36.325366,92.569465,11.826717,0.189298
14-Jun-2023 03:27:21,2.137859,1.379419,-0.033335,10.948218,0.189010,36.410853,92.548927,11.708150,0.189799
14-Jun-2023 03:28:21,2.630108,1.384653,0.033335,8.959811,0.281623,36.564393,92.904943,11.674540,1.289618
14-Jun-2023 03:29:21,2.347719,1.440733,-0.011141,4.975011,0.270777,36.684562,93.048722,11.631905,0.706036
14-Jun-2023 03:30:21,2.637710,1.370571,-0.077721,6.963418,0.189481,36.701997,93.304532,11.608252,0.189737
14-Jun-2023 03:31:21,2.662011,1.378796,-0.011141,8.959811,0.189277,36.651005,93.314490,11.565618,0.189549
14-Jun-2023 03:32:21,2.156054,1.389888,-0.077721,5.973207,0.189245,36.648755,93.338765,11.489372,0.189611
14-Jun-2023 03:33:21,2.143841,1.312249,-0.088863,8.959811,0.189277,36.650066,93.735857,11.466033,0.189737
14-Jun-2023 03:34:21,2.639206,1.387021,-0.055528,11.938429,0.189146,36.743990,93.682333,11.450785,0.189674
14-Jun-2023 03:35:21,2.693415,1.364714,-0.066669,2.986604,0.188493,36.778859,93.671440,11.398502,0.188922
14-Jun-2023 03:36:21,2.135865,1.313745,-0.033335,-0.000000,0.188435,36.729366,94.017185,11.397880,0.188733
14-Jun-2023 03:37:21,2.805324,1.389015,0.011141,5.973207,0.188305,36.747084,94.151002,11.403170,0.188671
14-Jun-2023 03:38:21,2.662510,1.374310,-0.044387,3.976814,0.188383,36.588858,94.249965,11.422465,0.188733
14-Jun-2023 03:39:21,2.129136,1.350508,0.022193,8.959811,0.188425,36.583795,94.269570,11.430867,0.188545
14-Jun-2023 03:40:21,2.112437,1.380790,0.011141,9.950022,0.188341,36.467094,94.373512,11.430245,0.188545
14-Jun-2023 03:41:21,2.168266,1.379046,-0.122197,9.950022,0.188425,36.483872,94.284820,11.421220,0.188608
14-Jun-2023 03:42:21,2.654035,1.307389,-0.133249,1.988407,0.188430,33.704041,94.181812,11.377653,0.188796
14-Jun-2023 03:43:21,2.658397,1.368578,-0.055528,0.998196,0.188514,285.434781,94.182745,11.279000,0.188796
14-Jun-2023 03:44:21,2.700768,1.369824,-0.066669,5.973207,0.188503,282.312908,94.325275,11.231075,0.188733
14-Jun-2023 03:45:21,2.135741,1.316736,-0.066669,5.973207,0.188545,285.691340,94.332122,11.192487,0.188796
14-Jun-2023 03:46:21,2.146832,1.403347,-0.100004,13.934821,0.188655,295.228884,94.690318,11.186885,0.189110
14-Jun-2023 03:47:21,2.680953,1.381164,-0.055528,11.938429,0.655926,295.105530,94.991560,11.240100,1.628999
14-Jun-2023 03:48:21,2.124151,1.320973,-0.000000,-0.000000,0.947480,289.129849,95.016458,11.320390,1.513159
14-Jun-2023 03:49:21,2.135616,1.379793,-0.077721,10.948218,0.189177,301.648478,95.182640,11.374850,0.189549
14-Jun-2023 03:50:21,2.658646,1.357611,-0.122197,3.976814,0.298730,316.850666,95.340107,11.450162,0.895136
14-Jun-2023 03:51:21,2.123902,1.358234,-0.066669,7.961614,0.189627,321.775938,94.997163,11.473813,0.190050
14-Jun-2023 03:52:21,2.136488,1.366459,-0.055528,4.975011,0.189789,329.974010,94.830670,11.469145,0.190113
14-Jun-2023 03:53:21,2.145461,1.420669,-0.044387,2.986604,0.189920,329.967261,94.735752,11.446428,0.190176
14-Jun-2023 03:54:21,2.095237,1.373438,-0.077721,2.986604,0.189961,329.893585,94.816975,11.426823,0.190427
14-Jun-2023 03:55:21,2.139230,1.381413,-0.055528,6.963418,0.189920,329.879430,94.765940,11.417797,0.190176
14-Jun-2023 03:56:21,2.197178,1.461170,-0.088863,1.988407,0.189810,329.907457,94.469985,11.355558,0.190050
14-Jun-2023 03:57:21,2.131005,1.373687,-0.011141,6.963418,0.189805,329.924517,94.450380,11.283980,0.190176
14-Jun-2023 03:58:21,2.158421,1.375307,-0.100004,-2.986604,0.189852,329.913456,94.516043,11.250993,0.190364
14-Jun-2023 03:59:21,2.098978,1.447836,-0.033335,4.975011,0.189794,329.915988,94.477143,11.198400,0.190050
14-Jun-2023 04:00:21,2.115926,1.352128,-0.077721,6.963418,0.189732,330.000349,95.044155,11.174125,0.190176
14-Jun-2023 04:01:21,2.600200,1.380416,-0.033335,2.986604,0.850980,323.476313,95.491975,11.274333,1.707269
14-Jun-2023 04:02:21,2.120163,1.443723,-0.033335,3.976814,1.430393,253.597586,95.332640,11.365515,2.775518
14-Jun-2023 04:03:21,1.632897,1.353623,-0.077721,4.975011,0.190542,328.401012,95.048823,11.388855,0.191807
14-Jun-2023 04:04:21,2.135118,1.356863,-0.000000,5.973207,3.824911,305.703809,95.277245,11.405037,4.640226
14-Jun-2023 04:05:21,2.098728,1.351006,-0.022193,6.963418,4.367430,310.190381,95.121642,11.455453,5.488053
14-Jun-2023 04:06:21,2.137735,1.378921,-0.022193,0.998196,5.438063,256.166533,95.254215,11.500888,6.156791
14-Jun-2023 04:07:21,2.156552,1.374809,0.011141,8.959811,5.908729,344.790095,95.052867,11.553483,6.862480
14-Jun-2023 04:08:21,2.629361,1.321596,-0.022193,8.959811,3.701714,228.239397,94.702142,11.525785,4.912611
14-Jun-2023 04:09:21,2.108573,1.377052,-0.033335,9.950022,2.602845,198.564673,94.540940,11.460743,4.326519
14-Jun-2023 04:10:21,2.171257,1.373812,-0.011141,9.950022,2.238156,178.520251,94.667910,11.429313,4.560080
14-Jun-2023 04:11:21,2.636962,1.304024,0.033335,7.961614,1.470404,129.166600,94.733885,11.412508,3.802425
14-Jun-2023 04:12:21,1.658319,1.356988,-0.066669,3.976814,1.063619,96.690947,94.742288,11.392900,2.352218
14-Jun-2023 04:13:21,2.691297,1.377675,-0.000000,8.959811,1.450351,70.130195,94.766562,11.339998,3.407943
14-Jun-2023 04:14:21,2.659269,1.389389,-0.088863,8.959811,2.186423,203.480630,94.905980,11.305765,5.407279
14-Jun-2023 04:15:21,2.632476,1.368827,-0.066669,-0.000000,3.377672,170.810382,95.273510,11.319768,6.235065
14-Jun-2023 04:16:21,2.640576,1.345024,-0.022193,3.976814,2.998841,153.776235,95.272887,11.356180,5.633320
14-Jun-2023 04:17:21,2.657276,1.446216,-0.022193,2.986604,3.163054,286.639971,95.161787,11.363337,4.775478
14-Jun-2023 04:18:21,2.633972,1.355368,-0.055528,11.938429,4.433854,42.289045,95.164590,11.368627,5.878149
14-Jun-2023 04:19:21,2.635342,1.346644,-0.022193,5.973207,5.206487,44.487898,95.247057,11.356803,6.540629
14-Jun-2023 04:20:21,2.149698,1.438116,-0.011141,6.963418,3.708184,24.061712,95.327970,11.334705,5.128637
14-Jun-2023 04:21:21,2.645312,1.355368,-0.022193,5.973207,3.698839,43.404130,95.419465,11.315100,6.240699
14-Jun-2023 04:22:21,2.557081,1.368827,-0.022193,8.959811,2.854719,55.695804,95.377453,11.263753,3.586398
14-Jun-2023 04:23:21,2.687932,1.352875,0.055528,5.973207,2.696768,35.931107,95.512515,11.237300,3.989019
14-Jun-2023 04:24:21,2.629361,1.360477,0.022193,5.973207,2.723063,14.554508,95.847065,11.262195,3.880065
14-Jun-2023 04:25:21,2.646558,1.361225,-0.055528,9.950022,3.768761,24.193587,95.978702,11.293315,6.573818
14-Jun-2023 04:26:21,2.150072,1.353000,-0.000000,9.950022,4.433386,25.967163,95.993640,11.347155,5.452359
14-Jun-2023 04:27:21,2.646309,1.356739,0.044387,9.950022,3.591772,17.189171,96.045922,11.377653,5.141786
14-Jun-2023 04:28:21,2.637959,1.307888,-0.011141,6.963418,3.297993,40.467212,96.071130,11.379830,6.035946
14-Jun-2023 04:29:21,2.616400,1.336176,-0.000000,1.988407,4.282010,43.133220,96.040943,11.381387,5.464256
14-Jun-2023 04:30:21,2.170759,1.339416,0.022193,5.973207,4.049546,40.883286,96.049658,11.372050,6.027178
14-Jun-2023 04:31:21,2.637087,1.327453,-0.055528,8.959811,3.840513,39.461965,96.060550,11.345288,5.393501
14-Jun-2023 04:32:21,2.643069,1.366584,-0.044387,7.961614,2.298371,50.823684,95.960965,11.291760,3.308380
14-Jun-2023 04:33:21,2.668990,1.352502,-0.055528,11.938429,2.480885,27.495899,95.895300,11.223918,4.922002
14-Jun-2023 04:34:21,2.625248,1.457930,-0.011141,11.938429,3.827415,33.644799,95.956298,11.196220,5.461127
14-Jun-2023 04:35:21,2.643692,1.366957,-0.066669,6.963418,3.094123,44.872036,96.002355,11.155142,5.624557
14-Jun-2023 04:36:21,2.657899,1.347891,0.033335,6.963418,2.361821,104.847837,96.040010,11.143628,4.236982
14-Jun-2023 04:37:21,2.987768,1.455687,0.022193,10.948218,4.823746,94.579663,96.294262,11.143938,6.848702
14-Jun-2023 04:38:21,2.639081,1.339790,0.066669,12.936625,5.604048,45.276404,96.217085,11.167590,7.367163
14-Jun-2023 04:39:21,2.647804,1.350508,0.022193,8.959811,4.415172,72.789303,96.138660,11.163232,7.166791
14-Jun-2023 04:40:21,3.093072,1.315863,0.011141,12.936625,3.228539,45.083901,95.998930,11.143628,5.595126
14-Jun-2023 04:41:21,2.129260,1.351629,0.100004,14.925032,4.496419,22.590263,96.079533,11.122465,7.919442
14-Jun-2023 04:42:21,2.669239,1.349760,-0.022193,10.948218,4.916209,47.881327,96.093848,11.102550,6.354034
14-Jun-2023 04:43:21,2.137361,2.311829,0.088863,6.963418,3.762192,79.999665,96.117500,11.074230,5.187495
14-Jun-2023 04:44:21,2.633972,1.363094,-0.000000,19.900043,3.882833,51.986774,96.265942,11.064893,4.860010
14-Jun-2023 04:45:21,2.660890,1.364590,0.022193,16.921425,4.172533,40.162166,96.260342,11.074230,7.323959
14-Jun-2023 04:46:21,2.619890,1.386024,-0.000000,13.934821,5.446464,42.061643,96.246648,11.058357,7.068486
14-Jun-2023 04:47:21,2.128886,1.344900,0.033335,20.898239,5.131348,126.665248,96.309200,11.048400,7.389708
14-Jun-2023 04:48:21,2.685315,1.347517,0.155532,18.909832,6.315993,38.406980,96.271545,11.016655,8.034653
14-Jun-2023 04:49:21,2.619391,1.447587,0.155532,19.900043,6.424477,39.967609,96.413452,10.997983,8.620116
14-Jun-2023 04:50:21,2.630981,1.338046,0.155532,23.884843,5.292324,123.813345,96.362727,10.980242,8.251303
14-Jun-2023 04:51:21,2.154683,1.342906,0.211060,30.848261,6.509009,94.201328,96.515837,10.978687,9.324547
14-Jun-2023 04:52:21,3.101048,1.323590,0.299922,30.848261,4.297401,23.429361,96.443327,10.968108,6.540629
14-Jun-2023 04:53:21,2.626619,1.356988,0.299922,40.798282,1.469342,103.200224,96.537312,10.977132,3.263924
14-Jun-2023 04:54:21,2.163905,1.351754,0.444313,35.823272,1.978247,89.722966,96.443950,10.953480,3.247017
14-Jun-2023 04:55:21,2.647555,1.301657,0.433172,48.759897,0.600875,55.647321,96.435860,10.925473,2.092359
14-Jun-2023 04:56:21,2.670236,1.328948,0.599756,57.719707,2.821706,21.678672,96.599240,10.886882,5.768571
14-Jun-2023 04:57:21,2.169637,1.340912,0.599756,56.721511,1.541863,89.326467,96.564075,10.901820,5.007158
14-Jun-2023 04:58:21,2.145835,1.296298,0.688618,60.706311,0.188948,95.958633,96.493432,10.873500,0.189361
14-Jun-2023 04:59:21,2.613659,1.332438,0.799763,82.594761,0.188791,35.200154,96.526730,10.859497,0.189737
14-Jun-2023 05:00:21,2.624127,1.355492,0.921872,80.606354,1.167347,14.182782,96.692603,10.850783,3.152465
14-Jun-2023 05:01:21,2.550725,1.274863,1.055210,96.529583,2.460652,35.421648,96.823308,10.869145,3.697852
14-Jun-2023 05:02:21,2.130631,1.342657,1.144073,100.514383,3.770222,33.823451,96.906087,10.887505,6.101690
14-Jun-2023 05:03:21,2.671358,1.363967,1.321798,113.451008,2.330202,39.223480,96.922580,10.935120,3.853768
14-Jun-2023 05:04:21,1.980337,1.313246,1.366185,130.364447,3.691538,42.740639,96.911378,10.949745,4.570724
14-Jun-2023 05:05:21,2.628738,1.362471,1.443995,140.314469,3.710062,52.512232,96.850382,10.959705,5.836826
14-Jun-2023 05:06:21,2.677215,1.367705,1.577244,152.260883,2.373212,61.559901,96.831710,10.959393,4.913234
14-Jun-2023 05:07:21,3.076871,1.304149,1.721635,166.195704,1.909735,49.566114,96.821440,10.940098,4.218823
14-Jun-2023 05:08:21,2.149573,1.358234,1.810498,190.072562,3.063654,56.271039,96.857540,10.936052,3.838742
14-Jun-2023 05:09:21,3.094193,1.357362,1.954888,200.030569,3.778472,32.533361,97.025278,10.950058,4.653375
14-Jun-2023 05:10:21,3.682525,1.422663,2.210335,216.944008,2.511842,23.910694,96.994780,10.974643,3.893843
14-Jun-2023 05:11:21,3.096811,2.244783,2.399201,240.828851,1.933002,30.748912,96.974863,10.987713,3.367867
14-Jun-2023 05:12:21,3.677415,2.275814,2.610261,263.715498,4.283055,49.375011,97.165940,11.064583,6.201253
14-Jun-2023 05:13:21,3.670187,2.267589,2.976764,285.611934,1.793770,155.187247,97.021542,11.100683,4.486816
14-Jun-2023 05:14:21,2.669738,3.297698,3.332214,314.471787,2.874459,45.476149,96.921648,11.112195,5.936383
14-Jun-2023 05:15:21,4.854454,2.481312,3.998639,356.268266,3.243988,39.257509,96.805257,11.092903,4.602032
14-Jun-2023 05:16:21,6.020400,3.876558,4.898317,402.049545,1.872304,58.977774,96.761688,11.040308,3.275820
14-Jun-2023 05:17:21,7.462505,6.163090,6.231257,454.786256,1.613665,51.134313,96.685755,11.001717,4.484316
14-Jun-2023 05:18:21,9.026116,5.056214,7.475244,503.554138,3.265013,54.275590,96.702560,10.978687,5.643340
14-Jun-2023 05:19:21,10.915110,9.357855,8.508261,567.239067,1.797386,79.748611,96.757020,10.976820,5.576967
14-Jun-2023 05:20:21,10.920843,9.247940,9.407939,635.906992,0.189455,68.822367,96.676108,10.958460,0.189611
14-Jun-2023 05:21:21,11.517025,9.811970,9.996643,695.615107,1.571260,60.392519,96.680152,10.945078,2.190669
14-Jun-2023 05:22:21,12.665402,10.749615,10.518677,750.356196,1.417658,50.463635,96.623825,10.916757,3.112394
14-Jun-2023 05:23:21,13.915843,10.340235,11.051853,806.079511,1.173005,64.278714,96.628805,10.893730,3.709125
14-Jun-2023 05:24:21,13.301837,11.618591,11.807140,872.759029,2.867713,39.221145,96.675485,10.873813,3.469306
14-Jun-2023 05:25:21,12.640478,11.575098,12.595762,934.455551,2.464564,37.610099,96.691357,10.868833,3.512510
14-Jun-2023 05:26:21,14.557013,12.802359,13.428861,992.175258,2.227194,50.538714,96.575900,10.848915,3.065433
14-Jun-2023 05:27:21,14.512274,12.796253,14.339591,1057.856580,1.954917,34.146094,96.580570,10.830555,2.664044
14-Jun-2023 05:28:21,16.367870,12.830524,15.172689,1121.549495,2.210289,35.384717,96.580880,10.811883,2.845020
14-Jun-2023 05:29:21,14.514517,15.906402,16.105702,1195.192431,1.936550,46.725261,96.485340,10.788232,2.771132
14-Jun-2023 05:30:21,18.773789,15.581515,17.227581,1273.810378,4.465631,34.092846,96.452975,10.763335,6.777948
14-Jun-2023 05:31:21,19.391282,16.930157,18.360513,1348.443524,3.451299,40.604681,96.321960,10.740308,5.369708
14-Jun-2023 05:32:21,20.642471,17.718628,19.371247,1430.048075,2.090691,39.018951,96.280880,10.732215,2.965870
14-Jun-2023 05:33:21,22.414948,19.602015,20.137676,1480.804364,4.178067,41.713689,96.314802,10.732215,6.577575
14-Jun-2023 05:34:21,22.417939,17.737570,20.370929,1524.589250,3.901093,77.941960,96.152665,10.729415,5.198139
14-Jun-2023 05:35:21,22.459811,20.881492,20.348736,1553.449104,3.039494,27.773545,96.051212,10.730970,4.469914
14-Jun-2023 05:36:21,23.084657,22.612471,19.882229,1586.285772,4.099013,69.687205,95.949450,10.736573,6.409135
14-Jun-2023 05:37:21,24.362388,20.806969,20.148817,1653.963486,2.543564,53.945937,95.705155,10.739373,5.843084
14-Jun-2023 05:38:21,24.984491,22.047319,20.859629,1737.556444,2.773317,41.160261,95.614907,10.725367,4.801776
14-Jun-2023 05:39:21,24.394166,20.812453,21.137358,1799.252966,1.994420,161.189027,95.682750,10.730660,4.164346
14-Jun-2023 05:40:21,22.424917,20.792887,21.748255,1884.834331,0.476738,36.088026,95.439070,10.721635,2.012208
14-Jun-2023 05:41:21,24.975394,23.980551,22.636881,1989.333513,0.221767,28.242319,95.443737,10.707630,0.581313
14-Jun-2023 05:42:21,26.272693,22.656462,24.080787,2123.674775,0.537633,36.695611,95.393323,10.703272,1.679718
14-Jun-2023 05:43:21,28.092648,25.783185,25.924619,2278.922261,3.497947,45.878357,95.515003,10.702028,4.864396
14-Jun-2023 05:44:21,32.987986,30.893740,30.778550,2484.918051,2.763195,61.652523,95.468322,10.710430,4.042867
14-Jun-2023 05:45:21,35.472539,31.990523,36.165656,2694.898642,2.527967,38.006602,95.434712,10.717278,3.685956
14-Jun-2023 05:46:21,38.448225,31.992392,37.876150,2844.172921,2.620428,51.401834,95.342598,10.725680,3.769864
14-Jun-2023 05:47:21,39.688697,35.645636,39.075751,2907.865835,1.841426,68.487102,95.314590,10.721635,2.861927
14-Jun-2023 05:48:21,39.664645,36.922749,43.174394,3033.255272,2.275674,44.104811,95.462723,10.737195,3.337812
14-Jun-2023 05:49:21,41.495319,36.852463,42.096990,3088.986572,1.586431,41.207590,95.362825,10.761157,3.006569
14-Jun-2023 05:50:21,40.895398,36.807475,40.853003,3080.026761,3.389881,60.011009,95.358158,10.779518,4.732274
14-Jun-2023 05:51:21,38.698961,36.833770,42.407965,3141.731269,1.978971,65.477689,95.169258,10.779830,4.642731
14-Jun-2023 05:52:21,39.019363,32.053830,42.163660,3134.759865,2.680280,55.232543,95.254215,10.779207,4.973345
14-Jun-2023 05:53:21,35.834938,28.948416,34.655081,2886.967596,0.286230,74.414846,95.196642,10.774538,1.353486
14-Jun-2023 05:54:21,35.310907,27.633797,34.355158,2872.034578,2.169435,26.981206,95.459297,10.826198,3.270810
14-Jun-2023 05:55:21,40.592445,29.002376,40.508605,3087.988376,0.273637,44.385985,95.346333,10.840202,1.055433
14-Jun-2023 05:56:21,33.007427,27.674423,31.967098,2804.364849,1.999973,41.707952,95.475792,10.848605,3.774245
14-Jun-2023 05:57:21,30.160350,25.834902,28.179430,2708.833463,2.145404,46.397277,95.490730,10.869455,4.076056
14-Jun-2023 05:58:21,30.566612,27.681402,28.390490,2759.581767,2.700787,45.723316,95.439382,10.878170,4.401036
14-Jun-2023 05:59:21,31.780040,28.989167,28.679271,2814.322856,2.359995,75.716190,95.542390,10.882838,4.018451
14-Jun-2023 06:00:21,32.684910,29.016334,28.823662,2846.161328,1.116353,40.406250,95.511270,10.878170,2.041016
14-Jun-2023 06:01:21,32.495733,29.091230,29.234640,2902.890825,2.494466,40.166281,95.689285,10.877858,4.148063
14-Jun-2023 06:02:21,32.506205,28.986425,29.812202,2973.547157,2.709346,65.775953,95.713557,10.888750,3.893843
14-Jun-2023 06:03:21,33.599623,32.004730,30.500910,3051.166908,3.103204,56.692289,95.709512,10.888128,4.134914
14-Jun-2023 06:04:21,35.847650,33.893104,31.533837,3162.629508,3.581384,26.447465,95.904638,10.916135,5.431071
14-Jun-2023 06:05:21,37.110801,33.982955,32.888970,3287.020748,2.353213,55.319626,95.855468,10.926095,3.131806
14-Jun-2023 06:06:21,37.193922,33.888493,34.777189,3457.193267,3.512141,39.971116,95.869782,10.927028,4.530649
14-Jun-2023 06:07:21,40.310803,36.838007,36.909803,3648.264025,2.352273,28.007697,95.862625,10.935430,4.396026
14-Jun-2023 06:08:21,42.719591,40.500351,39.075751,3830.382958,2.420160,38.080565,95.821235,10.930140,4.161212
14-Jun-2023 06:09:21,45.444415,41.829675,40.786334,3984.632248,2.700212,30.582914,95.807852,10.918003,4.777983
14-Jun-2023 06:10:21,47.730951,44.900073,42.574638,4158.781581,4.350627,15.807690,95.842395,10.913025,6.005262
14-Jun-2023 06:11:21,49.516887,43.688514,44.329608,4312.040660,3.856273,46.405721,95.867292,10.925160,4.721630
14-Jun-2023 06:12:21,50.174383,44.905307,45.873518,4468.278357,3.177195,100.199666,95.762727,10.926717,4.700966
14-Jun-2023 06:13:21,52.477120,46.824338,47.828406,4647.410687,3.880065,26.160727,95.736587,10.922983,5.479909
14-Jun-2023 06:14:21,55.484958,44.906304,50.860698,4882.266331,4.413087,45.846125,95.721028,10.932630,7.328340
14-Jun-2023 06:15:21,56.111177,46.684390,54.303968,5145.981828,5.499842,18.629063,95.717915,10.939475,7.931338
14-Jun-2023 06:16:21,56.094104,46.718037,54.792757,5223.609564,2.583799,51.686535,95.651007,10.944145,6.059738
14-Jun-2023 06:17:21,59.907989,49.800273,57.036426,5426.618751,5.051458,78.914096,95.644782,10.953170,9.751590
14-Jun-2023 06:18:21,63.571453,54.717797,61.035065,5749.052153,7.035872,46.047287,95.645095,10.970285,9.870558
14-Jun-2023 06:19:21,67.226823,58.277079,64.789399,6020.729265,6.021594,76.770744,95.566975,10.981488,10.488581
14-Jun-2023 06:20:21,69.079304,60.832050,66.744287,6180.951762,6.156428,14.570971,95.433780,10.986157,8.712163
14-Jun-2023 06:21:21,70.328874,63.930234,64.289558,6040.637293,5.722811,95.660782,95.391768,10.991448,7.962017
14-Jun-2023 06:22:21,70.912844,65.674050,65.855661,6183.938365,6.092349,71.379616,95.271955,11.006385,9.301378
14-Jun-2023 06:23:21,72.074930,67.822880,67.932747,6357.097488,7.144042,16.382498,95.212825,11.014165,9.438511
14-Jun-2023 06:24:21,75.791611,68.865207,69.876583,6521.296799,7.131467,43.605572,95.094257,11.043420,9.946328
14-Jun-2023 06:25:21,78.304583,72.691427,71.487162,6657.634453,5.843399,72.277031,95.063447,11.067383,8.645161
14-Jun-2023 06:26:21,79.539321,73.730763,73.275466,6806.908733,7.776935,43.480471,94.939590,11.075475,9.474200
14-Jun-2023 06:27:21,81.878949,76.699473,75.163686,6965.142823,4.999383,51.220843,94.894777,11.068940,9.945699
14-Jun-2023 06:28:21,83.659648,76.702962,76.318810,7074.609030,5.365428,80.041273,94.868325,11.085745,7.354014
14-Jun-2023 06:29:21,84.752069,78.557811,77.907196,7203.983267,3.367603,81.207928,94.809195,11.094458,7.048446
14-Jun-2023 06:30:21,83.056985,81.572753,79.351191,7343.299539,6.606847,21.364544,94.728905,11.088232,9.692103
14-Jun-2023 06:31:21,86.725934,83.278933,80.872908,7492.573818,4.826512,53.840105,94.827868,11.089790,7.160533
14-Jun-2023 06:32:21,88.010893,83.440316,82.561208,7648.819501,6.188310,47.113995,94.764695,11.095390,8.874965
14-Jun-2023 06:33:21,87.358258,86.992995,84.160646,7798.093780,5.225949,26.560988,94.694050,11.100992,6.688405
14-Jun-2023 06:34:21,92.260700,87.700464,85.782366,7947.384031,4.783513,147.932457,94.732952,11.112508,7.493023
14-Jun-2023 06:35:21,94.648681,90.615837,87.215220,8088.696696,3.906623,76.340668,94.745710,11.116242,6.971429
14-Jun-2023 06:36:21,95.311161,90.614591,88.348330,8188.212882,4.501531,78.489857,94.670710,11.121533,7.331474
14-Jun-2023 06:37:21,95.839554,91.116560,89.470209,8301.663890,4.111329,44.300032,94.712412,11.130868,5.295820
14-Jun-2023 06:38:21,96.470882,92.636059,91.202896,8445.955173,3.408565,56.306568,94.684405,11.136470,4.868149
14-Jun-2023 06:39:21,100.118140,93.252305,94.757312,8742.515324,3.196343,67.724354,94.739175,11.136158,6.605126
14-Jun-2023 06:40:21,99.511868,94.305721,94.757312,8767.398363,2.081103,121.904943,94.794880,11.143628,6.558788
14-Jun-2023 06:41:21,101.299670,94.275065,97.234234,8990.315579,2.495653,75.883700,94.938035,11.152652,4.744799
14-Jun-2023 06:42:21,105.488140,95.523767,101.299543,9333.647220,1.267665,98.841871,94.895088,11.171325,3.367238
14-Jun-2023 06:43:21,105.521810,99.170035,103.598740,9547.604624,1.100693,230.014846,94.958262,11.181905,2.987787
14-Jun-2023 06:44:21,106.821110,99.188230,103.632075,9612.287750,1.028029,117.087684,95.034508,11.214270,2.561982
14-Jun-2023 06:45:21,112.327570,103.559110,107.997306,10015.327505,2.238878,64.648593,95.009300,11.230452,5.808647
14-Jun-2023 06:46:21,122.230710,107.747590,118.382733,10853.253473,4.733527,45.875446,95.013967,11.237922,7.315820
14-Jun-2023 06:47:21,127.739690,109.533190,123.825279,11316.999540,3.923950,48.203662,95.063447,11.246947,5.139904
14-Jun-2023 06:48:21,133.291030,109.504510,130.045483,11876.284978,3.038292,42.410320,95.023615,11.246635,4.820563
14-Jun-2023 06:49:21,137.565550,114.572050,131.911509,12056.407518,3.789897,69.221405,95.073095,11.258463,5.542530
14-Jun-2023 06:50:21,157.360630,118.221820,153.204309,13760.129098,2.668123,70.665213,95.168948,11.292383,4.004049
14-Jun-2023 06:51:21,162.087760,116.370120,157.680596,14226.853782,2.320961,43.567666,95.111685,11.329105,2.919532
14-Jun-2023 06:52:21,188.300820,119.471250,185.793624,16452.057107,3.160391,69.631451,95.087722,11.378585,5.294567
14-Jun-2023 06:53:21,184.161000,118.231800,182.961251,16340.594507,3.750345,59.006441,95.062515,11.419353,5.801132
14-Jun-2023 06:54:21,195.857240,121.950150,194.735057,17415.372512,2.685499,64.874418,95.065315,11.473813,4.767339
14-Jun-2023 06:55:21,219.001610,126.616200,219.126907,19314.141664,4.286393,54.546112,94.858055,11.540100,5.635201
14-Jun-2023 06:56:21,257.723950,132.835900,258.291520,22295.650435,4.481961,36.461740,94.538760,11.598605,7.827394
14-Jun-2023 06:57:21,260.857500,133.146390,260.046490,22563.350733,4.359186,46.404493,94.601625,11.667383,6.593229
14-Jun-2023 06:58:21,238.846590,133.848410,239.253442,21222.860837,4.647794,39.874199,94.295090,11.714995,6.422284
14-Jun-2023 06:59:21,262.326390,136.707660,257.058585,22487.719390,3.492787,47.771093,94.156605,11.798710,5.305840
14-Jun-2023 07:00:21,282.589080,138.563090,275.619016,24049.122122,4.363972,29.252605,93.959613,11.917278,6.410387
14-Jun-2023 07:01:21,280.384500,133.009220,272.431193,23794.366435,2.312301,47.471490,94.039592,12.048605,3.749824
14-Jun-2023 07:02:21,266.877700,129.865710,257.158589,22801.192980,4.385376,57.820025,93.604220,12.159705,7.096036
14-Jun-2023 07:03:21,270.543680,128.618770,259.146812,23013.161978,2.510799,80.441896,93.287728,12.248708,3.621464
14-Jun-2023 07:04:21,229.423510,122.564890,216.649895,19998.816538,3.483492,32.635073,92.650378,12.276715,4.884432
14-Jun-2023 07:05:21,228.837450,127.446660,214.506230,20071.461278,2.517072,55.399775,92.398615,12.314372,5.395377
14-Jun-2023 07:06:21,270.552410,126.826930,256.214435,23426.151755,1.889629,137.501392,92.060338,12.395285,4.766715
14-Jun-2023 07:07:21,291.352540,126.839400,278.862368,25256.260967,8.064657,62.982867,90.291450,12.361053,10.414069
14-Jun-2023 07:08:21,301.848010,124.367950,287.092989,26018.547607,6.121467,44.573968,90.475072,12.329932,8.508657
14-Jun-2023 07:09:21,306.339480,124.270690,290.691791,26449.457005,3.374332,104.568227,90.457335,12.385325,5.205654
14-Jun-2023 07:10:21,309.261040,119.440070,292.957654,26799.752064,3.740482,23.729690,90.513662,12.496425,6.076016
14-Jun-2023 07:11:21,313.762470,121.909000,294.290593,27040.580915,4.882339,58.023060,89.532427,12.556797,9.010216
14-Jun-2023 07:12:21,320.936090,124.235780,298.877936,27568.019896,5.441821,43.937995,88.307535,12.564577,7.064728
14-Jun-2023 07:13:21,322.801500,124.281910,301.021601,27862.583655,1.148698,119.739006,88.237825,12.713645,2.977767
14-Jun-2023 07:14:21,323.401280,122.486330,303.853974,28128.295545,0.220419,145.440989,88.154733,12.808250,0.498778
14-Jun-2023 07:15:21,327.072290,119.534840,306.442042,28416.894082,0.875051,156.756219,87.833572,12.848085,1.821856
14-Jun-2023 07:16:21,330.793130,121.295510,309.563196,28764.202538,1.496482,61.249163,87.290208,12.909703,4.068541
14-Jun-2023 07:17:21,336.292130,121.314210,313.484114,29167.242293,3.704322,34.148925,86.594358,12.996218,5.688426
14-Jun-2023 07:18:21,343.019330,122.521240,317.205114,29517.545338,3.473106,90.418221,85.454112,13.028893,6.266373
14-Jun-2023 07:19:21,346.107990,124.290640,319.137808,29648.899996,4.931755,32.176605,84.438650,13.021425,7.819879
14-Jun-2023 07:20:21,347.343700,125.547550,318.504629,29576.255256,4.608398,45.481673,84.681078,12.927753,6.171821
14-Jun-2023 07:21:21,350.355040,124.304360,322.059044,29965.368176,3.230785,223.400471,85.488345,12.980967,4.547555
14-Jun-2023 07:22:21,355.349010,125.522610,327.634928,30547.532275,3.915703,131.710227,84.995702,13.146837,6.458602
14-Jun-2023 07:23:21,361.663520,122.544940,332.755446,31048.099809,5.361567,23.301409,83.772677,13.180138,7.800468
14-Jun-2023 07:24:21,364.535200,125.541310,335.787738,31390.441240,5.431958,38.553174,83.044775,13.175158,9.663929
14-Jun-2023 07:25:21,367.391950,128.699830,338.320189,31671.070177,5.009192,98.047581,82.276410,13.203787,8.685236
14-Jun-2023 07:26:21,372.924590,128.689850,342.141192,31970.616932,3.918104,75.702508,82.712410,13.271630,6.299557
14-Jun-2023 07:27:21,375.376060,129.905610,344.295999,32145.764461,3.936002,77.918549,81.923507,13.323603,7.908169
14-Jun-2023 07:28:21,377.247700,133.089030,345.973247,32319.921780,5.667968,34.834956,81.645602,13.334495,7.715312
14-Jun-2023 07:29:21,378.381180,137.388480,348.772286,32638.370381,5.770347,40.742379,81.602035,13.322668,7.474240
14-Jun-2023 07:30:21,385.819140,140.358680,354.959066,33171.790555,5.364751,62.571029,82.744465,13.334805,6.928853
14-Jun-2023 07:31:21,376.659150,150.211950,345.984299,32548.804217,5.191303,50.457070,82.425165,13.428165,7.332098
14-Jun-2023 07:32:21,373.473240,154.324330,343.218595,32445.311216,3.141343,56.059950,81.975478,13.433767,4.676544
14-Jun-2023 07:33:21,396.995430,161.473020,367.143850,34433.662504,1.180201,87.290708,82.229417,13.524638,2.422973
14-Jun-2023 07:34:21,411.055900,163.852170,383.394210,35766.182800,0.506266,101.156358,82.892285,13.627025,1.375402
14-Jun-2023 07:35:21,422.573860,166.369720,395.801106,36761.344662,2.375486,98.109336,82.226930,13.780452,5.498697
14-Jun-2023 07:36:21,420.141090,170.790110,392.824342,36375.218345,3.165662,94.472940,81.122783,13.802858,4.543798
14-Jun-2023 07:37:21,395.213570,178.024810,369.521037,34414.752672,3.487251,21.850775,80.795397,13.892798,6.494920
14-Jun-2023 07:38:21,377.267650,184.195910,353.226379,33006.601033,2.678348,98.595177,80.154007,13.986157,4.626454
14-Jun-2023 07:39:21,349.739060,190.995450,324.091654,30472.899128,3.334520,73.174636,79.728585,14.117485,4.663395
14-Jun-2023 07:40:21,335.061380,195.257460,310.662793,29269.745083,3.819640,53.606599,79.446945,14.121220,5.238838
14-Jun-2023 07:41:21,343.041770,200.841260,317.027388,29721.552721,3.287246,33.197114,79.256490,14.102857,4.544427
14-Jun-2023 07:42:21,339.276040,205.751680,312.473380,29301.591540,4.474032,22.379327,79.147880,13.925473,6.380332
14-Jun-2023 07:43:21,339.278530,210.145890,312.884269,29280.693301,3.758592,19.698947,79.674435,13.809083,5.046610
14-Jun-2023 07:44:21,326.509920,211.284340,302.832099,28415.895886,3.622920,50.859770,80.200067,13.787920,5.071655
14-Jun-2023 07:45:21,307.390640,212.446480,283.061015,26726.109128,1.952519,99.684655,81.013240,13.832423,4.134914
14-Jun-2023 07:46:21,293.905050,212.366680,271.209399,25740.897288,1.885452,67.225484,80.513137,13.944768,4.211308
14-Jun-2023 07:47:21,324.584620,214.202160,301.143798,28324.341314,2.231824,101.919028,78.770393,13.983045,4.143053
14-Jun-2023 07:48:21,334.452880,216.921720,309.663200,29107.534179,3.287556,71.829520,78.196845,14.109705,6.255101
14-Jun-2023 07:49:21,355.229300,213.232050,330.711695,30899.823727,3.423071,39.966058,78.146743,14.149227,4.187515
14-Jun-2023 07:50:21,353.961170,213.712120,330.222907,30900.821923,2.746556,97.899923,78.761678,14.188128,6.591348
14-Jun-2023 07:51:21,346.705270,210.402760,322.447740,30318.649838,2.865102,39.678851,77.988340,14.283045,5.401640
14-Jun-2023 07:52:21,330.678420,208.179460,309.329943,29301.591540,3.670195,37.735608,77.918630,14.377960,5.445473
14-Jun-2023 07:53:21,340.892060,205.744200,319.026663,30153.452330,3.071426,48.769823,77.599025,14.419040,4.263903
14-Jun-2023 07:54:21,353.109520,200.926050,331.589180,31214.295514,2.290962,63.661201,77.547055,14.468520,3.955206
14-Jun-2023 07:55:21,299.456400,198.312450,280.095303,26766.915396,3.058145,131.184702,76.047675,14.525782,6.203758
14-Jun-2023 07:56:21,252.930740,196.469480,234.033008,22789.246566,2.406826,125.211854,74.810333,14.597047,7.018390
14-Jun-2023 07:57:21,235.890110,199.583100,213.728660,20977.056975,3.833362,79.826685,73.971013,14.576820,6.082279
14-Jun-2023 07:58:21,237.691930,198.220170,216.161196,21203.958991,4.792489,72.437575,73.951718,14.534185,7.260714
14-Jun-2023 07:59:21,266.941290,195.282400,245.740145,23836.162914,1.155598,43.276246,74.316760,14.486570,2.930181
14-Jun-2023 08:00:21,286.535640,192.773570,264.411721,25392.590636,1.765229,108.109259,74.721953,14.499643,3.374754
14-Jun-2023 08:01:21,285.894720,191.012900,265.322451,25532.913090,2.267897,91.383764,74.492900,14.510223,5.390996
14-Jun-2023 08:02:21,279.763530,189.072680,261.223897,25279.147614,2.487328,49.013915,74.849545,14.553480,4.467409
14-Jun-2023 08:03:21,280.935650,191.022880,262.890005,25460.268350,3.925978,35.070232,74.063750,14.638438,9.818592
14-Jun-2023 08:04:21,290.754010,195.287390,270.365249,26133.987022,5.048640,33.045441,73.431697,14.618520,8.111046
14-Jun-2023 08:05:21,293.903810,199.655420,273.386488,26505.188305,5.808071,27.314242,73.094977,14.540720,8.114175
14-Jun-2023 08:06:21,341.200050,202.623120,322.114572,30831.155801,5.394754,57.688795,74.153688,14.471945,6.292042
14-Jun-2023 08:07:21,379.052030,203.861330,357.291598,34033.601366,5.341269,33.173395,73.902547,14.460118,7.515563
14-Jun-2023 08:08:21,418.369160,203.841380,399.133320,37683.861784,3.512817,44.030446,74.953175,14.453582,7.551881
14-Jun-2023 08:09:21,428.784830,205.731730,408.885658,38579.507460,3.867853,59.891028,74.407630,14.615408,6.975186
14-Jun-2023 08:10:21,458.711280,205.721750,436.476384,40936.049471,4.096403,42.066118,73.878275,14.696323,5.859990
14-Jun-2023 08:11:21,465.428560,198.252600,441.830156,41348.041052,5.180551,91.071269,73.304105,14.755760,7.762897
14-Jun-2023 08:12:21,383.896370,191.682510,365.744331,34818.790624,3.791464,44.948026,72.471328,14.867482,5.908204
14-Jun-2023 08:13:21,325.258000,188.516530,306.253176,29608.101713,3.873390,38.432353,71.616755,14.932212,4.945171
14-Jun-2023 08:14:21,288.983370,188.532740,266.988558,26173.795093,3.698011,54.066094,71.943830,14.907940,4.809291
14-Jun-2023 08:15:21,296.932610,186.733420,273.675269,26835.583321,4.296409,50.212889,72.034710,14.953063,7.000231
14-Jun-2023 08:16:21,308.601410,182.483870,284.893706,27913.339944,2.694005,59.499958,72.535435,15.018727,4.767339
14-Jun-2023 08:17:21,330.188370,179.946370,309.796450,30174.350569,2.838439,64.700051,71.464888,15.170282,3.966479
14-Jun-2023 08:18:21,345.458330,181.170850,322.947581,31525.780697,6.052954,47.712109,69.950265,15.181485,8.848662
14-Jun-2023 08:19:21,413.546020,181.172100,388.992287,37361.428382,4.016045,71.313960,69.289577,15.146010,7.208119
14-Jun-2023 08:20:21,460.564220,182.375390,434.254908,41435.610824,5.974683,84.439933,68.726923,15.159080,9.302631
14-Jun-2023 08:21:21,405.614260,181.197040,382.416721,37236.038946,4.400512,52.737858,69.400683,15.183353,6.451715
14-Jun-2023 08:22:21,500.411340,179.941380,475.663101,45172.450802,4.083725,45.571370,68.394870,15.241547,5.996494
14-Jun-2023 08:23:21,506.515090,178.024810,482.138752,45753.624691,8.429604,67.734486,67.886365,15.250885,12.305704
14-Jun-2023 08:24:21,481.441690,172.447280,459.568630,43947.408307,5.071025,43.273624,68.215927,15.237192,9.186791
14-Jun-2023 08:25:21,507.739580,166.388430,484.560147,46047.198238,3.500245,46.850959,68.139995,15.423290,5.819291
14-Jun-2023 08:26:21,507.739580,163.890820,485.004460,46131.789392,7.005243,38.829978,67.129520,15.486775,9.263808
14-Jun-2023 08:27:21,496.822660,160.928110,472.219831,45157.525770,6.063808,33.051909,67.114892,15.556485,8.285744
14-Jun-2023 08:28:21,495.604410,162.123920,469.087536,44941.571972,4.951219,59.202548,66.650885,15.685012,8.644537
14-Jun-2023 08:29:21,506.500130,160.935590,479.284186,45928.772220,7.397011,46.024773,65.978688,15.710220,11.838587
14-Jun-2023 08:30:21,519.990720,159.666210,491.157906,46936.870707,8.008771,16.817227,66.119663,15.715198,11.147304
14-Jun-2023 08:31:21,513.899460,155.038830,485.904138,46515.919316,6.688039,18.075922,66.080140,15.734493,8.448546
14-Jun-2023 08:32:21,508.416660,150.896510,482.605259,46352.710215,2.560317,55.720439,66.360533,15.910012,4.064160
14-Jun-2023 08:33:21,511.421770,146.673140,486.914962,46730.874917,3.751452,103.825013,64.602860,16.032938,7.240679
14-Jun-2023 08:34:21,497.438650,146.683120,473.208372,45586.438776,4.632919,75.732240,65.339478,16.038537,8.380297
14-Jun-2023 08:35:21,517.544240,148.539810,492.624095,47309.062202,2.981571,102.990169,65.045080,16.114472,4.727892
14-Jun-2023 08:36:21,538.416710,150.904000,512.539658,48888.384556,2.229179,35.660459,65.386157,16.280975,4.409175
14-Jun-2023 08:37:21,537.764560,150.908980,512.106487,49011.785585,4.417003,95.418156,63.782832,16.315830,10.727153
14-Jun-2023 08:38:21,548.766300,153.829300,522.303048,49915.408846,4.673780,54.038256,63.978267,16.360955,6.872495
14-Jun-2023 08:39:21,549.707730,159.703620,519.026362,49523.301337,8.450739,62.740125,62.760843,16.400478,13.048335
14-Jun-2023 08:40:21,534.664660,165.188880,500.266012,48013.637119,7.238019,59.562857,63.107835,16.319253,10.275689
14-Jun-2023 08:41:21,530.955030,172.560750,497.033712,47662.343864,4.818817,100.233110,63.860323,16.304628,9.982646
14-Jun-2023 08:42:21,535.283170,178.104620,496.722738,47515.057992,5.529585,61.045663,64.406802,16.277553,9.023989
14-Jun-2023 08:43:21,512.666210,185.661060,474.474642,45508.811040,3.315785,53.008093,64.504210,16.380248,7.357148
14-Jun-2023 08:44:21,471.249240,188.568910,433.821736,41952.101587,2.914055,40.993123,63.804305,16.615207,6.988964
14-Jun-2023 08:45:21,484.509170,197.114150,444.440328,42780.077534,3.471636,86.052352,63.473498,16.674335,5.897560
14-Jun-2023 08:46:21,459.387120,201.515850,421.292554,40808.671627,6.299349,71.466755,63.152957,16.719460,8.139849
14-Jun-2023 08:47:21,472.987480,208.450040,436.787358,42204.876852,7.020479,46.922480,62.869142,16.686472,10.602545
14-Jun-2023 08:48:21,529.671940,211.930250,491.257910,46969.715361,5.283401,67.511677,64.008142,16.488235,8.231268
14-Jun-2023 08:49:21,533.440170,218.646230,494.923381,47393.653356,5.208626,62.238940,64.251825,16.549233,7.386574
14-Jun-2023 08:50:21,561.335410,222.319730,521.825400,49723.339892,3.567612,40.776416,64.296638,16.611473,4.679049
14-Jun-2023 08:51:21,542.676230,221.115200,507.896788,48568.937758,2.782240,79.303748,63.558145,16.754002,6.152409
14-Jun-2023 08:52:21,537.772040,222.312250,503.109526,48162.911399,1.250042,209.991713,63.293000,17.083878,4.561333
14-Jun-2023 08:53:21,552.152970,231.580710,514.083568,49139.163428,5.503341,60.411075,61.628065,17.253795,8.069718
14-Jun-2023 08:54:21,580.806320,245.884290,534.521166,50894.647479,6.446028,25.784656,62.438748,16.954728,7.746620
14-Jun-2023 08:55:21,610.229050,254.644030,552.481842,51993.310327,2.349198,74.181736,63.785010,16.863858,5.436081
14-Jun-2023 08:56:21,530.960020,256.415920,484.793400,46673.155209,4.919909,57.848148,63.492792,17.016658,8.843657
14-Jun-2023 08:57:21,482.032730,263.770340,442.329997,43551.331969,5.211128,70.584045,61.991862,17.123713,8.676469
14-Jun-2023 08:58:21,489.476950,278.727330,447.061730,43306.518318,4.700549,34.361881,62.228998,17.168525,7.243813
14-Jun-2023 08:59:21,661.636490,303.821910,623.647067,58976.364786,4.615650,140.372805,62.059703,17.143940,6.822404
14-Jun-2023 09:00:21,710.906680,312.940740,663.555826,62028.521904,5.436601,149.228721,62.096425,17.141140,7.543114
14-Jun-2023 09:01:21,642.049600,315.837380,601.421164,56765.112254,4.704515,181.271873,62.251093,17.136783,7.600724
14-Jun-2023 09:02:21,666.556890,306.217280,628.489856,58813.155685,3.405566,71.843883,62.113542,17.213338,6.257606
14-Jun-2023 09:03:21,704.224360,308.651290,662.889401,61701.113492,5.405190,29.039075,62.422255,17.187197,7.755387
14-Jun-2023 09:04:21,697.859980,315.857330,648.738588,60454.174561,4.668351,64.936956,62.728790,17.173815,8.988300
14-Jun-2023 09:05:21,603.513040,318.942240,561.545650,53205.416198,4.794678,286.239063,62.089267,17.249437,8.767264
14-Jun-2023 09:06:21,585.102010,327.432650,535.798489,50289.588748,7.264631,92.898949,60.195285,17.343733,10.692088
14-Jun-2023 09:07:21,451.386800,330.467680,407.885976,39445.295085,8.498222,116.589117,61.276715,17.216450,13.035810
14-Jun-2023 09:08:21,491.283760,340.936950,434.665886,41161.953290,8.570126,150.837407,62.388955,17.013545,10.471675
14-Jun-2023 09:09:21,563.695850,353.942470,513.606010,48742.096880,6.450880,43.949279,62.567585,16.912405,9.196811
14-Jun-2023 09:10:21,504.638460,354.080880,469.620711,44595.253728,8.685236,198.503894,62.871630,16.919875,12.467882
14-Jun-2023 09:11:21,528.572140,362.745850,486.148533,45749.639891,5.312412,86.850742,62.942897,16.996740,8.290126
14-Jun-2023 09:12:21,532.208200,356.536130,498.088922,46528.855941,4.266147,204.300913,62.664993,17.189998,6.138008
14-Jun-2023 09:13:21,463.391070,348.408580,435.521178,41032.579054,3.762763,45.437151,61.434495,17.418420,6.852460
14-Jun-2023 09:14:21,435.604320,346.533190,411.595834,38813.372893,3.892376,47.214848,61.568625,17.450163,6.779824
14-Jun-2023 09:15:21,446.082330,348.411080,421.470279,39610.492593,5.061631,36.578252,62.060638,17.567175,8.804205
14-Jun-2023 09:16:21,454.974220,351.474790,431.700175,40555.896362,4.629424,44.805456,60.852857,17.643730,6.652088
14-Jun-2023 09:17:21,506.526310,351.466060,484.049254,45093.832855,5.203773,51.978223,60.049642,17.649955,7.771041
14-Jun-2023 09:18:21,476.636010,346.515740,461.045871,42982.096509,1.880683,31.914627,61.260222,17.560640,3.733546
14-Jun-2023 09:19:21,410.503510,343.954530,398.366892,37341.528339,5.793410,39.087379,60.878375,17.611987,9.978260
14-Jun-2023 09:20:21,377.282620,346.487060,364.722456,34313.248078,5.578062,197.006208,61.564892,17.496220,9.796046
14-Jun-2023 09:21:21,364.974120,349.575710,352.981985,33196.673594,4.206135,245.334878,61.972255,17.489375,8.407218
14-Jun-2023 09:22:21,363.147370,351.434890,350.804895,32971.767972,3.395254,174.750950,62.101405,17.592695,5.513722
14-Jun-2023 09:23:21,379.306410,353.276610,371.253813,34839.688863,7.050222,118.871890,61.789890,17.626615,9.683340
14-Jun-2023 09:24:21,417.160880,358.718260,408.230285,38202.340954,6.180691,202.424325,61.223500,17.479415,8.776031
14-Jun-2023 09:25:21,451.990310,368.026630,439.397620,41080.348739,5.878516,71.145453,61.780865,17.426200,7.556891
14-Jun-2023 09:26:21,481.432960,374.836130,467.521432,43663.784781,5.761110,115.117933,63.110323,17.424955,8.212485
14-Jun-2023 09:27:21,485.731170,376.818760,469.243068,43910.586839,6.780503,26.650694,62.358770,17.499955,8.833637
14-Jun-2023 09:28:21,481.441690,373.639080,462.200995,43359.263015,5.711123,57.048785,61.839373,17.590205,9.892475
14-Jun-2023 09:29:21,470.068400,371.758700,448.583447,42211.840270,5.152324,27.966195,61.730763,17.642175,9.007711
14-Jun-2023 09:30:21,467.148080,361.931610,444.096018,41841.637183,5.226314,68.366076,61.861778,17.644043,9.062183
14-Jun-2023 09:31:21,472.997460,361.937840,451.393626,42525.313861,6.025299,48.394504,62.294350,17.582735,9.190548
14-Jun-2023 09:32:21,475.346680,360.611110,456.114219,42941.298227,3.327263,57.015703,62.660325,17.616035,7.184326
14-Jun-2023 09:33:21,467.725410,358.682100,449.038812,42331.264485,5.338085,126.473572,63.379202,17.681697,7.876232
14-Jun-2023 09:34:21,449.723370,358.715770,431.577977,40776.825170,6.951810,217.148347,63.732105,17.707840,8.811097
14-Jun-2023 09:35:21,449.078710,360.602380,431.055943,40724.080473,5.791530,153.411575,64.024325,17.741760,9.541826
14-Jun-2023 09:36:21,456.137610,361.960290,436.765165,41250.521258,7.493127,25.507691,64.182428,17.683565,9.892475
14-Jun-2023 09:37:21,459.680150,360.602380,437.520453,41341.085619,5.078593,26.201233,64.799853,17.535123,10.195538
14-Jun-2023 09:38:21,459.394600,360.603620,437.609315,41349.039248,6.995276,100.603941,64.922777,17.443005,10.759713
14-Jun-2023 09:39:21,457.441900,354.412560,436.409715,41261.469476,6.025711,81.653154,65.996115,17.405350,9.424733
14-Jun-2023 09:40:21,458.095300,350.249050,437.853710,41365.952687,6.116509,74.092795,65.023295,17.443628,8.438526
14-Jun-2023 09:41:21,454.342030,350.146810,432.722050,40928.087857,5.325563,26.075815,65.409498,17.408150,6.789215
14-Jun-2023 09:42:21,432.141590,345.824930,412.606568,39061.165162,5.488685,179.702176,65.169560,17.402860,8.973898
14-Jun-2023 09:43:21,416.071060,345.804980,398.089252,37718.694845,7.007695,307.050607,65.333565,17.410330,9.492983
14-Jun-2023 09:44:21,400.682640,339.653860,383.294206,36309.545009,7.869764,258.514630,65.729725,17.401928,10.696469
14-Jun-2023 09:45:21,382.759160,335.370620,368.654693,34920.295217,6.975030,112.879514,65.538025,17.439583,9.893104
14-Jun-2023 09:46:21,388.113530,331.025060,377.962628,35694.528271,6.247743,196.121255,64.889477,17.594250,7.753506
14-Jun-2023 09:47:21,377.230240,329.170870,370.865028,34960.103289,4.832772,196.768212,64.404315,17.685432,7.196222
14-Jun-2023 09:48:21,368.561570,329.241950,364.422622,34316.234682,6.367495,62.939634,62.900572,17.838232,8.883727
14-Jun-2023 09:49:21,369.882070,335.358150,365.877670,34400.817850,5.236751,24.554659,63.762292,17.715930,7.995206
14-Jun-2023 09:50:21,375.424690,335.348180,373.319757,35033.746225,3.646089,54.031891,64.201098,17.636263,5.781720
14-Jun-2023 09:51:21,379.682980,336.633790,380.817284,35687.564853,1.515502,69.366061,64.916553,17.618835,5.366574
14-Jun-2023 09:52:21,380.903730,340.973110,381.517043,35746.282757,4.034203,174.003398,63.749532,17.791863,6.607002
14-Jun-2023 09:53:21,378.681690,342.773680,381.383705,35730.359528,2.516239,112.015535,64.049222,17.896428,3.938929
14-Jun-2023 09:54:21,379.701680,340.898300,383.249820,35901.522257,4.201392,180.933955,63.443310,18.063232,6.762294
14-Jun-2023 09:55:21,380.279010,339.673810,386.048858,36142.351109,3.270230,94.698409,63.426817,18.058252,6.173697
14-Jun-2023 09:56:21,374.177750,336.712340,379.684352,35549.238791,3.040324,64.712253,63.631278,18.063232,4.711610
14-Jun-2023 09:57:21,360.764480,333.570050,366.832876,34358.031161,4.929149,115.200319,63.751400,18.104000,7.226278
14-Jun-2023 09:58:21,349.113100,324.487350,354.348169,33184.735166,4.933371,73.282545,63.359907,18.172152,8.431016
14-Jun-2023 09:59:21,332.717150,318.882390,339.997437,31825.327452,5.374975,96.057862,63.603268,18.063542,8.140473
14-Jun-2023 10:00:21,320.392430,313.546750,327.135087,30615.209989,6.347459,280.956019,64.183982,17.940618,9.235634
14-Jun-2023 10:01:21,314.996950,306.179870,321.503675,30064.884362,6.172552,175.559166,64.409915,17.806180,11.734648
14-Jun-2023 10:02:21,312.102800,303.194700,316.516406,29586.205277,6.963968,116.541005,65.344145,17.612610,10.214326
14-Jun-2023 10:03:21,308.641310,301.255720,312.939887,29225.960197,8.720927,32.077405,65.590307,17.475370,11.142294
14-Jun-2023 10:04:21,303.778270,294.053440,310.907188,29031.902835,3.598397,89.541717,65.877235,17.442695,4.287701
14-Jun-2023 10:05:21,302.537570,292.715440,310.784990,29007.027782,6.223688,125.312008,65.691447,17.457010,9.469190
14-Jun-2023 10:06:21,299.441430,293.953680,310.107424,28939.350067,2.935233,98.673364,65.878480,17.522363,4.761705
14-Jun-2023 10:07:21,293.262840,288.423500,308.063673,28733.354277,4.726220,249.715141,64.978795,17.689790,8.542470
14-Jun-2023 10:08:21,292.653090,286.478280,306.853021,28619.903269,5.582236,146.926569,65.303067,17.704105,7.395966
14-Jun-2023 10:09:21,288.382350,286.483270,305.564557,28488.540626,3.430686,163.200345,65.173608,17.844768,5.372837
14-Jun-2023 10:10:21,287.131670,286.480780,304.409343,28380.072614,5.124981,281.501941,64.373505,17.936263,8.121690
14-Jun-2023 10:11:21,288.367380,286.458330,305.431219,28483.565615,7.874460,285.641500,65.072155,17.907007,9.434125
14-Jun-2023 10:12:21,288.354920,283.489380,306.897407,28625.876476,6.286669,274.167562,65.510950,17.770390,10.183642
14-Jun-2023 10:13:21,288.983370,286.510700,307.475059,28666.674759,3.047524,186.771544,65.027343,17.907942,6.708441
14-Jun-2023 10:14:21,288.982120,285.226360,308.308068,28742.314088,5.734966,277.941277,63.943103,18.015307,10.572490
14-Jun-2023 10:15:21,290.741540,288.399810,309.552055,28871.680338,9.098294,141.998323,65.641967,17.700680,12.115976
14-Jun-2023 10:16:21,293.269080,290.783940,311.773531,29089.622543,10.236604,204.448468,65.765203,17.500578,12.662616
14-Jun-2023 10:17:21,294.507320,290.760250,313.739561,29277.706697,6.732080,257.843739,66.163853,17.457010,11.204286
14-Jun-2023 10:18:21,295.694400,290.770220,314.739243,29387.172905,10.620285,257.620386,65.595907,17.480038,12.280030
14-Jun-2023 10:19:21,298.104720,293.926250,315.383475,29461.814037,10.067280,256.957836,66.447983,17.339685,12.332002
14-Jun-2023 10:20:21,297.542360,293.943710,317.571616,29679.756242,8.789282,288.677721,66.397255,17.268732,10.719009
14-Jun-2023 10:21:21,300.576140,295.696900,320.759440,29991.241426,7.173419,285.859916,66.892072,17.232323,10.128541
14-Jun-2023 10:22:21,302.507640,296.859040,322.581079,30173.352373,5.252928,321.468017,66.433355,17.369250,7.116700
14-Jun-2023 10:23:21,299.435200,294.356440,321.603590,30098.719226,4.796299,93.575140,65.431593,17.630660,6.781705
14-Jun-2023 10:24:21,296.087190,295.676940,318.426908,29812.109096,5.343460,135.209178,65.145910,17.651823,9.353350
14-Jun-2023 10:25:21,295.133280,290.786430,318.115933,29784.247439,4.025229,34.468262,65.619560,17.648088,6.441071
14-Jun-2023 10:26:21,291.423620,290.862500,316.016565,29605.115110,5.304847,20.650564,65.258875,17.656180,8.744723
14-Jun-2023 10:27:21,291.418630,288.384840,313.806230,29417.030955,4.136220,45.567914,65.182942,17.665827,5.772329
14-Jun-2023 10:28:21,288.352420,286.464570,311.784673,29221.975397,4.137681,78.321740,65.670598,17.665205,6.585086
14-Jun-2023 10:29:21,286.533150,283.466940,311.584754,29215.011979,2.957827,65.301589,65.963750,17.673295,5.240091
14-Jun-2023 10:30:21,288.320000,283.560460,314.228350,29458.827434,4.995940,145.133743,64.925267,17.875577,8.724683
14-Jun-2023 10:31:21,292.660570,288.413520,317.060723,29730.504546,6.110089,46.937679,64.159085,17.929105,8.122943
14-Jun-2023 10:32:21,293.261600,290.770220,320.359602,30045.974530,7.487596,95.615982,64.445392,17.909188,9.632621
14-Jun-2023 10:33:21,296.312880,292.670550,322.658800,30257.943527,4.758414,221.802639,64.861783,17.858150,7.135483
14-Jun-2023 10:34:21,295.102110,292.681770,321.914654,30178.327384,5.672091,77.572559,64.816345,17.842277,8.245669
14-Jun-2023 10:35:21,295.127050,292.626910,319.593174,29961.383376,6.245134,257.643436,64.650787,17.831387,8.081615
14-Jun-2023 10:36:21,291.382470,291.720390,317.393891,29744.439367,4.947256,217.351483,64.702445,17.878068,6.866232
14-Jun-2023 10:37:21,290.362480,288.413520,316.338681,29624.024942,6.278530,215.280434,64.361680,17.987920,8.526192
14-Jun-2023 10:38:21,290.185410,289.614320,315.994372,29564.316827,5.947759,45.470549,64.391243,18.082837,9.593798
14-Jun-2023 10:39:21,288.310030,290.801400,317.382839,29686.719660,6.287139,69.406662,62.838642,18.121115,8.255060
14-Jun-2023 10:40:21,292.634390,286.452100,321.514727,30067.870965,4.985608,15.866491,63.262812,18.027755,7.446685
14-Jun-2023 10:41:21,294.477400,292.688010,323.136448,30213.160445,7.584600,155.868776,63.419660,17.977963,10.322651
14-Jun-2023 10:42:21,299.421480,290.787680,324.402628,30362.434724,5.031370,220.130961,63.403165,17.988542,6.832420
14-Jun-2023 10:43:21,298.165820,293.927500,325.991014,30504.745585,6.280982,174.799026,63.314783,18.046428,9.188672
14-Jun-2023 10:44:21,298.173300,292.699230,327.168421,30645.060054,6.628711,204.977527,63.834802,18.007215,9.309517
14-Jun-2023 10:45:21,296.922630,291.068240,325.935486,30542.557264,5.857645,151.663691,63.870280,18.042693,8.380297
14-Jun-2023 10:46:21,295.098370,292.696740,321.803508,30184.300591,5.485077,50.283767,62.981798,18.040515,6.995850
14-Jun-2023 10:47:21,292.655590,289.553220,318.826745,29927.548511,3.477132,49.068209,63.575883,17.963648,4.790508
14-Jun-2023 10:48:21,292.025890,290.775210,320.437324,30097.721030,4.215950,274.374529,62.407318,18.135742,6.045337
14-Jun-2023 10:49:21,298.785550,293.912530,325.991014,30625.160011,3.703694,146.782297,62.160533,18.160638,5.768571
14-Jun-2023 10:50:21,303.750830,296.893950,335.832214,31560.613758,3.500402,42.331763,62.157732,18.242485,4.544427
14-Jun-2023 10:51:21,314.399650,304.410470,346.528616,32572.689060,3.683709,84.557292,62.080865,18.268315,7.374054
14-Jun-2023 10:52:21,327.726930,317.473360,360.368366,33894.285094,5.147106,28.824809,62.713230,18.230970,8.251932
14-Jun-2023 10:53:21,340.529200,326.078480,373.653014,35171.074090,4.955552,96.863895,62.938540,18.239063,7.705292
14-Jun-2023 10:54:21,347.341210,333.530150,381.472567,35937.353515,2.805210,203.161576,62.315200,18.321842,4.202540
14-Jun-2023 10:55:21,350.381230,339.566570,383.105429,36132.401087,3.677240,105.758011,61.228790,18.443833,5.189371
14-Jun-2023 10:56:21,349.734070,340.869620,381.261597,35997.061629,3.082958,151.296239,61.155345,18.522255,4.876293
14-Jun-2023 10:57:21,348.569440,342.751240,381.350459,36001.038444,3.944038,152.397458,60.969558,18.533460,5.638330
14-Jun-2023 10:58:21,344.839850,338.911930,376.696447,35587.050470,1.999106,100.596900,60.827028,18.537195,3.984009
14-Jun-2023 10:59:21,340.586560,335.354410,373.575293,35286.513504,2.222205,174.504528,61.193625,18.535015,4.359079
14-Jun-2023 11:00:21,335.077590,331.030050,367.765889,34730.222655,2.957603,168.287159,60.739890,18.572983,5.169960
14-Jun-2023 11:01:21,329.507550,326.095940,361.790168,34137.102353,2.645997,246.833308,60.883045,18.564890,4.422948
14-Jun-2023 11:02:21,320.952300,317.631720,353.903856,33369.832717,3.695139,315.768397,61.021530,18.706800,5.374090
14-Jun-2023 11:03:21,314.418350,311.627720,346.284222,32622.447153,3.788226,194.989396,60.995388,18.783977,5.769200
14-Jun-2023 11:04:21,307.995400,306.181120,337.864824,31806.417620,2.870886,127.833947,60.193730,18.977550,4.421071
14-Jun-2023 11:05:21,300.588610,300.007540,331.566898,31196.383878,3.643322,87.275340,60.635015,19.043215,4.603908
14-Jun-2023 11:06:21,296.951310,295.223060,326.224267,30682.879718,2.788816,56.484851,61.268002,19.040412,4.039115
14-Jun-2023 11:07:21,293.891340,289.645490,321.414813,30227.095266,3.304725,53.031057,59.749955,19.038545,4.250755
14-Jun-2023 11:08:21,289.238990,285.260030,318.260324,29941.483333,3.103829,42.380041,57.669250,19.030143,4.388511
14-Jun-2023 11:09:21,285.890980,283.594130,316.638603,29776.285825,0.846659,51.661864,58.006282,19.050995,2.387907
14-Jun-2023 11:10:21,285.388460,282.244930,316.294294,29753.399178,0.825652,66.641231,57.566243,19.155247,2.461167
14-Jun-2023 11:11:21,285.329860,285.271250,317.527229,29895.702054,0.204320,169.148869,57.170080,19.198815,0.204665
14-Jun-2023 11:12:21,287.747660,287.146640,319.537646,30111.655851,0.521050,241.591748,57.374852,19.260745,1.811212
14-Jun-2023 11:13:21,289.586890,290.825090,322.614413,30436.077660,0.204435,100.580771,57.535745,19.298712,0.204665
14-Jun-2023 11:14:21,293.882610,293.998570,324.747027,30674.918104,3.341322,66.343432,57.314480,19.336990,5.685292
14-Jun-2023 11:15:21,295.684430,292.735390,323.880594,30620.185000,3.188874,90.949013,55.857730,19.331387,6.668365
14-Jun-2023 11:16:21,292.030870,290.843790,318.582439,30160.415748,4.900479,117.570387,54.232940,19.144668,8.219995
14-Jun-2023 11:17:21,284.733820,282.264880,308.174818,29211.035165,5.216296,108.835987,52.872047,19.062198,6.655845
14-Jun-2023 11:18:21,272.354230,272.289380,295.423524,27995.942691,5.291958,115.182094,53.861052,18.990620,8.454180
14-Jun-2023 11:19:21,261.422360,261.619370,284.038414,26948.036132,3.440552,117.909152,55.739162,19.028278,6.429799
14-Jun-2023 11:20:21,254.756250,254.631560,277.229595,26345.956019,3.133961,84.908024,56.875995,19.121948,5.764190
14-Jun-2023 11:21:21,253.499350,251.410690,276.252196,26266.347861,4.678631,58.596720,57.463855,19.220288,6.970176
14-Jun-2023 11:22:21,255.970770,256.708950,278.273664,26475.330255,2.475786,66.432479,58.469353,19.214065,4.019703
14-Jun-2023 11:23:21,255.957050,256.483260,279.906526,26568.873234,2.717065,81.425632,57.356180,19.229003,5.434200
14-Jun-2023 11:24:21,254.153990,254.670220,279.573269,26541.011577,2.949775,62.661389,53.071218,19.204417,5.404145
14-Jun-2023 11:25:21,253.142720,252.749940,278.195943,26406.662330,3.652295,88.909418,52.488335,19.157115,8.005221
14-Jun-2023 11:26:21,250.536590,250.850820,277.162926,26312.121155,4.840652,80.567473,51.975472,19.126305,7.576303
14-Jun-2023 11:27:21,250.501680,248.429280,277.529518,26397.710505,4.239271,74.708890,51.578068,19.132840,6.481771
14-Jun-2023 11:28:21,247.410530,248.410570,278.673591,26526.086545,1.596088,54.057088,52.136675,19.093630,2.757983
14-Jun-2023 11:29:21,248.673680,246.472840,279.062287,26591.767866,0.431349,42.915359,52.474018,19.093008,2.479955
14-Jun-2023 11:30:21,248.667440,248.506590,278.451390,26548.973191,0.593928,52.278175,52.649225,19.132217,1.489990
14-Jun-2023 11:31:21,246.234680,245.874310,276.851952,26421.595348,2.072962,59.727457,52.639578,19.252030,3.560101
14-Jun-2023 11:32:21,241.869160,243.420350,275.108123,26298.194319,1.265742,44.661846,51.761987,19.284085,2.395423
14-Jun-2023 11:33:21,242.518820,242.142240,274.874870,26297.196122,2.988458,44.537841,52.649225,19.279105,4.292706
14-Jun-2023 11:34:21,243.743300,242.106080,276.196579,26447.468598,1.549556,89.788661,53.711365,19.247052,3.872555
14-Jun-2023 11:35:21,245.614950,245.288250,278.040411,26638.539356,1.958677,99.266874,54.869660,19.295600,3.170000
14-Jun-2023 11:36:21,248.664950,249.679950,279.117904,26801.740471,2.697095,178.883914,54.229518,19.334187,6.311454
14-Jun-2023 11:37:21,251.141360,252.148920,279.317822,26837.571728,6.284842,84.665051,54.114372,19.245808,10.627591
14-Jun-2023 11:38:21,251.145100,250.283470,278.040411,26737.057346,2.648407,75.661718,56.123185,19.147467,4.675292
14-Jun-2023 11:39:21,248.678660,250.314640,275.419098,26361.879248,1.629088,65.888441,56.359088,19.142800,3.956459
14-Jun-2023 11:40:21,243.757020,244.087460,271.475987,26001.634167,3.327111,105.433465,55.755655,19.103898,4.541922
14-Jun-2023 11:41:21,238.855320,236.713090,266.644249,25548.836319,0.492783,126.571100,56.556700,19.057530,1.103647
14-Jun-2023 11:42:21,234.083310,233.843900,260.857306,24999.508887,2.546021,103.497157,57.074230,19.040412,4.488697
14-Jun-2023 11:43:21,228.189050,227.206460,254.892637,24469.083303,1.342091,98.353888,59.029210,19.059398,3.256408
14-Jun-2023 11:44:21,222.112740,222.887090,250.038706,24019.272058,2.294403,147.639467,54.504310,19.045393,3.213204
14-Jun-2023 11:45:21,217.777120,219.967980,245.229252,23579.410834,1.681473,113.701070,56.014575,18.983462,3.930785
14-Jun-2023 11:46:21,214.159770,213.750770,240.097592,23104.716550,3.589530,101.662559,56.047563,18.911888,5.200644
14-Jun-2023 11:47:21,210.503760,210.205740,236.432210,22761.384909,2.162858,108.964870,56.144035,18.878895,2.980272
14-Jun-2023 11:48:21,208.676980,208.224350,236.032283,22731.526859,0.528911,143.751775,55.788020,18.888235,1.505020
14-Jun-2023 11:49:21,210.491290,210.998790,238.986854,23042.021832,1.218754,120.978349,54.713437,18.950788,2.970880
14-Jun-2023 11:50:21,215.404200,212.574910,244.462823,23604.285888,1.775732,116.536483,55.765925,18.994045,3.137440
14-Jun-2023 11:51:21,218.641240,218.580140,250.616269,24184.469566,0.489421,160.455701,56.041027,19.074645,1.972762
14-Jun-2023 11:52:21,223.274880,223.521780,255.559062,24630.303996,0.996343,142.262507,56.042895,19.111368,2.722902
14-Jun-2023 11:53:21,227.046860,225.974490,258.235992,24911.931130,2.741023,158.678248,55.013748,19.146845,5.419175
14-Jun-2023 11:54:21,228.797550,227.843650,257.880542,24858.196222,3.558842,23.889239,53.802238,19.035123,5.638959
14-Jun-2023 11:55:21,223.299820,221.739910,252.904414,24413.352003,3.271850,11.539617,55.223810,18.868003,4.547555
14-Jun-2023 11:56:21,218.405570,214.370500,244.385101,23611.257291,1.970732,43.127511,54.529205,18.766862,3.842500
14-Jun-2023 11:57:21,210.498770,210.154620,235.399193,22756.409898,3.200205,49.578135,58.501717,18.744142,4.305855
14-Jun-2023 11:58:21,205.011000,202.938600,228.379314,22088.656448,3.751338,11.303617,61.159080,18.653895,4.751056
14-Jun-2023 11:59:21,198.869830,198.358580,223.847499,21652.772039,1.937542,76.548392,60.224540,18.547152,2.922037
14-Jun-2023 12:00:21,195.065440,192.234900,220.615289,21348.258259,1.337487,49.355863,59.221223,18.471220,2.825609
14-Jun-2023 12:01:21,189.052730,187.981600,218.493728,21152.204505,0.201712,49.975172,58.768727,18.496737,0.202281
14-Jun-2023 12:02:21,189.691160,187.908030,217.805109,21114.392826,0.800580,108.849766,52.455970,18.538128,1.594562
14-Jun-2023 12:03:21,190.308390,187.971620,218.571538,21220.872430,0.609910,62.592872,52.328688,18.651095,1.997807
14-Jun-2023 12:04:21,189.678690,190.480460,220.293173,21405.977967,0.584238,235.228898,51.811780,18.705555,1.907017
14-Jun-2023 12:05:21,192.183770,191.661310,221.859276,21587.090718,0.202647,206.476520,53.550780,18.777442,0.202971
14-Jun-2023 12:06:21,190.948060,192.857120,223.447662,21758.261433,0.202684,252.256383,56.282842,18.845595,0.202908
14-Jun-2023 12:07:21,194.014270,192.248610,225.058241,21974.215230,0.877967,200.354306,57.443005,18.911888,2.917032
14-Jun-2023 12:08:21,195.898390,192.233650,227.446301,22211.059281,1.498758,186.981937,57.179727,18.817275,1.829995
14-Jun-2023 12:09:21,196.526840,193.534200,228.668095,22328.487103,1.061329,250.209745,61.054827,18.769040,2.722902
14-Jun-2023 12:10:21,195.912100,195.364700,227.224189,22176.226220,0.202647,158.839613,64.379108,18.802338,0.203222
14-Jun-2023 12:11:21,195.277410,192.256100,223.403186,21814.982944,0.239612,172.436950,63.397875,18.835638,0.646549
14-Jun-2023 12:12:21,192.818460,190.471730,219.038045,21401.993167,0.565432,205.774910,64.187717,18.778375,1.853793
14-Jun-2023 12:13:21,186.003970,187.361870,215.083792,21018.853454,1.250795,271.271088,63.571837,18.745700,2.657782
14-Jun-2023 12:14:21,184.159750,183.049980,211.140681,20627.760113,0.202057,198.894376,63.774430,18.732008,0.202344
14-Jun-2023 12:15:21,179.286740,178.746820,207.353012,20251.583818,0.335116,211.586718,65.007425,18.717380,1.800568
14-Jun-2023 12:16:21,176.227980,175.749160,203.876408,19922.186999,0.603001,148.962651,63.234805,18.745388,1.689738
14-Jun-2023 12:17:21,172.580700,174.393740,201.199566,19695.292969,0.290096,171.128008,63.467273,18.699020,1.255805
14-Jun-2023 12:18:21,173.151800,171.357460,199.733378,19566.916929,2.128968,235.136819,63.817687,18.655450,4.116132
14-Jun-2023 12:19:21,173.170500,171.399860,198.767030,19509.197222,0.291944,202.189206,64.360745,18.594768,1.274593
14-Jun-2023 12:20:21,173.671770,171.321300,197.856211,19418.632861,2.693394,245.436892,63.202440,18.493625,4.267037
14-Jun-2023 12:21:21,171.955990,171.369930,197.267507,19353.949735,0.393955,178.082101,65.548605,18.437298,1.694748
14-Jun-2023 12:22:21,171.291380,171.525800,197.200927,19371.861371,0.202537,89.255600,67.243420,18.473085,0.202846
14-Jun-2023 12:23:21,172.527090,170.200310,197.334177,19433.565878,0.202391,163.326672,67.117383,18.539995,0.202720
14-Jun-2023 12:24:21,170.641720,170.106790,197.800683,19510.187433,0.592357,142.310982,65.668420,18.549642,1.714155
14-Jun-2023 12:25:21,171.317560,170.113020,198.144992,19569.895547,1.035962,238.221971,64.926513,18.521013,2.557596
14-Jun-2023 12:26:21,170.697840,170.113020,197.800683,19555.968711,0.571436,226.210618,65.419768,18.477442,2.421720
14-Jun-2023 12:27:21,171.301350,168.137880,196.101241,19413.657850,1.369377,226.601495,65.196948,18.443210,3.186906
14-Jun-2023 12:28:21,170.691600,170.100560,192.980087,19042.464552,2.727503,243.582795,63.234183,18.338335,4.132409
14-Jun-2023 12:29:21,170.048180,168.200230,190.158766,18767.800836,2.296681,232.897367,64.631180,18.198918,3.495604
14-Jun-2023 12:30:21,167.610420,167.041820,189.059169,18683.209682,0.952657,219.830300,66.953068,18.132320,3.315895
14-Jun-2023 12:31:21,168.222670,165.819830,190.047710,18790.687483,0.785976,242.865432,65.656905,18.141345,2.974009
14-Jun-2023 12:32:21,170.048180,170.094320,192.946752,19087.247634,1.113045,170.343912,67.244353,18.084395,3.247646
14-Jun-2023 12:33:21,172.510880,170.066890,196.956533,19519.147243,0.613546,273.932839,68.383978,18.137610,2.103632
14-Jun-2023 12:34:21,175.005990,174.366310,201.854850,20000.804946,0.826203,205.499589,68.028273,18.144768,2.909517
14-Jun-2023 12:35:21,180.531180,180.627190,206.997562,20537.195752,1.360733,193.733763,65.112300,18.131385,3.501237
14-Jun-2023 12:36:21,184.773240,185.546340,211.973690,21015.866851,0.559214,230.296498,68.266965,18.088440,2.169376
14-Jun-2023 12:37:21,190.327090,189.738540,217.338603,21581.125496,0.798281,217.614859,68.626405,18.098710,2.752349
14-Jun-2023 12:38:21,195.278660,193.390800,224.025225,22206.084270,0.249705,130.959462,67.785225,18.093420,0.792445
14-Jun-2023 12:39:21,200.744000,201.512110,231.400554,22885.784134,0.296767,233.933650,69.660848,18.054207,1.356620
14-Jun-2023 12:40:21,207.675700,208.183200,238.498154,23585.376056,0.222833,124.103999,70.277340,18.093730,0.469346
14-Jun-2023 12:41:21,215.426650,216.122440,245.540226,24243.179484,0.406519,128.759739,71.838020,18.098397,1.357872
14-Jun-2023 12:42:21,221.465580,221.661350,252.615633,24917.904337,0.200598,143.626604,69.497777,18.089062,0.200776
14-Jun-2023 12:43:21,230.091860,227.787530,260.235268,25668.252548,0.615884,206.787694,66.903588,17.993212,3.307757
14-Jun-2023 12:44:21,234.722980,232.095700,267.710601,26352.927422,0.782537,172.151816,68.261365,17.979830,3.898224
14-Jun-2023 12:45:21,240.074820,236.033510,274.286166,26929.126300,0.451698,100.222226,68.318002,17.977340,1.255805
14-Jun-2023 12:46:21,246.188540,243.350520,280.050916,27450.592074,0.557791,121.288715,69.217690,18.007215,2.030367
14-Jun-2023 12:47:21,251.080260,248.384390,284.927041,27869.555058,0.200739,177.510593,67.819455,18.045492,0.201027
14-Jun-2023 12:48:21,255.950820,253.981910,289.358852,28279.558232,0.635770,244.182619,67.462508,18.028068,1.794306
14-Jun-2023 12:49:21,259.621790,258.205270,293.557498,28689.569391,0.294780,147.662922,71.242067,18.108045,1.329069
14-Jun-2023 12:50:21,261.383700,259.998360,297.955975,29120.470804,0.518069,179.435665,67.745390,18.112090,3.064180
14-Jun-2023 12:51:21,269.960110,267.317860,303.098687,29628.999953,1.249814,242.548547,66.808982,17.986987,3.015337
14-Jun-2023 12:52:21,273.557550,271.543720,307.552780,30097.721030,2.171888,299.941926,65.718522,17.903275,3.223224
14-Jun-2023 12:53:21,275.950410,274.774550,310.907188,30388.307974,0.487180,154.417533,70.805760,17.892382,1.729809
14-Jun-2023 12:54:21,280.375770,279.218620,314.017290,30731.639615,0.273531,139.488770,72.391970,17.926303,1.076725
14-Jun-2023 12:55:21,283.500610,280.238610,314.661522,30922.710373,0.494977,184.963724,71.521837,17.951823,1.206338
14-Jun-2023 12:56:21,285.187710,280.958090,314.650380,30936.645195,0.572261,136.288153,71.330138,17.947775,2.287098
14-Jun-2023 12:57:21,283.466940,282.168860,312.362235,30647.048461,1.970688,216.206674,69.393835,17.932837,4.083571
14-Jun-2023 12:58:21,281.595270,279.147540,307.163995,30173.352373,2.654212,294.779508,67.126098,17.828275,5.816786
14-Jun-2023 12:59:21,274.167300,274.151090,298.911181,29383.196091,1.432913,210.577356,69.113438,17.769145,4.305231
14-Jun-2023 13:00:21,263.267830,263.683050,287.703886,28314.391293,1.182899,137.689043,70.971010,17.797778,4.302726
14-Jun-2023 13:01:21,251.638880,247.083840,275.185845,26970.922779,0.200666,141.918973,71.346010,17.851615,0.200964
14-Jun-2023 13:02:21,237.647040,236.036000,262.423498,25722.985652,1.187051,112.694447,70.821322,17.878377,2.195674
14-Jun-2023 13:03:21,227.524430,229.746460,250.538547,24600.445946,1.909884,215.448803,67.938025,17.811470,6.354034
14-Jun-2023 13:04:21,219.648760,220.471780,241.741506,23749.583353,0.639741,196.537769,69.507425,17.788130,3.035372
14-Jun-2023 13:05:21,212.313060,210.094760,236.043425,23182.336300,0.300771,112.005739,71.658145,17.846325,1.392938
14-Jun-2023 13:06:21,208.637080,205.762900,231.911447,22807.166188,0.415928,107.195800,71.348497,17.856905,2.158109
14-Jun-2023 13:07:21,202.543320,199.573130,228.146061,22440.939914,0.952683,218.643426,70.949225,17.832320,2.793048
14-Jun-2023 13:08:21,199.508290,195.360960,224.802706,22100.594877,0.924119,150.147319,70.072880,17.771325,1.971509
14-Jun-2023 13:09:21,196.526840,195.268690,223.181074,21951.320598,2.463523,213.404161,67.732008,17.760433,4.596398
14-Jun-2023 13:10:21,197.117890,196.449530,224.169615,22082.683241,0.764912,158.251145,68.734702,17.727755,1.862555
14-Jun-2023 13:11:21,200.721550,199.573130,227.290770,22420.041675,0.415974,177.977217,70.923708,17.722465,1.908270
14-Jun-2023 13:12:21,200.724050,199.594320,230.756322,22723.565244,1.298932,130.859166,69.381075,17.727133,3.386650
14-Jun-2023 13:13:21,203.806460,200.523290,232.766738,22907.672585,0.651679,169.910024,69.425268,17.654313,3.554462
14-Jun-2023 13:14:21,203.481010,202.645570,231.955923,22823.081431,0.809055,178.009454,68.164267,17.628170,2.483712
14-Jun-2023 13:15:21,201.357490,198.293740,228.290452,22454.874736,0.893616,192.911218,68.130657,17.574022,4.747928
14-Jun-2023 13:16:21,199.536970,198.288760,223.925221,21998.092087,0.659335,220.512527,70.537815,17.540413,2.881967
14-Jun-2023 13:17:21,196.438310,198.288760,222.347976,21867.727640,0.703211,135.135755,70.084705,17.559708,2.211957
14-Jun-2023 13:18:21,200.089360,198.288760,225.013765,22106.568084,0.800168,85.005890,71.118520,17.578378,1.993426
14-Jun-2023 13:19:21,204.972350,200.891130,230.356396,22689.730380,0.710432,193.303505,70.314683,17.582113,4.554442
14-Jun-2023 13:20:21,209.264290,205.742950,236.732043,23345.545401,0.228923,145.317745,70.837505,17.563440,0.550578
14-Jun-2023 13:21:21,213.545030,213.647280,241.885896,23879.947800,0.257537,192.008088,71.136570,17.568420,0.890755
14-Jun-2023 13:22:21,216.634930,217.309520,246.084454,24281.989359,0.219635,105.132025,72.219565,17.573710,0.435045
14-Jun-2023 13:23:21,219.664970,217.952930,249.561148,24598.457539,0.610581,154.866229,70.169975,17.571220,2.945206
14-Jun-2023 13:24:21,223.311040,222.238680,252.815552,24891.032890,0.758715,220.150224,70.308770,17.554415,2.687213
14-Jun-2023 13:25:21,227.535650,226.498200,256.214435,25204.506481,1.111086,237.742212,68.176405,17.568110,4.764210
14-Jun-2023 13:26:21,230.648000,228.994560,258.624688,25439.370111,1.335401,181.752622,71.028892,17.597050,2.875704
14-Jun-2023 13:27:21,230.659220,231.493430,259.435593,25490.118415,0.200457,216.067465,69.528275,17.621325,0.201403
14-Jun-2023 13:28:21,227.514450,229.064390,257.347366,25295.070842,0.422789,212.651828,68.580658,17.645910,2.865060
14-Jun-2023 13:29:21,224.523060,221.161330,253.148809,24899.992701,1.857810,222.314872,66.028170,17.635640,5.712218
14-Jun-2023 13:30:21,219.852010,217.287070,248.128294,24380.515334,0.642539,180.694992,69.654623,17.625993,2.459291
14-Jun-2023 13:31:21,216.021440,211.841720,242.807857,23867.011175,0.297132,164.078244,69.679520,17.625993,1.362882
14-Jun-2023 13:32:21,212.852980,213.662240,238.509295,23449.038401,0.687433,167.229538,70.031177,17.640930,3.219467
14-Jun-2023 13:33:21,211.140940,213.058720,236.021231,23125.614789,1.544343,260.080800,69.044660,17.636263,3.532545
14-Jun-2023 13:34:21,212.315550,213.040020,236.598794,23145.514832,1.019891,84.254031,69.273705,17.644665,2.086725
14-Jun-2023 13:35:21,212.303080,211.259400,239.508888,23413.215130,1.026924,124.121788,68.825262,17.631283,2.508129
14-Jun-2023 13:36:21,214.757050,214.278220,244.251763,23905.821050,1.158546,212.379618,67.447880,17.613545,3.372877
14-Jun-2023 13:37:21,222.084060,220.468040,251.082775,24609.397771,0.450180,119.989730,67.276408,17.602030,1.215106
14-Jun-2023 13:38:21,230.025780,227.757610,259.479980,25472.206779,0.744428,203.181773,65.715722,17.552238,3.300865
14-Jun-2023 13:39:21,240.672100,237.860270,268.976781,26324.067569,0.984448,204.365291,68.397360,17.527030,6.462359
14-Jun-2023 13:40:21,249.920610,249.586430,278.362527,27144.081901,0.293954,113.167528,68.475160,17.517072,1.327817
14-Jun-2023 13:41:21,259.002060,258.164120,286.204363,27906.376526,1.939389,277.476980,68.613645,17.511470,4.734779
14-Jun-2023 13:42:21,265.146950,261.156760,290.269671,28278.568021,1.019211,273.200181,66.817695,17.469457,3.059794
14-Jun-2023 13:43:21,265.110790,264.906300,291.613662,28412.909282,0.290633,180.354645,68.912710,17.519873,0.932706
14-Jun-2023 13:44:21,263.300250,264.275350,289.803165,28219.850117,0.200065,229.219739,70.668210,17.585848,0.200274
14-Jun-2023 13:45:21,260.853750,260.556980,286.482092,27936.226591,0.200217,186.984390,69.277753,17.612300,0.200588
14-Jun-2023 13:46:21,254.731320,253.974430,280.406278,27357.041110,0.387323,93.040654,68.585325,17.668627,0.964643
14-Jun-2023 13:47:21,246.204750,245.154830,271.398265,26521.111534,3.566246,261.952045,65.052238,17.654313,5.076036
14-Jun-2023 13:48:21,240.669600,234.906280,261.323812,25592.621205,2.171477,289.596848,66.019145,17.607010,4.721001
14-Jun-2023 13:49:21,229.391090,229.080600,250.527406,24538.741439,0.534313,178.078820,68.845180,17.602962,4.210679
14-Jun-2023 13:50:21,221.488030,219.317080,239.209055,23480.884859,2.107626,235.529943,69.743628,17.616968,3.512510
14-Jun-2023 13:51:21,210.501270,207.994910,228.479318,22481.746182,1.529677,146.478765,69.954000,17.640930,6.593853
14-Jun-2023 13:52:21,203.755340,203.376270,218.960234,21573.163882,4.572029,256.040113,68.575677,17.630660,6.789844
14-Jun-2023 13:53:21,192.782300,194.656440,209.263514,20636.711938,2.239276,291.924872,67.974125,17.593317,5.469894
14-Jun-2023 13:54:21,185.397960,184.839330,199.089146,19640.559865,1.700648,211.277467,68.404205,17.569665,3.888209
14-Jun-2023 13:55:21,173.686730,173.347570,188.803722,18594.641714,1.556770,208.920565,69.805867,17.549748,4.771097
14-Jun-2023 13:56:21,164.526760,163.872120,178.606983,17587.533438,2.129567,250.531000,68.861672,17.506180,3.761720
14-Jun-2023 13:57:21,156.217180,155.475250,168.976843,16637.154658,1.436555,280.633349,68.964060,17.453897,3.943310
14-Jun-2023 13:58:21,146.689350,147.244250,161.112814,15856.932426,1.292479,191.515498,69.890203,17.400060,2.950216
14-Jun-2023 13:59:21,141.239010,142.288930,156.214497,15386.222941,1.223986,247.530224,69.455453,17.369873,3.462420
14-Jun-2023 14:00:21,141.825070,138.631670,154.115129,15203.113798,0.985848,230.408601,68.617067,17.325370,4.211308
14-Jun-2023 14:01:21,139.435950,138.565590,154.637163,15290.683570,3.392907,302.783627,69.140822,17.237300,5.316484
14-Jun-2023 14:02:21,140.605570,141.053220,157.514012,15624.065189,1.397891,234.869400,69.813335,17.216450,2.792425
14-Jun-2023 14:03:21,146.067130,145.318970,163.001033,16212.202496,2.943151,239.595938,70.435430,17.179727,6.241323
14-Jun-2023 14:04:21,151.604770,149.583490,170.531894,17016.309571,0.456114,105.738489,71.798807,17.177237,1.804950
14-Jun-2023 14:05:21,156.227150,157.277070,178.829095,17828.362289,0.423826,116.580752,72.098817,17.207425,1.567007
14-Jun-2023 14:06:21,161.499200,161.461800,184.949474,18435.417413,0.789481,153.586198,72.229835,17.193733,2.312767
14-Jun-2023 14:07:21,163.857150,163.872120,187.592981,18700.131107,1.434173,146.044027,72.438963,17.170392,3.523154
14-Jun-2023 14:08:21,163.342170,163.223710,186.371187,18558.818442,0.637413,118.680050,72.522053,17.153275,2.149965
14-Jun-2023 14:09:21,159.714840,159.612590,181.439534,18062.227722,2.761065,203.565344,72.223300,17.151720,8.147988
14-Jun-2023 14:10:21,155.076230,154.346780,174.330615,17346.704586,2.984171,218.823868,71.969037,17.091658,8.647042
14-Jun-2023 14:11:21,148.496170,148.608390,166.933092,16567.496522,1.972313,206.213196,73.364167,17.073297,5.452359
14-Jun-2023 14:12:21,143.073250,141.705360,160.135325,15849.969008,1.467636,202.858484,72.100375,17.043422,4.036610
14-Jun-2023 14:13:21,138.791280,136.797440,154.937086,15358.353299,2.380162,236.595923,72.209295,16.996430,7.020895
14-Jun-2023 14:14:21,135.070400,133.668850,150.927305,14999.106415,2.729448,243.083302,71.986153,16.974022,6.876253
14-Jun-2023 14:15:21,132.070280,131.873270,147.650619,14692.596242,1.342854,199.556346,72.249750,16.985850,5.887545
14-Jun-2023 14:16:21,129.009060,127.495290,144.973778,14466.692423,0.841770,203.743264,72.927550,16.980870,2.314648
14-Jun-2023 14:17:21,125.957820,123.112290,142.652298,14253.725229,0.491889,157.149088,72.887095,16.953173,1.941454
14-Jun-2023 14:18:21,122.866640,123.200820,140.486439,14059.667867,0.993719,139.562254,73.657010,16.930455,2.399804
14-Jun-2023 14:19:21,123.532510,117.848990,138.842525,13924.328409,0.610835,139.130408,74.218108,16.924853,3.250775
14-Jun-2023 14:20:21,119.719390,116.669390,138.209345,13892.481952,2.517619,236.475376,73.333670,16.901203,7.595714
14-Jun-2023 14:21:21,118.487420,115.811500,138.109431,13907.406984,2.030782,125.637126,74.008980,16.881907,3.739180
14-Jun-2023 14:22:21,120.294220,117.018530,137.976092,13922.340002,1.729090,183.564335,75.073610,16.886888,5.271398
14-Jun-2023 14:23:21,119.756790,117.154450,137.087555,13835.760441,0.602719,152.325946,74.832740,16.886265,3.330926
14-Jun-2023 14:24:21,118.502380,117.148210,135.099332,13660.612912,1.289901,187.351093,74.301820,16.872883,4.428587
14-Jun-2023 14:25:21,115.365100,113.982250,133.199972,13467.545761,2.893918,216.983456,74.761475,16.866970,6.786087
14-Jun-2023 14:26:21,115.361360,113.626870,132.500212,13396.889428,1.334813,214.760694,74.750895,16.851098,6.404754
14-Jun-2023 14:27:21,114.200460,114.654350,132.677938,13418.785864,1.648666,233.392404,75.109710,16.844562,8.741590
14-Jun-2023 14:28:21,114.215430,112.798910,132.666796,13423.760875,0.846180,140.286641,74.200370,16.823712,2.194422
14-Jun-2023 14:29:21,114.832660,113.963540,131.445002,13312.306260,1.302008,113.864743,75.113135,16.826203,2.997178
14-Jun-2023 14:30:21,112.980960,109.661630,129.123522,13061.519402,1.972934,174.585479,74.741870,16.822158,6.121102
14-Jun-2023 14:31:21,109.949670,105.903370,125.624724,12710.226147,0.562746,156.964527,74.697990,16.812820,1.507525
14-Jun-2023 14:32:21,106.235060,102.593980,121.637137,12293.259555,0.933208,106.242410,76.771532,16.825580,2.154975
14-Jun-2023 14:33:21,102.532880,101.580230,117.627357,11839.463510,0.756929,167.441103,76.930868,16.840517,2.060423
14-Jun-2023 14:34:21,100.671210,99.291914,115.106047,11563.801598,1.221705,236.618697,76.553690,16.825267,5.534386
14-Jun-2023 14:35:21,101.327100,100.581430,114.450674,11494.143462,2.507115,276.105333,76.927755,16.808152,5.888169
14-Jun-2023 14:36:21,103.156350,100.612760,115.283772,11600.623066,1.400604,212.434534,77.001823,16.801617,3.176886
14-Jun-2023 14:37:21,103.175050,101.648810,117.260854,11824.538478,1.842657,254.581127,76.375682,16.792902,3.891967
14-Jun-2023 14:38:21,105.005580,102.466800,119.560052,12057.405715,0.611268,146.549437,76.572362,16.796327,1.736071
14-Jun-2023 14:39:21,106.852290,106.640310,121.703806,12267.378319,0.871172,193.481050,77.435333,16.800683,2.419844
14-Jun-2023 14:40:21,108.105450,106.040530,123.047798,12411.677588,0.470724,133.697765,76.856180,16.806595,1.443657
14-Jun-2023 14:41:21,108.076780,106.660260,123.692029,12462.433877,1.368606,236.120303,77.344773,16.800995,3.742938
14-Jun-2023 14:42:21,109.948420,107.888490,124.680570,12554.986646,2.840581,244.910671,77.205350,16.800060,5.699069
14-Jun-2023 14:43:21,112.388670,110.278860,127.413028,12801.780718,1.016836,239.959727,76.210745,16.805040,2.396675
14-Jun-2023 14:44:21,115.363850,115.822720,133.144444,13415.799261,0.534288,144.776611,76.156285,16.803173,1.415478
14-Jun-2023 14:45:21,120.966320,120.102190,142.763443,14434.845966,2.756276,268.009650,75.249130,16.800060,5.730377
14-Jun-2023 14:46:21,134.527990,131.966790,155.448068,15775.327876,1.208983,192.517252,76.221947,16.786990,2.389789
14-Jun-2023 14:47:21,146.689350,145.316480,168.721397,17156.632025,2.109816,170.648558,77.540207,16.804418,5.996494
14-Jun-2023 14:48:21,155.659800,153.734530,179.839829,18293.106552,1.676393,204.590265,77.258880,16.815620,4.150568
14-Jun-2023 14:49:21,162.096480,159.592640,186.737689,18945.934969,1.899576,223.855523,76.582323,16.809398,4.121766
14-Jun-2023 14:50:21,161.509180,157.245900,188.103963,19031.516334,2.195267,197.472153,77.011158,16.828693,4.328400
14-Jun-2023 14:51:21,162.084010,158.414290,186.426715,18774.764254,1.194558,193.116792,76.318423,16.851098,3.958964
14-Jun-2023 14:52:21,162.719950,162.623940,186.149075,18686.196286,0.879155,145.354398,74.614267,16.865725,3.680946
14-Jun-2023 14:53:21,161.500450,158.783380,187.904044,18843.432179,0.758942,116.194464,76.300995,16.894977,1.704764
14-Jun-2023 14:54:21,165.782420,164.040450,189.403478,18997.681469,0.807954,94.228369,75.661785,16.918008,1.994049
14-Jun-2023 14:55:21,166.533070,165.757480,191.325121,19182.779020,0.825923,137.703852,75.911990,16.942593,2.025986
14-Jun-2023 14:56:21,167.919670,160.886960,193.413259,19408.682839,0.521100,149.946607,76.366970,17.004210,1.486861
14-Jun-2023 14:57:21,170.267640,162.577800,195.623683,19625.626847,1.920487,213.988405,74.002445,16.966865,6.046590
14-Jun-2023 14:58:21,172.505890,168.136640,196.190104,19668.421523,0.609164,104.257188,75.066143,16.957217,1.843149
14-Jun-2023 14:59:21,170.022000,167.514410,194.268550,19468.390954,0.698408,153.080019,75.682012,16.978070,2.571373
14-Jun-2023 15:00:21,166.353510,164.459420,189.625679,19035.501134,1.220673,97.021526,76.221947,16.982737,2.865060
14-Jun-2023 15:01:21,162.105210,159.612590,183.805401,18487.163913,1.032230,133.215212,75.342180,16.987093,3.333426
14-Jun-2023 15:02:21,156.783280,157.258370,179.228932,18006.496422,2.112971,132.554559,74.484185,16.925165,3.312138
14-Jun-2023 15:03:21,156.208450,155.542590,177.995997,17898.028410,2.100357,133.437356,75.143320,16.918940,3.968355
14-Jun-2023 15:04:21,158.552700,153.840520,179.651052,18087.110761,1.331917,120.365786,74.497567,16.901825,3.548199
14-Jun-2023 15:05:21,159.731050,160.904420,182.827913,18399.586156,1.636320,144.838645,75.795913,16.887820,6.338380
14-Jun-2023 15:06:21,163.313490,160.878230,185.660286,18637.428403,1.396524,173.078947,75.429005,16.893110,3.167495
14-Jun-2023 15:07:21,164.506810,163.877100,187.170950,18800.637504,1.442119,166.547989,75.464170,16.883775,3.803677
14-Jun-2023 15:08:21,166.981970,166.949550,188.326075,18922.050126,0.476614,121.037685,75.694150,16.884397,1.872575
14-Jun-2023 15:09:21,166.364730,165.740020,190.369826,19130.034324,0.786312,176.977148,76.132945,16.890933,2.257042
14-Jun-2023 15:10:21,172.512120,167.520640,194.246357,19548.997308,0.694499,152.468665,76.408670,16.900267,2.039764
14-Jun-2023 15:11:21,175.579580,174.408710,199.911103,20125.196186,2.051119,210.225651,76.160952,16.914583,5.863747
14-Jun-2023 15:12:21,179.887760,177.275410,205.109343,20627.760113,1.049162,198.658001,75.142387,16.913650,3.528164
14-Jun-2023 15:13:21,182.955210,178.705670,207.275291,20883.513996,3.672333,276.704218,73.750060,16.908360,6.358415
14-Jun-2023 15:14:21,184.131070,182.924040,205.298209,20654.623574,1.469021,228.407043,73.575163,16.916762,4.308989
14-Jun-2023 15:15:21,180.500000,179.871550,199.289065,20030.662996,0.442823,112.031453,75.887718,16.991140,1.431132
14-Jun-2023 15:16:21,171.913600,170.033220,190.236576,19108.145873,4.787761,238.461634,73.722673,16.987405,10.548068
14-Jun-2023 15:17:21,163.334690,160.262250,178.984627,17968.684743,4.815760,232.686276,73.764685,16.929210,8.261323
14-Jun-2023 15:18:21,153.995140,152.811800,166.899758,16735.680633,3.863133,254.323814,74.787305,16.887197,8.053436
14-Jun-2023 15:19:21,143.115640,143.264030,155.503596,15583.266907,2.818556,201.344357,75.797780,16.869147,10.789769
14-Jun-2023 15:20:21,130.834570,132.475540,145.718013,14599.045277,2.065148,92.996589,77.913962,16.876305,5.049110
14-Jun-2023 15:21:21,123.547470,123.118520,137.542920,13781.027337,0.774750,156.753253,78.993212,16.911473,2.289603
14-Jun-2023 15:22:21,115.367590,110.921030,130.867440,13125.212316,1.412484,128.527004,78.741760,16.919562,3.138063
14-Jun-2023 15:23:21,111.115550,109.664120,125.113742,12565.934864,1.099011,149.173285,77.435645,16.903693,3.319024
14-Jun-2023 15:24:21,106.251270,106.231320,120.115421,12069.344143,1.808210,171.591639,77.322677,16.862925,6.072259
14-Jun-2023 15:25:21,104.994360,102.476770,115.605888,11627.494513,4.908796,226.155142,77.251100,16.822778,8.239406
14-Jun-2023 15:26:21,101.919390,99.281570,111.684970,11245.352997,0.773048,123.219323,77.921120,16.814065,1.846278
14-Jun-2023 15:27:21,97.727429,98.099919,108.730400,10940.831231,1.184524,133.830955,78.830142,16.803795,3.023476
14-Jun-2023 15:28:21,97.708861,95.110024,106.264529,10719.902423,0.523061,159.034768,78.712820,16.793215,1.886353
14-Jun-2023 15:29:21,95.331848,92.668086,104.709478,10575.603154,1.597502,179.245928,79.102445,16.787925,4.186886
14-Jun-2023 15:30:21,92.894895,89.492259,103.621023,10463.150343,0.916149,117.838678,80.068428,16.785745,2.963994
14-Jun-2023 15:31:21,92.347688,91.979433,103.198903,10394.490403,1.136093,109.267733,80.814692,16.792593,2.495609
14-Jun-2023 15:32:21,92.892278,91.309600,103.732079,10454.198518,1.893289,209.942659,80.662203,16.781078,5.632696
14-Jun-2023 15:33:21,93.150117,92.655250,105.220461,10614.421015,1.879081,196.575728,80.743115,16.766762,6.782953
14-Jun-2023 15:34:21,96.629025,95.628448,107.286405,10831.365023,1.949848,192.406181,80.338552,16.727863,6.615146
14-Jun-2023 15:35:21,97.757463,98.105028,109.141378,11023.425992,0.907263,112.122183,80.209402,16.691140,3.540689
14-Jun-2023 15:36:21,97.725062,98.700093,110.363173,11164.738657,1.581052,119.847057,80.449650,16.657530,2.667178
14-Jun-2023 15:37:21,97.734782,98.696479,111.207323,11255.303018,1.959429,134.226150,80.649755,16.634812,4.533154
14-Jun-2023 15:38:21,99.558351,95.601031,111.673829,11309.037926,1.229252,162.066093,79.216967,16.594977,2.952093
14-Jun-2023 15:39:21,99.492677,99.355470,112.295867,11363.771029,2.318209,210.109998,78.736160,16.559503,5.312103
14-Jun-2023 15:40:21,101.930610,98.096554,113.073348,11469.260423,1.551720,125.565861,79.625887,16.539585,3.223848
14-Jun-2023 15:41:21,100.207350,99.278205,114.528396,11608.584681,1.182792,191.995420,79.777443,16.519668,3.292726
14-Jun-2023 15:42:21,102.554080,101.122600,116.727678,11818.565271,0.475651,116.704743,79.861478,16.507530,2.668431
14-Jun-2023 15:43:21,105.562960,104.471860,120.326480,12163.885319,1.487767,138.381364,80.887825,16.499440,6.205005
14-Jun-2023 15:44:21,109.944680,108.124160,125.513668,12689.327907,1.195962,91.844941,81.562512,16.494770,3.102998
14-Jun-2023 15:45:21,113.644330,112.777710,132.322487,13357.081357,0.911952,128.459695,82.686580,16.494148,2.387907
14-Jun-2023 15:46:21,120.999990,118.315340,140.208710,14128.335793,4.473750,227.782666,83.018632,16.492593,9.965111
14-Jun-2023 15:47:21,131.450560,128.649950,148.639249,14939.390314,3.509542,263.951341,83.349753,16.481077,8.853672
14-Jun-2023 15:48:21,138.212710,134.958180,157.736124,15841.009197,2.207370,229.017940,84.014483,16.481700,5.787983
14-Jun-2023 15:49:21,146.113270,143.433610,167.332929,16782.452123,1.166124,174.141442,85.013130,16.497260,3.934542
14-Jun-2023 15:50:21,152.212030,152.604810,176.951928,17717.905870,3.026144,204.526418,84.322260,16.495083,8.410976
14-Jun-2023 15:51:21,159.712350,156.653600,185.704762,18579.716682,0.823592,114.984886,85.148200,16.492593,2.455533
14-Jun-2023 15:52:21,166.370970,162.700000,192.991228,19287.270217,3.706751,236.354644,83.638550,16.458982,10.003305
14-Jun-2023 15:53:21,169.443420,166.928350,197.989549,19749.027877,2.675574,173.879268,83.756183,16.417282,8.466705
14-Jun-2023 15:54:21,173.125610,168.097980,200.455331,19964.981674,1.458882,235.060153,83.695500,16.428175,3.724155
14-Jun-2023 15:55:21,173.676760,168.102970,200.544193,19938.110227,1.788417,153.113941,84.553485,16.458050,4.695956
14-Jun-2023 15:56:21,167.587980,167.005660,197.300842,19602.740201,1.211625,164.435650,83.947573,16.428175,5.292062
14-Jun-2023 15:57:21,165.147730,160.227330,190.969671,18928.023333,2.721096,191.301962,83.706080,16.420082,8.447923
14-Jun-2023 15:58:21,157.970380,155.513910,183.383282,18162.742105,2.982944,181.701440,83.894980,16.421327,5.987731
14-Jun-2023 15:59:21,150.947640,149.887750,175.730134,17410.397501,2.352413,206.454564,83.700478,16.424440,11.115372
14-Jun-2023 16:00:21,146.021000,143.411170,169.887663,16842.160238,0.542129,133.537086,84.933463,16.456182,1.870699
14-Jun-2023 16:01:21,143.377500,139.127950,165.777878,16458.030314,2.764570,133.740512,83.915830,16.452137,8.680850
14-Jun-2023 16:02:21,139.944690,134.857180,163.600878,16242.076517,2.845626,214.966257,83.849855,16.418837,6.558164
14-Jun-2023 16:03:21,138.778810,137.952100,162.634531,16131.596142,3.826109,240.372245,83.568840,16.402032,10.993893
14-Jun-2023 16:04:21,139.392300,136.097880,162.401277,16075.864841,4.325349,218.185159,83.443425,16.383982,10.996398
14-Jun-2023 16:05:21,141.210330,136.130300,162.367943,16055.964798,3.251874,210.906463,83.021435,16.380870,7.324588
14-Jun-2023 16:06:21,140.615540,137.959580,162.445664,16036.064755,1.261146,190.829261,83.128487,16.361887,3.474940
14-Jun-2023 16:07:21,141.195370,137.953340,162.401277,15940.525383,1.839100,169.207011,83.567905,16.364065,6.588843
14-Jun-2023 16:08:21,141.813850,139.071840,162.623389,15927.588758,1.621599,108.736639,82.898510,16.361887,4.789879
14-Jun-2023 16:09:21,143.080730,140.989620,163.134372,15971.373644,1.042925,137.068123,83.435332,16.342593,2.891358
14-Jun-2023 16:10:21,144.684290,144.079520,164.756003,16083.826456,1.514418,116.652737,83.324545,16.354107,3.699105
14-Jun-2023 16:11:21,148.047270,145.351390,167.455127,16325.669474,1.451998,144.588092,83.633880,16.337615,3.220091
14-Jun-2023 16:12:21,153.410330,152.632240,171.664826,16707.810990,2.663478,140.906247,82.649235,16.293735,5.357812
14-Jun-2023 16:13:21,159.722320,156.646120,176.429894,17151.657014,2.585158,135.555331,83.028280,16.293422,5.568199
14-Jun-2023 16:14:21,164.490600,164.434480,181.150753,17611.418281,2.215216,91.408806,82.616560,16.294358,3.999663
14-Jun-2023 16:15:21,166.957030,165.796130,185.338170,18029.391054,2.670691,239.155475,82.324647,16.299957,11.378360
14-Jun-2023 16:16:21,172.532070,170.015760,188.625997,18374.711102,2.547251,193.444398,82.096225,16.291555,7.027158
14-Jun-2023 16:17:21,174.926180,171.866210,191.136255,18640.415007,1.292470,169.423729,81.847262,16.275685,5.416041
14-Jun-2023 16:18:21,177.388880,177.676920,192.769027,18850.395597,1.689322,177.209988,83.607118,16.313340,5.063516
14-Jun-2023 16:19:21,179.876540,179.173270,193.046756,18879.255451,0.840306,131.537902,83.474545,16.349750,2.191916
14-Jun-2023 16:20:21,179.856590,178.018580,191.669430,18697.144504,2.711327,231.957852,83.829938,16.330768,5.212540
14-Jun-2023 16:21:21,180.482550,179.614680,189.370144,18472.238881,6.460253,219.051931,82.495503,16.290933,13.521102
14-Jun-2023 16:22:21,178.047260,178.078430,187.059805,18249.321666,2.851487,218.373742,83.557015,16.285643,10.349572
14-Jun-2023 16:23:21,176.237960,176.199300,185.760289,18104.024201,3.421518,226.763296,82.650480,16.270395,7.617631
14-Jun-2023 16:24:21,176.822770,175.612000,185.826959,18056.254515,1.590866,117.050932,84.061473,16.266348,7.629527
14-Jun-2023 16:25:21,178.039780,174.954860,187.082087,18158.757305,2.914733,145.528737,83.400168,16.280352,8.010231
14-Jun-2023 16:26:21,177.397610,172.883710,188.970306,18328.929823,1.883293,166.489495,82.488655,16.256690,5.845589
14-Jun-2023 16:27:21,178.082170,173.062020,192.169271,18629.474775,1.663319,135.130986,82.804215,16.244555,4.028466
14-Jun-2023 16:28:21,184.124840,178.007360,197.023202,19074.311009,1.459202,121.666654,83.601827,16.251712,3.382892
14-Jun-2023 16:29:21,188.408050,186.659850,203.576485,19690.317958,1.676967,167.436987,82.802660,16.254202,3.738556
14-Jun-2023 16:30:21,197.756320,195.181400,211.418321,20423.752730,1.290068,122.169004,82.300995,16.248600,4.277681
14-Jun-2023 16:31:21,205.578350,204.488540,219.904388,21233.809055,2.669569,205.841725,80.328905,16.195072,9.293239
14-Jun-2023 16:32:21,212.847990,211.809300,228.545898,22067.758209,1.489121,110.422371,80.612410,16.204720,3.230111
14-Jun-2023 16:33:21,217.809540,219.853260,236.920909,22850.951074,2.162776,176.611481,80.017080,16.228995,7.196222
14-Jun-2023 16:34:21,226.376010,225.794930,243.918595,23496.808087,1.795537,187.370209,80.486063,16.244242,7.319577
14-Jun-2023 16:35:21,234.055870,234.321470,250.105376,24068.031954,0.896716,142.751723,80.174547,16.233972,2.942077
14-Jun-2023 16:36:21,238.812920,238.408920,254.126208,24472.069906,1.714809,192.795363,79.690307,16.247355,7.883747
14-Jun-2023 16:37:21,241.806820,242.724560,256.081186,24672.100475,1.439998,140.215145,79.395910,16.258557,4.591388
14-Jun-2023 16:38:21,243.705900,243.314360,256.425495,24748.722029,2.491861,173.016428,80.037617,16.290310,8.460443
14-Jun-2023 16:39:21,239.412700,239.054830,254.137349,24571.586093,1.316223,147.678480,80.075897,16.319565,4.542545
14-Jun-2023 16:40:21,235.834000,233.106960,248.239350,24052.108726,1.552847,144.005715,79.975690,16.363443,3.622088
14-Jun-2023 16:41:21,228.161610,226.560550,239.031330,23203.234540,2.296588,90.778343,80.475480,16.386163,4.548184
14-Jun-2023 16:42:21,217.239690,216.072560,227.657361,22138.414542,2.278051,145.356824,80.176415,16.388650,3.650890
14-Jun-2023 16:43:21,204.974840,203.215420,215.105985,20970.093557,2.341390,175.142350,80.429113,16.392385,8.865568
14-Jun-2023 16:44:21,194.610300,195.838530,203.032257,19825.657416,0.588098,93.145438,80.855770,16.423817,2.065433
14-Jun-2023 16:45:21,187.804540,186.631170,193.413259,18931.001951,2.978153,199.886770,80.174237,16.452448,13.105941
14-Jun-2023 16:46:21,182.354190,181.149660,186.937697,18316.991395,3.989627,232.215551,79.159085,16.432220,12.893043
14-Jun-2023 16:47:21,178.599680,176.827760,183.116694,17957.736525,3.387442,155.738174,79.430453,16.421327,8.102279
14-Jun-2023 16:48:21,177.418800,174.311450,181.428393,17814.435453,2.024860,151.073127,78.897985,16.419773,8.322686
14-Jun-2023 16:49:21,175.570850,173.024610,181.106277,17795.525621,1.320523,102.646794,79.084085,16.401410,3.089225
14-Jun-2023 16:50:21,173.125610,168.746390,180.995043,17814.435453,1.090759,138.141665,79.204520,16.372158,3.251398
14-Jun-2023 16:51:21,172.512120,170.004540,180.628451,17788.562203,3.111085,76.585407,79.342692,16.360020,5.084175
14-Jun-2023 16:52:21,170.022000,169.973370,178.929099,17643.264738,1.331755,126.010109,79.439477,16.355353,3.873808
14-Jun-2023 16:53:21,166.944560,166.909640,175.196958,17271.073243,1.820391,172.552995,79.794560,16.351930,3.420463
14-Jun-2023 16:54:21,160.289680,160.014110,168.887980,16654.076083,2.375686,134.735987,79.627133,16.341660,4.459266
14-Jun-2023 16:55:21,152.829260,150.892770,159.968741,15778.314479,2.942406,138.977627,79.834705,16.326410,6.040951
14-Jun-2023 16:56:21,141.815090,138.545640,149.505592,14759.267774,1.865239,105.311805,79.956395,16.316140,3.138063
14-Jun-2023 16:57:21,128.991610,126.050090,138.253821,13659.614715,2.088724,216.006538,79.441033,16.294358,6.498053
14-Jun-2023 16:58:21,119.720630,113.673010,126.968715,12552.990253,1.077641,108.807968,79.658253,16.281285,3.672807
14-Jun-2023 16:59:21,108.844890,107.247570,115.972391,11480.208641,2.345013,184.591404,79.519145,16.268215,3.946439
14-Jun-2023 17:00:21,99.519221,97.813417,106.108998,10510.920029,2.354004,94.636225,79.405245,16.258557,4.551942
14-Jun-2023 17:01:21,92.882059,92.447758,97.811797,9699.865507,2.379729,99.021748,78.745807,16.241130,9.732807
14-Jun-2023 17:02:21,86.745500,84.565762,91.147368,9054.000508,1.667406,201.288390,79.273295,16.244555,5.079794
14-Jun-2023 17:03:21,80.681343,79.804641,86.137817,8563.390980,2.050546,116.996174,79.680347,16.251400,9.219351
14-Jun-2023 17:04:21,77.006163,75.602562,82.283479,8194.186089,1.337709,199.048489,79.489892,16.242065,5.044728
14-Jun-2023 17:05:21,74.538180,71.461425,79.473388,7922.500991,2.146100,152.483043,79.300993,16.233663,6.394110
14-Jun-2023 17:06:21,70.904868,71.957164,77.385162,7720.466044,2.380348,99.565877,78.937507,16.233663,3.481826
14-Jun-2023 17:07:21,70.305072,68.368346,76.052312,7594.086397,1.912922,183.568377,78.286473,16.232417,5.587611
14-Jun-2023 17:08:21,69.751506,68.358252,75.374745,7539.353293,1.434760,110.214501,78.668940,16.229928,4.143053
14-Jun-2023 17:09:21,69.471983,68.939605,75.352463,7549.303315,0.899785,187.143060,78.978588,16.226193,3.060423
14-Jun-2023 17:10:21,70.172098,68.961787,75.819058,7595.076608,2.822867,228.787523,77.194768,16.192272,6.350905
14-Jun-2023 17:11:21,71.451082,70.138202,76.529870,7669.717740,1.181710,116.904578,77.678383,16.207210,2.623345
14-Jun-2023 17:12:21,72.138735,70.724543,77.518411,7760.274116,2.015500,214.248713,77.532427,16.218413,3.729160
14-Jun-2023 17:13:21,71.479869,68.923280,78.673625,7885.679523,1.523231,120.441436,77.836785,16.218725,5.865000
14-Jun-2023 17:14:21,72.712737,71.965763,80.117531,8023.015374,1.084945,127.554502,77.011158,16.206900,2.032872
14-Jun-2023 17:15:21,75.809057,74.475745,81.539333,8177.264664,2.916475,193.308086,77.124125,16.205343,8.250679
14-Jun-2023 17:16:21,78.113416,75.630103,83.405358,8336.488965,1.511425,172.094736,77.618008,16.207520,4.493707
14-Jun-2023 17:17:21,79.959793,79.278616,85.593500,8566.369598,0.789919,131.220127,78.960225,16.206900,2.417963
14-Jun-2023 17:18:21,82.501551,81.567395,88.426051,8861.939539,1.550978,98.137530,78.770702,16.215612,2.350337
14-Jun-2023 17:19:21,86.480807,83.388225,91.791600,9202.284576,1.477783,176.961960,79.047050,16.212812,6.236942
14-Jun-2023 17:20:21,88.861305,87.805020,94.779505,9452.065252,2.000900,172.772615,78.700370,16.196940,5.398511
14-Jun-2023 17:21:21,91.644329,88.930345,96.823256,9643.136010,1.877081,214.584480,79.198608,16.189473,3.442379
14-Jun-2023 17:22:21,92.470189,90.128320,97.811797,9722.752154,1.103569,182.053505,77.920807,16.153995,4.349064
14-Jun-2023 17:23:21,92.115393,90.117728,97.578544,9698.867311,3.192324,205.801218,77.954730,16.147770,6.203129
14-Jun-2023 17:24:21,92.054329,87.689124,96.356750,9554.568042,1.681484,210.954193,78.165725,16.152750,4.044748
14-Jun-2023 17:25:21,89.716451,87.693486,94.690642,9377.432105,2.234331,189.501022,78.172260,16.144035,7.706544
14-Jun-2023 17:26:21,89.868238,87.733115,93.102257,9220.196212,2.318111,132.224983,77.915518,16.122875,6.933234
14-Jun-2023 17:27:21,85.076585,84.562647,91.924939,9103.758601,1.065938,158.556715,78.934708,16.130342,3.760468
14-Jun-2023 17:28:21,85.962509,85.737694,90.725338,8991.305789,0.593372,167.770306,79.623398,16.146215,1.750473
14-Jun-2023 17:29:21,83.603444,82.819207,88.548248,8786.308195,3.301783,223.718196,78.243837,16.116960,8.617611
14-Jun-2023 17:30:21,81.748094,80.395714,85.438057,8455.913180,0.771326,151.750642,79.240930,16.113538,2.325915
14-Jun-2023 17:31:21,77.030090,75.112180,81.650389,8076.750281,1.483940,145.242375,79.920608,16.113850,3.170000
14-Jun-2023 17:32:21,72.125152,71.966137,77.729471,7689.617783,1.850074,213.835801,80.186373,16.115717,5.674024
14-Jun-2023 17:33:21,70.325260,67.704865,74.219531,7345.295932,0.589460,157.783672,79.479000,16.099223,2.210075
14-Jun-2023 17:34:21,66.711639,65.840667,71.287244,7045.749177,2.001230,209.784907,79.694353,16.094865,5.752294
14-Jun-2023 17:35:21,63.606471,61.045150,68.876901,6815.868543,1.557641,117.776898,79.067903,16.077438,4.995262
14-Jun-2023 17:36:21,61.544503,56.665988,66.877537,6634.747807,1.318444,192.676222,79.670700,16.084595,3.048526
14-Jun-2023 17:37:21,59.892162,58.588879,65.322575,6483.485120,4.387711,237.060375,79.051097,16.093310,9.557480
14-Jun-2023 17:38:21,60.557010,56.670724,63.800858,6346.149270,3.777042,211.113880,79.741033,16.097668,9.567500
14-Jun-2023 17:39:21,59.262952,56.699760,62.234666,6205.834801,1.107574,192.648944,80.008055,16.110115,2.680951
14-Jun-2023 17:40:21,55.507514,53.675470,60.413116,6036.652493,0.853108,160.668019,80.415730,16.112605,3.017842
14-Jun-2023 17:41:21,53.648552,52.446464,58.313748,5841.604921,3.858120,236.890156,79.271428,16.100158,8.305780
14-Jun-2023 17:42:21,51.393795,48.853656,56.414388,5659.485988,2.819148,197.074689,80.101415,16.098912,8.337088
14-Jun-2023 17:43:21,48.881322,44.932848,54.837143,5523.148334,3.351594,216.058929,79.788648,16.111360,7.984562
14-Jun-2023 17:44:21,46.440135,46.173821,53.904131,5435.578562,1.008966,230.486762,79.975377,16.116340,3.900106
14-Jun-2023 17:45:21,48.248875,48.054340,53.559821,5416.668730,2.501336,236.621222,80.230253,16.114472,8.042792
14-Jun-2023 17:46:21,47.651693,46.196378,53.904131,5467.425019,4.280233,252.655680,79.472152,16.106380,8.647042
14-Jun-2023 17:47:21,48.871851,48.074279,54.748281,5563.954602,2.640045,228.050290,79.978490,16.107315,6.635181
14-Jun-2023 17:48:21,50.751251,49.316747,55.692435,5662.472592,0.323067,141.954868,80.673405,16.121630,1.292752
14-Jun-2023 17:49:21,48.886556,44.974222,56.303332,5731.140517,1.232871,206.339732,80.988033,16.140612,2.754854
14-Jun-2023 17:50:21,48.283769,45.113300,56.147800,5721.190495,0.745590,171.147890,81.222055,16.140925,2.680327
14-Jun-2023 17:51:21,46.420445,41.842511,55.081538,5600.776070,0.727678,113.315535,81.359917,16.145592,1.774894
14-Jun-2023 17:52:21,45.225832,41.852729,53.115508,5396.768687,0.897803,171.708513,81.438030,16.153060,2.015966
14-Jun-2023 17:53:21,43.975887,40.622603,50.638586,5127.079982,1.452132,141.791106,81.218633,16.159907,5.125503
14-Jun-2023 17:54:21,43.343067,40.586712,48.139380,4865.344906,3.677136,261.578038,80.601518,16.145592,5.133642
14-Jun-2023 17:55:21,42.062968,40.023430,46.084577,4643.425887,0.970689,230.158514,81.086995,16.154927,2.729165
14-Jun-2023 17:56:21,39.681968,36.436479,44.585054,4485.199782,1.060885,163.094107,80.962202,16.163953,4.428587
14-Jun-2023 17:57:21,38.499444,38.723262,43.585372,4376.723785,1.105258,193.275951,81.354627,16.184493,3.596413
14-Jun-2023 17:58:21,38.484116,37.515567,43.074479,4308.055860,0.487665,158.188729,81.717180,16.200985,2.698486
14-Jun-2023 17:59:21,37.840204,35.757799,42.730081,4268.247788,2.282797,168.105971,81.826410,16.206588,6.262616
14-Jun-2023 18:00:21,37.865003,35.774498,42.852278,4286.167410,2.312803,191.444346,82.096535,16.200675,7.925699
14-Jun-2023 18:01:21,38.477012,37.639190,43.596513,4364.785357,1.941759,235.583474,82.567078,16.211877,5.804889
14-Jun-2023 18:02:21,39.706767,38.823460,44.996033,4502.113222,1.460164,162.948519,82.749755,16.213123,6.570684
14-Jun-2023 18:03:21,42.728065,35.754309,46.706527,4678.258947,0.796027,150.694993,83.049130,16.213123,4.370981
14-Jun-2023 18:04:21,42.708998,41.837526,48.061659,4821.560020,2.564251,263.913847,83.320500,16.203165,4.650246
14-Jun-2023 18:05:21,43.943486,43.203866,48.739225,4902.166374,0.895697,127.585425,83.895912,16.203165,2.578260
14-Jun-2023 18:06:21,45.227576,42.476582,48.828088,4914.112788,0.518107,163.837800,84.057118,16.204098,3.309633
14-Jun-2023 18:07:21,45.230816,44.405456,48.550359,4895.202956,2.745875,192.118773,84.111577,16.187915,7.427274
14-Jun-2023 18:08:21,45.260725,43.802416,48.161663,4855.394884,1.422628,209.094036,84.456077,16.194140,3.183149
14-Jun-2023 18:09:21,42.720837,41.799641,47.639539,4798.673373,1.581648,191.146264,84.526410,16.193828,6.603244
14-Jun-2023 18:10:21,43.351666,41.214675,47.117505,4749.913476,0.405253,167.336121,84.885227,16.206900,1.464945
14-Jun-2023 18:11:21,43.977134,40.707220,46.895393,4734.980459,0.971143,217.462258,85.013442,16.220280,3.716640
14-Jun-2023 18:12:21,42.741648,39.364810,47.028642,4760.853709,1.745029,217.791822,85.302245,16.217167,5.098576
14-Jun-2023 18:13:21,44.570453,39.980560,47.450762,4798.673373,0.834829,217.349862,85.617492,16.222770,3.799291
14-Jun-2023 18:14:21,43.961556,41.685863,47.517431,4807.633184,0.878593,175.376311,85.911270,16.223702,2.423597
14-Jun-2023 18:15:21,43.338954,41.843009,47.195315,4767.825112,0.946667,188.557928,86.060025,16.228683,4.055392
14-Jun-2023 18:16:21,42.090758,40.684664,46.473273,4677.260751,2.154111,236.437774,86.263240,16.227438,6.892535
14-Jun-2023 18:17:21,42.064588,38.852372,45.429204,4574.757961,0.500251,141.568672,86.631080,16.236775,1.713531
14-Jun-2023 18:18:21,39.664147,38.195620,44.196269,4456.339929,0.514292,208.189054,86.882532,16.251712,1.671579
14-Jun-2023 18:19:21,39.071952,36.738685,43.041144,4320.992485,1.840264,253.929847,86.764898,16.256690,5.269522
14-Jun-2023 18:20:21,36.099881,37.564044,41.574956,4185.653027,0.659705,188.131534,86.961578,16.255448,3.494351
14-Jun-2023 18:21:21,36.083805,33.935225,40.031046,4032.393948,0.788176,162.640333,87.275270,16.263538,2.620216
14-Jun-2023 18:22:21,34.222973,33.368326,38.509330,3873.169647,3.487131,227.779580,87.353070,16.268527,8.906896
14-Jun-2023 18:23:21,33.004062,32.118757,36.987613,3731.856982,4.698877,272.089307,87.309813,16.260738,7.505548
14-Jun-2023 18:24:21,30.636275,30.879907,35.565811,3611.442557,1.965030,280.028748,87.539480,16.261982,4.843104
14-Jun-2023 18:25:21,29.984013,29.126996,34.044095,3465.154881,0.485460,138.154528,87.732433,16.265415,1.629628
14-Jun-2023 18:26:21,28.078690,25.335176,32.266932,3291.995759,1.494661,137.271081,87.939070,16.271017,5.121745
14-Jun-2023 18:27:21,26.263472,25.340161,30.312043,3096.948186,3.126565,253.352523,87.744257,16.260738,5.990231
14-Jun-2023 18:28:21,25.646975,22.871057,28.201623,2885.969400,2.369737,219.672087,87.700685,16.260738,5.034708
14-Jun-2023 18:29:21,22.456072,22.804884,26.135679,2665.048577,0.437060,128.792179,88.057328,16.265725,1.268954
14-Jun-2023 18:30:21,21.282272,20.931839,24.380709,2472.979623,2.355660,208.823920,87.835127,16.271327,7.301419
14-Jun-2023 18:31:21,20.089656,19.736605,22.892327,2310.768718,3.336657,273.054321,87.667075,16.261048,5.800508
14-Jun-2023 18:32:21,18.202531,19.092693,21.748255,2184.381086,0.311449,115.123610,87.996643,16.261670,1.578908
14-Jun-2023 18:33:21,18.195552,17.840385,21.115164,2096.803328,0.196255,173.990522,88.058572,16.271640,0.196636
14-Jun-2023 18:34:21,19.426924,17.847986,20.826383,2059.989846,0.760361,253.770685,87.967390,16.274440,3.595790
14-Jun-2023 18:35:21,20.076945,18.340485,21.359470,2104.764942,0.197049,157.186575,87.910750,16.270705,0.197452
14-Jun-2023 18:36:21,20.676243,15.947153,22.670215,2218.215950,1.105213,168.777772,87.984818,16.271950,4.695956
14-Jun-2023 18:37:21,23.124037,19.741963,24.802829,2426.208133,0.650557,236.243566,87.994465,16.261670,3.097993
14-Jun-2023 18:38:21,24.390053,23.437581,27.724065,2699.873652,0.196270,206.624883,88.320605,16.262605,0.196762
14-Jun-2023 18:39:21,28.086417,25.404215,31.045138,3018.330239,0.196338,109.992463,88.432638,16.261982,0.196636
14-Jun-2023 18:40:21,29.972921,30.333073,34.466214,3345.738652,0.444657,196.797246,88.563965,16.261982,1.583913
14-Jun-2023 18:41:21,33.643863,32.095329,37.898433,3675.135471,0.196338,108.492547,88.748508,16.268527,0.196573
14-Jun-2023 18:42:21,37.872730,36.950539,41.308368,3990.597469,0.225581,225.318544,88.814795,16.266970,0.548244
14-Jun-2023 18:43:21,40.915587,38.784575,44.840501,4342.888921,2.074189,276.531556,88.689068,16.261982,5.084175
14-Jun-2023 18:44:21,44.588897,42.471971,48.583693,4694.182176,1.188865,247.148422,88.753488,16.253580,3.283959
14-Jun-2023 18:45:21,48.287258,46.829198,51.993718,5019.602181,2.909633,245.012188,88.853073,16.253268,5.519985
14-Jun-2023 18:46:21,51.365005,49.907820,54.937147,5306.204326,0.547625,184.091789,88.872990,16.267592,1.947088
14-Jun-2023 18:47:21,55.537174,53.689427,58.236027,5620.676113,1.303064,243.840763,88.642700,16.261048,2.685961
14-Jun-2023 18:48:21,57.346414,57.276751,62.323529,6015.754254,0.924512,189.347854,88.601310,16.266348,3.130553
14-Jun-2023 18:49:21,62.982623,62.764534,67.321850,6503.385163,0.461788,133.313157,88.546538,16.276930,1.364135
14-Jun-2023 18:50:21,69.728077,67.694023,72.486844,7005.941105,2.676126,222.559707,88.422368,16.290622,5.889422
14-Jun-2023 18:51:21,73.939127,71.971869,77.107433,7441.825514,1.636969,222.075368,88.046125,16.295913,4.300850
14-Jun-2023 18:52:21,76.386422,75.707492,80.328591,7753.310698,0.489782,85.411947,88.182743,16.318943,1.925176
14-Jun-2023 18:53:21,77.049281,77.233719,81.694865,7875.729502,1.136586,194.224278,88.216662,16.352863,2.253285
14-Jun-2023 18:54:21,77.644221,74.562232,80.883960,7792.120573,0.229273,163.562306,88.073510,16.376825,0.584261
14-Jun-2023 18:55:21,75.200411,75.018840,78.484758,7558.255140,0.422841,119.809465,88.002867,16.405145,1.233265
14-Jun-2023 18:56:21,72.728813,68.358626,75.130351,7245.779745,0.261239,189.024179,88.211995,16.449335,0.589572
14-Jun-2023 18:57:21,69.782661,67.055466,71.742609,6917.373137,1.282398,223.580050,88.049548,16.476723,5.161821
14-Jun-2023 18:58:21,66.073335,64.070559,68.377060,6595.937932,1.421445,257.242945,87.490622,16.467698,4.781117
14-Jun-2023 18:59:21,62.970535,61.535779,65.233712,6310.325998,1.700135,191.370217,87.244772,16.451515,4.715996
14-Jun-2023 19:00:21,60.535202,60.319111,62.256859,6019.739054,0.941952,181.333711,87.001100,16.449647,3.239502
14-Jun-2023 19:01:21,56.706864,56.673341,59.057984,5712.230685,1.502775,221.944058,86.867283,16.447468,3.493099
14-Jun-2023 19:02:21,53.671233,54.239625,55.781297,5398.757094,0.662815,180.889779,86.905250,16.462095,3.066685
14-Jun-2023 19:03:21,51.859126,51.101433,52.615667,5077.321889,0.294460,148.651261,87.224545,16.509710,1.367264
14-Jun-2023 19:04:21,48.277662,48.072909,49.738907,4792.700166,0.891154,91.453807,87.236993,16.519977,2.915780
14-Jun-2023 19:05:21,45.231689,43.801918,47.450762,4557.844522,0.453558,78.946975,87.247572,16.529315,1.414854
14-Jun-2023 19:06:21,44.581918,41.793535,45.829042,4388.662214,0.454871,187.487657,87.301410,16.543320,2.153722
14-Jun-2023 19:07:21,42.086396,41.861951,44.685058,4293.130828,0.450806,125.720928,87.462615,16.549233,2.388536
14-Jun-2023 19:08:21,42.730557,41.843383,44.185217,4231.426320,0.769040,95.920684,87.421535,16.547365,2.013461
14-Jun-2023 19:09:21,43.388428,40.750712,43.807573,4202.574452,0.439499,77.609269,87.602345,16.551100,1.338461
14-Jun-2023 19:10:21,42.705758,41.230626,43.652041,4196.601245,0.705729,130.387192,87.479108,16.545808,3.292726
14-Jun-2023 19:11:21,42.093873,41.848742,43.552038,4182.666424,2.160111,189.819431,87.407530,16.546743,6.620151
14-Jun-2023 19:12:21,43.334593,41.847495,43.296591,4163.756591,2.464866,260.121577,87.341555,16.523090,4.711610
14-Jun-2023 19:13:21,42.074557,41.912173,42.707887,4110.021684,1.343777,239.619005,87.017283,16.494460,4.025337
14-Jun-2023 19:14:21,42.729436,40.611013,41.908124,4031.403737,1.833489,242.326642,86.874130,16.479833,6.462988
14-Jun-2023 19:15:21,41.550277,38.855238,40.919583,3936.862562,2.453774,209.880138,86.979937,16.475165,7.432912
14-Jun-2023 19:16:21,39.793752,38.184778,39.964377,3840.332979,1.526451,253.493133,86.786992,16.467385,2.796182
14-Jun-2023 19:17:21,36.667899,35.801914,38.998029,3748.778407,3.256747,243.260437,86.740625,16.461472,6.103571
14-Jun-2023 19:18:21,37.868742,35.733871,38.131686,3663.189057,0.345097,190.224117,86.968425,16.461472,1.822485
14-Jun-2023 19:19:21,38.470532,35.737236,37.442978,3612.440753,2.199831,185.209311,86.955352,16.476723,5.339653
14-Jun-2023 19:20:21,36.719244,35.759045,37.298588,3592.532724,1.352229,211.264441,86.964690,16.475787,4.005302
14-Jun-2023 19:21:21,36.066109,35.158372,37.365257,3607.465742,0.488120,151.836318,87.099130,16.485748,1.566383
14-Jun-2023 19:22:21,37.555819,36.345756,37.698425,3630.352389,4.897423,263.150461,86.563860,16.467075,6.503058
14-Jun-2023 19:23:21,36.684473,35.752938,37.898433,3656.225639,2.365090,208.740324,86.570085,16.464585,5.817414
14-Jun-2023 19:24:21,37.903137,36.943934,37.987295,3649.262221,3.410565,250.592932,86.374650,16.461472,6.850578
14-Jun-2023 19:25:21,37.203269,34.530037,37.431926,3593.530921,0.603642,219.287852,86.341350,16.465517,1.849406
14-Jun-2023 19:26:21,36.103744,34.566426,36.387768,3505.953163,1.285080,197.523493,86.456807,16.480767,3.314019
14-Jun-2023 19:27:21,34.459128,34.573031,34.999390,3368.625298,2.640398,276.973893,86.464897,16.484502,5.331509
14-Jun-2023 19:28:21,33.614328,32.180569,33.333283,3194.467980,0.484868,153.396745,86.570085,16.494460,2.050407
14-Jun-2023 19:29:21,30.422053,28.445948,31.556120,3012.357032,1.563931,217.979029,86.379940,16.505040,3.617706
14-Jun-2023 19:30:21,29.974666,28.443081,29.612284,2825.263089,1.202653,215.392670,86.456807,16.509398,2.918280
14-Jun-2023 19:31:21,28.264499,26.507478,27.835121,2634.192331,2.408214,254.686778,86.259505,16.505040,5.349044
14-Jun-2023 19:32:21,25.689844,25.861571,26.268928,2477.954633,0.405449,92.726344,86.369670,16.503795,1.788043
14-Jun-2023 19:33:21,23.119301,24.095077,25.047134,2350.576790,0.879951,237.312627,86.320813,16.509088,2.701615
14-Jun-2023 19:34:21,24.407500,22.765504,24.191843,2262.999032,1.088962,87.452675,86.374338,16.513442,2.049779
14-Jun-2023 19:35:21,23.786891,23.431724,23.780954,2222.200750,1.167237,120.958863,86.261060,16.513132,2.533803
14-Jun-2023 19:36:21,24.765409,22.123835,23.892010,2240.112386,1.187588,95.739762,86.316765,16.513442,2.311514
14-Jun-2023 19:37:21,24.404260,24.103800,24.436237,2276.933854,0.513550,196.416389,86.620500,16.512510,2.165619
14-Jun-2023 19:38:21,25.004555,22.776595,25.124945,2341.616979,1.265059,173.521374,86.717282,16.507843,3.531293
14-Jun-2023 19:39:21,25.668285,25.316857,25.880232,2399.336687,0.787770,158.507511,86.740935,16.486058,3.116152
14-Jun-2023 19:40:21,25.651212,25.311996,26.391126,2443.121572,0.682592,175.258586,87.011060,16.475165,1.762369
14-Jun-2023 19:41:21,26.863891,25.318601,26.502182,2433.171551,2.564177,181.943270,87.067388,16.455870,7.987067
14-Jun-2023 19:42:21,26.225213,24.719549,26.180066,2382.415262,3.150334,266.825941,87.130872,16.431908,6.809879
14-Jun-2023 19:43:21,25.624294,23.534535,25.646979,2318.730333,0.781397,157.288752,87.020395,16.418215,2.382274
14-Jun-2023 19:44:21,25.647100,24.094204,25.058276,2245.087396,1.449991,225.565457,86.976515,16.407013,5.188119
14-Jun-2023 19:45:21,25.014275,23.420882,24.613963,2201.302511,1.034812,118.551255,87.055560,16.403900,2.610196
14-Jun-2023 19:46:21,24.403388,23.434341,24.491765,2187.367689,1.085286,202.272820,86.862927,16.402655,3.131806
14-Jun-2023 19:47:21,26.249763,20.874139,24.669491,2192.342700,1.332832,191.728552,86.688652,16.391762,4.570096
14-Jun-2023 19:48:21,25.688349,25.303647,25.191525,2238.123979,0.917226,201.110299,86.565727,16.397053,2.724784
14-Jun-2023 19:49:21,28.101745,25.307385,26.080151,2309.770522,1.381406,227.099434,86.788550,16.425685,5.335267
14-Jun-2023 19:50:21,27.414839,25.393623,27.624061,2417.248322,1.410200,169.414149,86.862615,16.417593,5.498697
14-Jun-2023 19:51:21,29.975912,29.094346,29.567897,2573.486020,2.215912,241.367739,86.886267,16.393008,6.690282
14-Jun-2023 19:52:21,32.348183,30.891871,31.622700,2732.718306,2.085090,181.908309,86.858880,16.392697,7.181821
14-Jun-2023 19:53:21,33.627164,32.099067,33.610923,2894.929210,1.059120,222.009570,87.052450,16.403900,4.595146
14-Jun-2023 19:54:21,36.056762,35.825716,35.610287,3054.153511,0.780873,195.509218,87.096950,16.393008,2.386031
14-Jun-2023 19:55:21,37.880082,38.166584,37.509647,3185.516155,1.338272,201.918877,86.993633,16.396430,4.659638
14-Jun-2023 19:56:21,39.688573,37.544852,39.320145,3318.867205,2.096233,193.185864,87.095705,16.403278,4.863144
14-Jun-2023 19:57:21,41.532456,41.180155,41.119502,3440.279827,0.611551,220.700927,87.004213,16.391140,2.541942
14-Jun-2023 19:58:21,42.077922,41.867559,42.941141,3579.596099,0.244666,176.060869,87.084502,16.388962,0.779834
14-Jun-2023 19:59:21,44.578428,43.784097,44.507333,3695.035514,0.893568,177.338687,87.206183,16.394565,3.663415
14-Jun-2023 20:00:21,46.449606,44.989675,45.562454,3748.778407,0.196903,58.579218,87.119667,16.391140,0.197389
14-Jun-2023 20:01:21,44.605346,44.991918,45.840183,3756.740022,1.208885,230.077613,87.099130,16.399232,2.809331
14-Jun-2023 20:02:21,45.247142,43.070149,45.307007,3691.058700,0.196798,131.968525,87.226100,16.423195,0.197201
14-Jun-2023 20:03:21,42.070195,43.126228,44.151882,3580.594296,1.727241,208.140022,86.821225,16.424127,5.805518
14-Jun-2023 20:04:21,42.735791,38.813864,42.419106,3428.333413,1.711101,208.561764,86.676205,16.424127,5.756051
14-Jun-2023 20:05:21,40.373612,40.008724,39.986570,3219.351019,1.368732,258.032297,86.841142,16.437510,3.278325
14-Jun-2023 20:06:21,37.833474,35.690504,36.987613,2966.575754,0.408438,111.881781,86.622055,16.447158,2.736056
14-Jun-2023 20:07:21,34.841837,32.102557,33.533202,2680.963820,0.357346,116.647005,86.688652,16.455560,1.268954
14-Jun-2023 20:08:21,30.608734,30.331578,30.189846,2400.334883,1.574402,184.402617,86.506910,16.465208,5.481162
14-Jun-2023 20:09:21,27.437769,25.395118,27.113168,2163.482846,0.196845,169.389971,86.800998,16.475787,0.197201
14-Jun-2023 20:10:21,23.112821,24.094080,24.769494,1962.462067,0.522179,189.134336,87.020705,16.476100,1.714155
14-Jun-2023 20:11:21,22.460933,20.894328,22.592405,1793.279759,0.279819,169.214677,87.173507,16.476723,1.191313
14-Jun-2023 20:12:21,20.687459,17.841257,20.759714,1642.017072,0.308883,184.646614,87.075167,16.467075,1.540709
14-Jun-2023 20:13:21,19.414711,16.633062,19.049131,1507.667825,0.764335,169.417059,86.791972,16.438442,2.923290
14-Jun-2023 20:14:21,18.193309,14.829932,17.460834,1390.240003,1.213478,193.925247,87.039377,16.435643,2.561353
14-Jun-2023 20:15:21,17.033965,15.470354,16.239040,1283.760399,3.290686,270.346099,86.833985,16.427552,7.015885
14-Jun-2023 20:16:21,15.203543,13.600925,15.272693,1198.179034,0.514939,167.997049,87.076413,16.427863,3.169371
14-Jun-2023 20:17:21,15.170020,13.582606,14.439595,1124.536098,2.358302,210.484747,87.165105,16.429108,6.447958
14-Jun-2023 20:18:21,15.191953,12.302630,13.562110,1058.854776,0.275165,172.543808,87.363340,16.429108,1.135035
14-Jun-2023 20:19:21,11.535220,12.330171,12.684625,992.175258,4.053004,254.434044,87.341245,16.418837,7.855568
14-Jun-2023 20:20:21,13.352183,10.526171,12.051535,938.440351,0.673763,149.232428,87.241350,16.394565,1.835005
14-Jun-2023 20:21:21,12.676618,10.535144,11.318440,879.722447,2.363043,201.804413,87.358050,16.384605,6.781076
14-Jun-2023 20:22:21,11.412095,9.631396,10.774124,832.950958,2.821898,256.982255,87.401930,16.385540,6.469245
14-Jun-2023 20:23:21,11.533973,9.375800,10.307617,785.181272,2.619117,238.162791,87.390415,16.376203,5.799879
14-Jun-2023 20:24:21,10.952621,8.062676,9.830059,739.407979,3.154400,223.499971,87.349648,16.361265,8.883104
14-Jun-2023 20:25:21,10.929566,9.930858,9.407939,697.611500,1.972037,221.460281,87.344668,16.361887,6.213149
14-Jun-2023 20:26:21,9.061758,8.040743,8.852570,659.791835,3.952210,244.046232,87.506805,16.370913,6.111081
14-Jun-2023 20:27:21,10.297116,7.508366,8.363870,618.993553,1.690057,245.687739,87.516140,16.365623,5.666509
14-Jun-2023 20:28:21,9.676384,8.074141,7.908416,581.173889,3.215650,248.595145,87.500270,16.360643,7.166791
14-Jun-2023 20:29:21,8.479533,6.287336,7.441909,536.390806,3.635755,251.847684,87.348715,16.365623,5.658370
14-Jun-2023 20:30:21,7.227846,6.244093,6.964351,505.542545,1.474417,260.442807,87.367697,16.370290,4.561957
14-Jun-2023 20:31:21,6.643876,6.274750,6.475562,468.721077,3.276442,246.253425,87.367075,16.384918,4.729145
14-Jun-2023 20:32:21,7.238812,5.169493,6.042390,430.901413,3.203601,250.054792,87.312302,16.394253,4.074175
14-Jun-2023 20:33:21,7.249654,5.155287,5.520356,396.076338,3.549189,239.920151,87.310748,16.404210,5.226942
14-Jun-2023 20:34:21,5.434437,5.150925,4.853931,349.304848,3.616971,246.353078,87.316660,16.413548,7.108561
14-Jun-2023 20:35:21,5.433190,5.158901,4.220840,308.498580,5.398961,239.584300,87.330975,16.412925,7.858073
14-Jun-2023 20:36:21,4.894457,3.396148,3.732051,278.648516,6.005366,247.713455,87.225478,16.431285,7.972661
14-Jun-2023 20:37:21,4.865171,2.927203,3.432218,250.778873,4.729716,245.897136,87.127448,16.454003,6.393481
14-Jun-2023 20:38:21,4.280828,5.164882,3.276686,233.865433,4.147799,253.311091,87.170395,16.470185,8.162389
14-Jun-2023 20:39:21,3.708446,2.384358,3.210017,216.944008,3.967255,253.129430,87.222365,16.471120,6.305820
14-Jun-2023 20:40:21,4.302636,2.380245,3.043433,204.007383,5.287158,248.717647,87.375787,16.459918,6.614517
14-Jun-2023 20:41:21,3.702339,3.125099,2.799039,183.109144,4.489844,243.894840,87.559397,16.456182,6.282027
14-Jun-2023 20:42:21,4.858317,1.450702,2.443588,167.185915,1.577610,229.963529,87.750170,16.444045,2.870694
14-Jun-2023 20:43:21,2.666497,2.365042,2.321480,153.251094,3.199457,276.291775,87.872785,16.418215,5.977711
14-Jun-2023 20:44:21,3.704956,2.343607,2.232617,134.349247,2.555754,241.107328,88.031807,16.398610,4.844985
14-Jun-2023 20:45:21,2.132874,1.372815,2.032610,124.399226,5.046042,259.307947,88.178695,16.388962,8.246922
14-Jun-2023 20:46:21,3.116002,2.370276,1.754970,110.464404,5.263989,255.741661,88.305667,16.386163,7.639547
14-Jun-2023 20:47:21,3.727762,2.351956,1.499523,104.491197,2.701828,256.865646,88.374753,16.380560,5.685921
14-Jun-2023 20:48:21,3.110768,1.537812,1.321798,90.556375,4.771772,259.259290,88.538135,16.375580,7.758516
14-Jun-2023 20:49:21,3.681777,1.443723,1.210742,80.606354,3.317505,257.886157,88.647678,16.365310,6.850578
14-Jun-2023 20:50:21,3.112388,2.375510,1.255129,76.629540,3.491892,258.201575,88.809192,16.350995,5.370961
14-Jun-2023 20:51:21,2.684318,2.371023,1.166266,65.681322,3.541811,238.537739,88.914690,16.346950,6.143642
14-Jun-2023 20:52:21,3.101671,2.328279,1.121879,62.694718,4.857298,259.984151,88.953902,16.347883,6.670870
14-Jun-2023 20:53:21,2.155431,1.442851,0.944154,59.708115,4.109030,251.904021,88.983155,16.340725,6.275136
14-Jun-2023 20:54:21,2.641449,2.373017,0.899678,53.734907,2.893260,248.634325,89.014275,16.343215,6.747264
14-Jun-2023 20:55:21,3.113634,1.517125,0.777481,46.771490,2.440064,247.497212,89.056910,16.348195,5.975830
14-Jun-2023 20:56:21,2.327282,1.455562,0.599756,42.794675,3.022478,258.725654,89.083985,16.342593,5.494311
14-Jun-2023 20:57:21,2.659519,1.420544,0.488700,42.794675,3.581227,255.168654,89.157427,16.331078,6.952646
14-Jun-2023 20:58:21,2.653412,1.529213,0.377644,41.796479,3.594376,256.562508,89.285023,16.334190,6.234437
14-Jun-2023 20:59:21,2.586367,1.435997,0.333257,33.834864,2.176083,242.335455,89.243010,16.328590,9.340830
14-Jun-2023 21:00:21,2.158795,1.437742,0.222112,32.836668,2.154270,212.466882,89.305250,16.333568,5.921982
14-Jun-2023 21:01:21,2.137361,1.518246,0.211060,33.834864,2.047794,263.045940,89.314275,16.338235,5.826806
14-Jun-2023 21:02:21,2.660890,1.436122,0.166584,32.836668,4.001279,255.329790,89.303693,16.337303,6.167440
14-Jun-2023 21:03:21,2.668118,1.448957,0.122197,27.861657,2.237858,226.700690,89.290000,16.343215,6.109205
14-Jun-2023 21:04:21,2.656652,1.404094,0.155532,24.883039,2.107480,217.868127,89.269773,16.348818,8.027767
14-Jun-2023 21:05:21,2.140725,1.413316,0.122197,31.846457,6.212730,258.356334,89.230250,16.346950,7.630151
14-Jun-2023 21:06:21,2.696032,1.449830,0.088863,26.871447,2.850024,258.253506,89.232428,16.344460,4.625825
14-Jun-2023 21:07:21,2.145336,1.398112,0.111056,24.883039,2.129262,252.106027,89.323300,16.336680,6.313959
14-Jun-2023 21:08:21,2.656902,1.434502,0.022193,13.934821,0.196626,171.577197,89.466453,16.333258,0.197264
14-Jun-2023 21:09:21,2.203035,1.432258,0.044387,19.900043,3.058736,238.370145,89.566348,16.327655,6.334623
14-Jun-2023 21:10:21,2.151318,1.452571,0.044387,16.921425,2.005539,234.578713,89.615208,16.313030,6.596358
14-Jun-2023 21:11:21,2.658397,1.447960,0.033335,12.936625,0.319246,156.539063,89.758673,16.308360,0.977792
14-Jun-2023 21:12:21,2.151443,1.538310,0.011141,10.948218,4.704042,249.769648,89.842698,16.304315,7.380941
14-Jun-2023 21:13:21,2.652415,1.439486,-0.033335,19.900043,4.673257,272.091843,89.822780,16.290310,6.502435
14-Jun-2023 21:14:21,1.685736,1.434128,0.011141,9.950022,4.677868,274.225648,89.788858,16.287200,8.625126
14-Jun-2023 21:15:21,2.340990,1.522608,-0.033335,6.963418,3.187195,242.307054,89.764273,16.289065,7.025905
14-Jun-2023 21:16:21,2.161911,1.437119,-0.011141,5.973207,2.594238,229.059261,89.716660,16.294667,8.214361
14-Jun-2023 21:17:21,2.702014,1.434875,-0.033335,6.963418,3.330851,248.155057,89.692697,16.299648,7.503043
14-Jun-2023 21:18:21,2.663880,1.388517,-0.066669,4.975011,4.916940,257.556952,89.706390,16.294667,6.900045
14-Jun-2023 21:19:21,2.676592,1.423660,-0.011141,6.963418,2.078745,246.962355,89.729730,16.295290,5.266388
14-Jun-2023 21:20:21,2.678710,1.447836,-0.033335,12.936625,4.140127,244.239511,89.728795,16.291555,7.464844
14-Jun-2023 21:21:21,2.644315,1.375805,-0.033335,5.973207,1.882492,202.376305,89.716970,16.290000,4.496836
14-Jun-2023 21:22:21,2.649549,1.443350,-0.077721,7.961614,3.791041,257.286712,89.768630,16.290000,6.126112
14-Jun-2023 21:23:21,2.153063,1.438739,-0.100004,6.963418,1.249225,232.851443,89.783258,16.289687,4.398531
14-Jun-2023 21:24:21,2.155181,1.428769,-0.011141,11.938429,2.383421,218.960054,89.843940,16.277862,6.933858
14-Jun-2023 21:25:21,2.134370,1.428021,-0.088863,6.963418,1.475534,243.072691,89.991763,16.276308,3.518773
14-Jun-2023 21:26:21,2.676093,1.442976,-0.100004,3.976814,4.191405,255.768378,90.126512,16.271640,8.759748
14-Jun-2023 21:27:21,2.640576,1.443225,-0.033335,5.973207,2.672854,248.890974,90.097572,16.261360,7.999588
14-Jun-2023 21:28:21,2.676716,1.431012,-0.011141,1.988407,4.837518,247.529273,90.128070,16.256380,7.310181
14-Jun-2023 21:29:21,2.159294,1.438614,-0.077721,5.973207,3.465072,261.409691,90.088547,16.256070,7.095412
14-Jun-2023 21:30:21,2.158546,1.425404,-0.144391,8.959811,3.557932,239.419617,90.135538,16.255448,8.706524
14-Jun-2023 21:31:21,2.161911,1.450079,-0.066669,5.973207,3.146253,215.229196,90.250060,16.245800,6.393481
14-Jun-2023 21:32:21,3.113510,1.532453,-0.033335,9.950022,2.783670,259.512285,90.339997,16.246732,7.203737
14-Jun-2023 21:33:21,2.660266,1.457058,-0.055528,5.973207,2.981362,257.582453,90.419990,16.238020,5.211916
14-Jun-2023 21:34:21,2.157549,1.448584,-0.000000,-0.000000,2.483282,261.863844,90.440840,16.227750,7.114819
14-Jun-2023 21:35:21,2.173750,1.538809,0.011141,3.976814,0.988981,200.381409,90.515840,16.228683,3.758592
14-Jun-2023 21:36:21,2.146084,1.452447,-0.088863,1.988407,1.021206,228.730345,90.558785,16.227127,2.454909
14-Jun-2023 21:37:21,2.157300,1.466903,-0.100004,8.959811,3.611451,220.618431,90.565010,16.228372,10.690835
14-Jun-2023 21:38:21,2.636589,1.488213,-0.066669,0.998196,2.961454,241.683612,90.466670,16.242375,7.384698
14-Jun-2023 21:39:21,2.151692,1.457058,0.011141,10.948218,0.196108,122.956548,90.483165,16.242688,0.196824
14-Jun-2023 21:40:21,2.216121,1.448210,-0.088863,10.948218,0.302876,168.639136,90.550382,16.242375,1.476217
14-Jun-2023 21:41:21,1.695456,1.389763,-0.088863,6.963418,1.711919,189.659719,90.696337,16.231795,5.987731
14-Jun-2023 21:42:21,2.679707,1.452945,-0.088863,6.963418,0.689370,158.668177,90.778807,16.232105,1.929557
14-Jun-2023 21:43:21,2.164403,1.456684,-0.022193,5.973207,0.880689,199.608465,90.715320,16.231485,4.615810
14-Jun-2023 21:44:21,2.648801,1.461793,-0.066669,2.986604,1.191808,235.464529,90.665218,16.236775,4.346559
14-Jun-2023 21:45:21,2.676093,1.445842,-0.033335,5.973207,3.518071,190.285681,90.478495,16.241443,7.973290
14-Jun-2023 21:46:21,2.671482,1.531830,-0.055528,4.975011,0.546871,80.565145,90.391670,16.248600,1.259562
14-Jun-2023 21:47:21,2.650048,1.457805,-0.100004,0.998196,0.517939,121.430633,90.325060,16.248600,2.396046
14-Jun-2023 21:48:21,2.198175,1.462167,-0.122197,1.988407,1.193821,162.031233,90.311057,16.238020,4.094839
14-Jun-2023 21:49:21,2.649051,1.399109,-0.100004,2.986604,0.591531,172.521040,90.231387,16.242375,2.211957
14-Jun-2023 21:50:21,2.144215,1.442602,-0.088863,10.948218,1.479724,180.118864,90.213337,16.242375,5.900694
14-Jun-2023 21:51:21,2.150197,1.507903,-0.011141,6.963418,1.862468,186.440435,90.083878,16.241752,7.048446
14-Jun-2023 21:52:21,2.140601,1.446839,-0.022193,4.975011,1.892484,254.183128,89.975580,16.260738,6.283903
14-Jun-2023 21:53:21,1.670283,1.445219,-0.022193,7.961614,2.427127,197.843422,89.817490,16.262293,5.290810
14-Jun-2023 21:54:21,2.146707,1.433878,-0.100004,7.961614,2.154371,186.588463,89.790102,16.270705,10.960080
14-Jun-2023 21:55:21,2.661388,1.453568,-0.044387,3.976814,3.969344,251.515581,89.508775,16.276618,8.160513
14-Jun-2023 21:56:21,2.665999,1.439860,-0.033335,7.961614,1.678501,171.799375,89.397055,16.280975,6.138008
14-Jun-2023 21:57:21,2.165774,1.453942,-0.055528,8.959811,1.160430,133.438849,89.377448,16.293735,2.903878
14-Jun-2023 21:58:21,2.157549,1.451076,-0.055528,4.975011,2.963152,250.255392,89.306182,16.294667,6.727852
14-Jun-2023 21:59:21,2.639206,1.513635,-0.011141,7.961614,0.386852,225.087956,89.280352,16.289687,1.114920
14-Jun-2023 22:00:21,2.157051,1.432009,-0.011141,5.973207,2.072446,243.585331,89.362200,16.279420,6.287032
14-Jun-2023 22:01:21,2.684941,1.434128,-0.088863,7.961614,0.248202,212.149411,89.322677,16.281285,0.711781
14-Jun-2023 22:02:21,1.650967,1.406088,-0.100004,3.976814,0.303576,156.037363,89.351618,16.275372,0.963390
14-Jun-2023 22:03:21,2.152564,1.468398,-0.088863,3.976814,2.186427,173.782620,89.417905,16.269150,8.017123
14-Jun-2023 22:04:21,2.531659,1.427398,-0.077721,7.961614,5.052762,259.952005,89.357220,16.269773,8.402208
14-Jun-2023 22:05:21,2.171257,1.462292,-0.133249,2.986604,1.465252,147.167240,89.256080,16.270705,4.312746
14-Jun-2023 22:06:21,2.659145,1.451076,-0.111056,2.986604,4.199507,254.191648,89.128798,16.270082,7.689638
14-Jun-2023 22:07:21,2.163032,1.528091,-0.044387,5.973207,2.402824,251.374698,89.053487,16.275685,4.886937
14-Jun-2023 22:08:21,2.155181,1.461669,-0.077721,5.973207,2.041990,256.131616,88.974440,16.275062,5.724743
14-Jun-2023 22:09:21,2.660266,1.448708,-0.100004,4.975011,1.801111,168.585989,88.995603,16.275062,6.026549
14-Jun-2023 22:10:21,2.166896,1.412070,0.011141,8.959811,2.940283,259.980602,88.965728,16.277862,6.923843
14-Jun-2023 22:11:21,2.118169,1.441480,-0.133249,8.959811,0.655598,219.708541,89.034503,16.276618,2.948340
14-Jun-2023 22:12:21,2.325412,1.454191,-0.066669,4.975011,0.196213,99.731506,89.079628,16.271017,0.196573
14-Jun-2023 22:13:21,2.673476,1.441605,-0.066669,9.950022,0.552926,99.196935,89.180145,16.272263,2.643380
14-Jun-2023 22:14:21,2.642072,1.442477,-0.100004,3.976814,2.994248,264.116221,89.140313,16.266660,7.070991
14-Jun-2023 22:15:21,1.673897,1.441231,-0.066669,5.973207,2.031974,236.107264,88.986890,16.256380,5.747907
14-Jun-2023 22:16:21,2.647181,1.436495,-0.022193,5.973207,2.324187,232.861487,88.935230,16.261670,5.473023
14-Jun-2023 22:17:21,2.151817,1.450453,-0.100004,11.938429,1.122990,187.157794,88.863343,16.265415,4.713491
14-Jun-2023 22:18:21,2.165774,1.409578,-0.077721,4.975011,1.002680,202.443409,88.828488,16.271640,4.975850
14-Jun-2023 22:19:21,2.663631,1.469769,-0.133249,6.963418,2.503334,256.617529,88.736370,16.271950,6.375322
14-Jun-2023 22:20:21,2.173002,1.455313,-0.011141,4.975011,0.855758,175.391970,88.733260,16.271950,3.915760
14-Jun-2023 22:21:21,2.675595,1.426152,-0.144391,5.973207,0.729520,213.270297,88.718945,16.270705,3.151212
14-Jun-2023 22:22:21,2.686187,1.428894,-0.066669,1.988407,1.794816,220.871139,88.763135,16.267283,5.843084
14-Jun-2023 22:23:21,2.677838,1.420170,-0.044387,5.973207,4.302785,228.418119,88.804835,16.261670,8.272596
14-Jun-2023 22:24:21,2.165400,1.449456,-0.022193,4.975011,3.171246,250.659108,88.719255,16.266660,5.334643
14-Jun-2023 22:25:21,3.157999,1.441356,-0.055528,4.975011,0.557991,255.405355,88.681287,16.272572,2.647138
14-Jun-2023 22:26:21,2.176616,1.400605,-0.055528,10.948218,0.807520,270.657412,88.681600,16.271640,3.022223
14-Jun-2023 22:27:21,2.178735,1.451325,-0.066669,2.986604,0.195711,193.645840,88.769980,16.271327,0.196072
14-Jun-2023 22:28:21,2.403923,1.512888,-0.077721,6.963418,1.229344,277.665758,88.846225,16.266970,3.246393
14-Jun-2023 22:29:21,2.144589,1.443599,-0.011141,5.973207,0.273348,229.823486,89.002450,16.261360,0.702279
14-Jun-2023 22:30:21,2.167269,1.439736,-0.055528,6.963418,0.231859,155.630473,89.048817,16.248288,0.622757
14-Jun-2023 22:31:21,2.157798,1.400480,-0.077721,5.973207,0.824556,224.568741,89.159918,16.242065,2.181901
14-Jun-2023 22:32:21,2.636339,1.455064,-0.066669,10.948218,0.477879,242.930513,89.252655,16.227750,1.979024
14-Jun-2023 22:33:21,2.692169,1.459301,-0.033335,1.988407,0.344532,251.269715,89.325167,16.203165,1.975895
14-Jun-2023 22:34:21,2.149449,1.463787,-0.055528,5.973207,0.903051,169.477702,89.437510,16.188850,4.604537
14-Jun-2023 22:35:21,2.163032,1.448210,-0.022193,5.973207,1.814192,222.724305,89.528692,16.185738,4.265156
14-Jun-2023 22:36:21,2.643567,1.528839,-0.033335,5.973207,2.091138,165.866354,89.401723,16.170488,6.599492
14-Jun-2023 22:37:21,2.640950,1.455812,-0.122197,12.936625,2.417912,218.230232,89.197262,16.171733,7.127973
14-Jun-2023 22:38:21,2.653288,1.451325,-0.122197,7.961614,2.591936,265.667552,88.653593,16.194762,6.027802
14-Jun-2023 22:39:21,2.136987,1.410824,-0.044387,3.976814,1.148381,167.343526,88.391558,16.232728,4.375986
14-Jun-2023 22:40:21,2.641449,1.451325,-0.066669,5.973207,0.196265,169.338142,88.219775,16.246423,0.196511
14-Jun-2023 22:41:21,2.080906,1.435748,-0.044387,6.963418,0.316756,135.985387,88.193945,16.256690,1.641524
14-Jun-2023 22:42:21,2.629236,1.443100,-0.055528,5.973207,3.965808,245.823479,87.793115,16.261982,7.668974
14-Jun-2023 22:43:21,2.122032,1.460422,-0.055528,-0.000000,2.051710,242.476087,87.515207,16.270082,6.801112
14-Jun-2023 22:44:21,2.147081,1.520988,-0.055528,5.973207,0.691368,166.171638,87.420912,16.285020,1.762998
14-Jun-2023 22:45:21,2.644190,1.457058,-0.055528,7.961614,2.964036,215.842783,87.332220,16.288755,6.213149
14-Jun-2023 22:46:21,2.647057,1.459052,-0.088863,8.959811,2.512834,218.420139,87.335020,16.294045,6.313335
14-Jun-2023 22:47:21,2.146084,1.412942,-0.144391,10.948218,1.421315,237.737050,87.293630,16.289378,3.743566
14-Jun-2023 22:48:21,2.124899,1.452571,-0.088863,4.975011,1.232062,225.357448,87.210850,16.284398,4.603285
14-Jun-2023 22:49:21,2.185962,1.464036,-0.077721,3.976814,0.999588,232.841335,87.308257,16.280043,4.225709
14-Jun-2023 22:50:21,2.151193,1.413441,-0.055528,2.986604,4.305025,257.813421,87.128382,16.270395,8.709029
14-Jun-2023 22:51:21,2.154184,1.446465,-0.022193,4.975011,1.757959,258.407519,86.941660,16.275995,3.218838
14-Jun-2023 22:52:21,2.660266,1.444596,-0.111056,6.963418,0.584385,230.137218,86.921432,16.274440,2.967123
14-Jun-2023 22:53:21,2.612412,1.436745,-0.044387,5.973207,0.943617,200.733110,86.868218,16.263538,3.414829
14-Jun-2023 22:54:21,2.660266,1.441356,-0.077721,2.986604,0.706725,127.117215,86.648197,16.259492,1.778652
14-Jun-2023 22:55:21,2.129634,1.474131,-0.088863,1.988407,0.196317,105.156305,86.679627,16.261360,0.196573
14-Jun-2023 22:56:21,2.138108,1.444845,-0.033335,6.963418,0.719340,158.717664,86.740003,16.254202,3.498732
14-Jun-2023 22:57:21,2.456762,1.434128,-0.055528,8.959811,1.154017,202.368049,86.876620,16.251090,4.270795
14-Jun-2023 22:58:21,2.136239,1.402100,-0.011141,1.988407,2.169866,257.605886,87.007948,16.245800,7.295156
14-Jun-2023 22:59:21,2.135990,1.442353,-0.066669,6.963418,1.989142,249.542439,87.025062,16.246732,4.652123
14-Jun-2023 23:00:21,2.640701,1.438988,-0.066669,1.988407,2.944623,245.820191,87.097573,16.242688,6.178707
14-Jun-2023 23:01:21,2.662634,1.454815,-0.022193,2.986604,2.526389,218.512376,87.108777,16.214680,7.314567
14-Jun-2023 23:02:21,2.165276,1.451574,-0.011141,4.975011,0.412713,159.086608,87.089170,16.212812,2.473063
14-Jun-2023 23:03:21,2.142470,1.505535,-0.111056,4.975011,2.631175,259.978254,87.142388,16.195072,5.064140
14-Jun-2023 23:04:21,2.155306,1.445343,-0.077721,6.963418,2.812648,242.583584,87.073300,16.177645,5.703451
14-Jun-2023 23:05:21,2.147953,1.433255,-0.044387,5.973207,1.867743,198.180865,87.073300,16.170177,3.866293
14-Jun-2023 23:06:21,2.666248,1.534073,-0.044387,3.976814,2.470600,277.897380,87.127138,16.165510,5.912591
14-Jun-2023 23:07:21,3.119491,1.468274,-0.088863,8.959811,3.718407,275.809786,87.068320,16.165510,6.573818
14-Jun-2023 23:08:21,2.641075,1.466903,-0.088863,7.961614,3.757030,240.293700,87.002345,16.156795,6.585714
14-Jun-2023 23:09:21,2.165774,1.545164,-0.111056,3.976814,3.023396,248.298469,86.945707,16.150570,6.379708
14-Jun-2023 23:10:21,2.652665,1.454067,-0.044387,7.961614,1.826169,196.665444,86.900582,16.150570,5.863747
14-Jun-2023 23:11:21,2.157923,1.457307,-0.011141,3.976814,4.158600,265.983355,86.778280,16.155550,6.652711
14-Jun-2023 23:12:21,1.668538,1.457681,-0.066669,5.973207,4.492505,253.346615,86.470190,16.172355,7.196846
14-Jun-2023 23:13:21,2.664753,1.464286,-0.044387,5.973207,5.348156,263.494188,86.287512,16.209078,6.583833
14-Jun-2023 23:14:21,2.628488,1.472635,-0.055528,2.986604,2.603242,243.115713,86.222160,16.219657,6.746011
14-Jun-2023 23:15:21,2.156054,1.500550,-0.044387,2.986604,7.060710,252.194316,85.968530,16.227438,8.908149
14-Jun-2023 23:16:21,2.125148,1.478119,-0.088863,4.975011,3.153771,248.821885,85.831600,16.240508,4.902591
14-Jun-2023 23:17:21,2.647680,1.456061,-0.100004,6.963418,7.108089,254.995613,85.751310,16.244865,10.726524
14-Jun-2023 23:18:21,2.657026,1.544790,-0.055528,2.986604,2.219758,231.398535,85.802037,16.244242,8.717797
14-Jun-2023 23:19:21,2.325412,1.456933,-0.033335,2.986604,4.894343,227.715657,85.859920,16.240198,6.975815
14-Jun-2023 23:20:21,2.145212,1.464535,-0.044387,1.988407,3.749245,215.310547,85.855562,16.240820,8.847409
14-Jun-2023 23:21:21,2.144215,1.535693,-0.044387,6.963418,7.823063,242.066056,85.817908,16.234907,9.222485
14-Jun-2023 23:22:21,2.638707,1.458927,-0.011141,4.975011,8.251514,248.266592,85.684403,16.226505,10.528657
14-Jun-2023 23:23:21,2.677464,1.445842,-0.055528,6.963418,7.514155,242.273213,85.589485,16.235218,9.285724
14-Jun-2023 23:24:21,2.148078,1.408954,-0.066669,3.976814,6.231097,241.663076,85.522265,16.244555,7.898149
14-Jun-2023 23:25:21,2.635841,1.428520,-0.100004,4.975011,6.598863,247.356979,85.597265,16.246732,9.318913
14-Jun-2023 23:26:21,2.184093,1.430888,-0.044387,9.950022,7.230661,241.132352,85.696228,16.235218,9.683340
14-Jun-2023 23:27:21,2.666248,1.440857,-0.088863,3.976814,7.536698,244.477978,85.538447,16.231485,8.991429
14-Jun-2023 23:28:21,2.139604,1.422787,-0.088863,5.973207,6.623701,251.646991,85.561165,16.224947,8.253808
14-Jun-2023 23:29:21,2.158048,1.442228,-0.111056,4.975011,6.848806,244.997173,85.559610,16.207210,8.291378
14-Jun-2023 23:30:21,2.669738,1.445593,-0.111056,3.976814,4.026065,235.156034,85.644880,16.174532,5.834945
14-Jun-2023 23:31:21,2.654160,1.449954,-0.088863,3.976814,2.531332,244.368964,85.803282,16.149638,5.469894
14-Jun-2023 23:32:21,2.336877,1.522109,-0.077721,8.959811,4.558357,260.107980,85.841560,16.132523,6.544386
14-Jun-2023 23:33:21,2.184966,1.456559,-0.066669,2.986604,5.651583,250.913325,85.746955,16.111670,8.240035
14-Jun-2023 23:34:21,1.713277,1.459799,0.011141,5.973207,4.045737,258.531154,85.694360,16.107315,5.853104
14-Jun-2023 23:35:21,1.860578,1.432383,-0.066669,7.961614,2.618268,233.379459,85.701830,16.107315,4.622696
14-Jun-2023 23:36:21,2.172628,1.461544,-0.033335,0.998196,3.577364,241.026526,85.648615,16.098600,6.683395
14-Jun-2023 23:37:21,2.714601,1.458179,-0.055528,4.975011,5.248857,253.448879,85.575170,16.097045,8.717797
14-Jun-2023 23:38:21,2.648178,1.436371,-0.100004,9.950022,8.435710,245.076383,85.220400,16.097355,9.970744
14-Jun-2023 23:39:21,2.154932,1.437991,-0.066669,2.986604,6.889455,246.866831,85.105255,16.111983,10.091595
14-Jun-2023 23:40:21,2.648303,1.510271,-0.111056,4.975011,5.381030,245.361253,85.185545,16.121007,7.218139
14-Jun-2023 23:41:21,2.503744,1.427897,-0.066669,6.963418,6.315630,232.101922,85.174030,16.115717,7.638295
14-Jun-2023 23:42:21,2.160291,1.435872,-0.055528,3.976814,7.452270,241.880828,85.075992,16.111983,8.995186
14-Jun-2023 23:43:21,2.654659,1.502419,-0.022193,5.973207,7.236297,236.705105,85.060122,16.110115,9.139205
14-Jun-2023 23:44:21,2.680081,1.440234,-0.088863,4.975011,5.742691,240.483038,84.946532,16.115717,8.614482
14-Jun-2023 23:45:21,2.676841,1.430015,-0.055528,4.975011,5.301506,243.934869,85.035537,16.110115,7.166167
14-Jun-2023 23:46:21,2.166896,1.556629,-0.088863,6.963418,5.806663,231.151253,84.952447,16.102023,7.442304
14-Jun-2023 23:47:21,2.655032,1.456809,-0.077721,8.959811,5.474276,231.519354,84.945288,16.091755,6.859975
14-Jun-2023 23:48:21,2.682947,1.460547,-0.066669,9.950022,5.223550,241.690361,84.905143,16.085840,7.253204
14-Jun-2023 23:49:21,2.170510,1.418052,-0.100004,1.988407,6.758691,238.010847,84.647468,16.082730,8.591313
14-Jun-2023 23:50:21,3.119741,1.444097,-0.066669,7.961614,6.899526,237.450213,84.549128,16.085840,8.781665
14-Jun-2023 23:51:21,2.167519,1.483477,-0.000000,7.961614,8.248801,234.650600,84.418735,16.075573,9.866806
14-Jun-2023 23:52:21,1.686234,1.442602,-0.000000,10.948218,6.955150,239.492723,84.419668,16.075573,9.256922
14-Jun-2023 23:53:21,2.155181,1.446340,-0.055528,1.988407,6.955148,232.841595,84.498402,16.062190,9.772254
14-Jun-2023 23:54:21,2.655905,1.526471,-0.077721,4.975011,4.338312,218.935776,84.706908,16.039472,6.569432
14-Jun-2023 23:55:21,2.160042,1.441854,-0.100004,4.975011,5.470413,233.761889,84.788753,16.017377,6.957027
14-Jun-2023 23:56:21,2.646932,1.450702,-0.088863,-1.988407,4.192728,226.393218,84.789997,16.001815,6.097933
14-Jun-2023 23:57:21,2.658148,1.518122,-0.055528,8.959811,3.129959,227.186781,84.724335,15.998083,5.580096
14-Jun-2023 23:58:21,2.157175,1.455812,-0.077721,7.961614,6.364418,224.907501,84.602655,15.987500,7.878737
14-Jun-2023 23:59:21,2.171008,1.465906,-0.088863,8.959811,3.686657,210.989496,84.593630,15.986567,5.766695
