DateTime,SPN1 Total (W/m2),SPN1 Diff (W/m2),Out Irr (W/m2),Out Ill (Lux),Wind Speed (Km/h),Wind Dir (deg),RH (%),T (deg C),MaxWS (KM/h)
16-Jun-2023 00:00:21,2.146832,1.453818,0.033335,8.959811,2.768100,117.898654,70.732005,18.336467,4.076680
16-Jun-2023 00:01:21,2.166522,1.469271,-0.022193,4.975011,1.472953,112.947992,70.594143,18.355762,2.879462
16-Jun-2023 00:02:21,2.166397,1.475377,0.011141,-0.000000,2.900170,115.640652,70.774330,18.365410,5.741021
16-Jun-2023 00:03:21,1.672650,1.488587,-0.066669,8.959811,1.803548,116.876748,70.592275,18.379415,3.592032
16-Jun-2023 00:04:21,2.165400,1.482231,-0.044387,0.998196,3.086087,122.060252,70.579517,18.397775,5.021559
16-Jun-2023 00:05:21,2.156054,1.479489,-0.066669,4.975011,3.355549,132.311110,70.537505,18.421428,5.210664
16-Jun-2023 00:06:21,2.159045,1.475502,-0.044387,6.963418,4.843313,113.810265,69.958358,18.444455,6.158672
16-Jun-2023 00:07:21,1.691219,1.477994,-0.088863,3.976814,2.265415,103.927692,70.041448,18.464060,5.481162
16-Jun-2023 00:08:21,2.179731,1.476125,-0.088863,6.963418,2.486399,106.977108,70.176820,18.484913,5.112983
16-Jun-2023 00:09:21,2.178361,1.422663,-0.033335,5.973207,2.322900,110.904548,70.108355,18.484600,4.355322
16-Jun-2023 00:10:21,2.161662,1.466903,-0.033335,2.986604,3.511777,117.758053,69.965825,18.484290,4.739789
16-Jun-2023 00:11:21,2.161537,1.465283,-0.044387,4.975011,2.427414,108.088441,69.852548,18.493315,3.382892
16-Jun-2023 00:12:21,2.675221,1.486219,-0.044387,11.938429,3.253173,112.979301,70.020907,18.489890,4.084195
16-Jun-2023 00:13:21,2.179607,1.472635,-0.055528,4.975011,3.422077,115.050959,70.150368,18.485222,4.605161
16-Jun-2023 00:14:21,1.700815,1.418426,-0.088863,8.959811,3.741216,119.759600,70.267380,18.465928,4.369728
16-Jun-2023 00:15:21,2.174747,1.468398,-0.066669,5.973207,2.156337,115.046084,70.393730,18.460950,3.357223
16-Jun-2023 00:16:21,1.678757,1.531082,-0.011141,4.975011,1.877682,128.764520,70.699330,18.445700,3.312138
16-Jun-2023 00:17:21,2.172753,1.487216,-0.000000,3.976814,3.031922,141.638120,70.166863,18.442277,5.459874
16-Jun-2023 00:18:21,2.166771,1.479739,-0.066669,4.975011,3.588688,140.957313,69.668005,18.450058,5.546283
16-Jun-2023 00:19:21,2.668118,1.421416,-0.011141,6.963418,4.696686,146.994093,69.662093,18.464995,5.664628
16-Jun-2023 00:20:21,2.678835,1.460173,-0.111056,7.961614,5.703399,150.038353,69.288955,18.483355,7.447314
16-Jun-2023 00:21:21,2.180355,1.475502,-0.033335,5.973207,5.579732,145.540533,69.051817,18.532525,7.027787
16-Jun-2023 00:22:21,1.691967,1.466778,-0.055528,-0.000000,4.996253,147.095520,68.816238,18.550575,5.513722
16-Jun-2023 00:23:21,2.163032,1.479240,-0.044387,5.973207,3.954111,145.999459,68.894972,18.570493,4.861891
16-Jun-2023 00:24:21,2.173999,1.431760,-0.033335,4.975011,4.050226,145.736064,68.413853,18.584808,5.327128
16-Jun-2023 00:25:21,2.152066,1.454316,-0.011141,8.959811,3.937307,143.439066,68.635117,18.592588,4.989628
16-Jun-2023 00:26:21,1.691717,1.477745,-0.066669,6.963418,3.839837,142.835872,68.777338,18.593210,4.796142
16-Jun-2023 00:27:21,1.988687,1.472386,-0.088863,1.988407,3.589160,159.183051,68.639162,18.583875,4.773602
16-Jun-2023 00:28:21,2.182972,1.471389,-0.044387,6.963418,2.480847,158.388727,68.607110,18.583875,3.456781
16-Jun-2023 00:29:21,2.167269,1.420918,-0.088863,6.963418,2.723436,143.396605,68.582835,18.580140,3.260166
16-Jun-2023 00:30:21,2.578516,1.472511,-0.077721,1.988407,1.609015,169.063194,68.557005,18.573915,2.674064
16-Jun-2023 00:31:21,2.186212,1.478119,-0.033335,8.959811,3.333999,153.878806,68.506592,18.570493,5.174346
16-Jun-2023 00:32:21,2.659768,1.476997,-0.022193,-0.000000,3.915129,140.531660,68.107317,18.573915,6.126735
16-Jun-2023 00:33:21,2.657774,1.469894,-0.033335,4.975011,2.268054,141.849214,68.208460,18.593210,3.657153
16-Jun-2023 00:34:21,2.664005,1.422787,-0.122197,6.963418,3.072679,164.105220,68.025782,18.602235,3.905116
16-Jun-2023 00:35:21,2.164279,1.468274,-0.100004,8.959811,2.033761,184.870537,67.875473,18.627133,2.608315
16-Jun-2023 00:36:21,2.169513,1.484973,-0.033335,7.961614,1.249090,192.039561,68.007113,18.631487,3.061046
16-Jun-2023 00:37:21,2.157923,1.474380,-0.000000,2.986604,1.225850,197.257089,68.202547,18.620907,3.259542
16-Jun-2023 00:38:21,2.157175,1.491702,-0.066669,12.936625,0.699465,226.752785,68.378998,18.584185,1.717289
16-Jun-2023 00:39:21,2.137236,1.512638,-0.044387,10.948218,0.863660,223.212658,68.683355,18.546840,2.501242
16-Jun-2023 00:40:21,2.159543,1.496812,-0.066669,4.975011,2.995347,223.808916,68.606797,18.549642,3.962721
16-Jun-2023 00:41:21,1.722498,1.498307,-0.100004,-0.000000,3.362961,231.429647,68.537090,18.574850,3.766730
16-Jun-2023 00:42:21,2.153063,1.484848,-0.122197,5.973207,3.212056,223.559015,68.626092,18.598500,3.664039
16-Jun-2023 00:43:21,2.652166,1.482605,-0.066669,9.950022,1.949830,222.295553,68.774225,18.601613,3.339064
16-Jun-2023 00:44:21,2.158671,1.570462,-0.088863,2.986604,3.524622,234.371368,69.257835,18.579205,4.947676
16-Jun-2023 00:45:21,2.663507,1.483228,-0.100004,6.963418,0.197917,199.445734,70.176198,18.497982,0.198142
16-Jun-2023 00:46:21,2.674099,1.482854,-0.044387,6.963418,0.485538,140.294612,71.265718,18.391240,2.063556
16-Jun-2023 00:47:21,2.166646,1.454815,-0.133249,0.998196,0.527736,263.885268,72.385435,18.279207,3.369743
16-Jun-2023 00:48:21,2.667245,2.398190,-0.033335,4.975011,0.476816,219.647803,72.964582,18.203895,2.092983
16-Jun-2023 00:49:21,2.655780,1.473508,-0.033335,1.988407,0.302226,161.300665,72.970497,18.127340,0.945231
16-Jun-2023 00:50:21,2.159418,1.567347,-0.055528,-1.988407,0.197666,97.154332,72.690102,18.060433,0.198016
16-Jun-2023 00:51:21,2.678586,1.492325,-0.144391,7.961614,0.457276,182.420104,72.941865,18.008460,1.995302
16-Jun-2023 00:52:21,2.674349,1.469520,-0.033335,1.988407,0.341249,140.215303,73.327758,17.979207,1.000332
16-Jun-2023 00:53:21,2.760212,1.567845,-0.077721,4.975011,1.119178,196.786069,74.391137,17.958980,3.370996
16-Jun-2023 00:54:21,2.668741,1.480486,-0.033335,2.986604,1.761230,219.619021,75.300167,17.930970,4.444864
16-Jun-2023 00:55:21,3.135817,1.485970,-0.066669,8.959811,2.543880,258.850603,76.570808,17.855350,4.808667
16-Jun-2023 00:56:21,2.714352,1.671155,-0.000000,0.998196,0.639304,231.917165,77.608360,17.726510,2.478073
16-Jun-2023 00:57:21,3.723151,2.352829,-0.100004,-1.988407,2.376199,256.518166,78.900475,17.656490,3.928280
16-Jun-2023 00:58:21,3.735738,1.474505,-0.066669,8.959811,2.525251,252.864344,79.556490,17.603275,4.688441
16-Jun-2023 00:59:21,3.716671,2.410279,-0.044387,9.950022,4.259625,250.482700,80.300585,17.536677,5.899442
16-Jun-2023 01:00:21,3.149899,1.476997,-0.100004,4.975011,4.801412,257.200098,80.607430,17.485330,6.131122
16-Jun-2023 01:01:21,2.824640,1.438489,-0.088863,3.976814,5.179354,257.719207,80.740315,17.450785,6.432304
16-Jun-2023 01:02:21,3.716048,1.486219,-0.100004,4.975011,3.624487,242.218094,80.787618,17.441137,5.647098
16-Jun-2023 01:03:21,3.489239,1.486468,-0.044387,-0.000000,3.821103,246.629403,80.671537,17.431802,5.559437
16-Jun-2023 01:04:21,2.675096,1.490954,-0.066669,1.988407,4.772609,236.353129,80.398612,17.460745,5.500573
16-Jun-2023 01:05:21,3.115877,1.446340,-0.111056,2.986604,3.229065,236.344224,80.013655,17.531075,3.742314
16-Jun-2023 01:06:21,2.652914,1.468897,-0.055528,9.950022,2.108717,241.943447,79.819767,17.564062,3.478697
16-Jun-2023 01:07:21,2.194063,2.291640,-0.022193,7.961614,2.617360,225.468603,79.644248,17.585225,4.410428
16-Jun-2023 01:08:21,3.155880,1.506532,-0.066669,6.963418,3.318084,236.411433,79.277030,17.597985,4.409799
16-Jun-2023 01:09:21,2.690549,1.485347,-0.088863,1.988407,3.933813,231.497328,79.064790,17.620703,4.721630
16-Jun-2023 01:10:21,2.202163,1.485222,-0.066669,1.988407,2.737363,223.870590,78.898607,17.640620,4.240111
16-Jun-2023 01:11:21,2.167768,1.416058,-0.077721,5.973207,3.590884,228.267465,78.593628,17.645910,4.297716
16-Jun-2023 01:12:21,2.163780,1.480237,-0.022193,4.975011,3.160132,231.757352,78.536055,17.661158,4.138672
16-Jun-2023 01:13:21,2.190947,1.456684,-0.088863,2.986604,4.668196,237.133575,78.046222,17.673918,6.163053
16-Jun-2023 01:14:21,2.155804,1.475751,-0.100004,2.986604,3.948472,235.247703,77.813442,17.702237,5.612032
16-Jun-2023 01:15:21,2.647929,1.467775,-0.111056,0.998196,4.143367,240.014268,77.518735,17.735535,5.821796
16-Jun-2023 01:16:21,2.281297,1.559620,-0.000000,2.986604,3.121573,236.761725,77.395810,17.769145,4.208174
16-Jun-2023 01:17:21,2.159668,1.470392,-0.100004,7.961614,4.321199,218.060652,77.217797,17.788440,5.144291
16-Jun-2023 01:18:21,2.185339,1.469271,-0.055528,9.950022,3.792978,225.657200,77.290312,17.811158,4.539416
16-Jun-2023 01:19:21,2.654409,1.404717,-0.088863,-0.000000,3.214296,239.966179,77.279732,17.821118,4.227586
16-Jun-2023 01:20:21,2.164652,1.454067,-0.111056,2.986604,3.582430,233.377574,77.162402,17.822050,4.490573
16-Jun-2023 01:21:21,2.197303,1.465657,-0.111056,0.998196,2.896362,233.563919,77.133460,17.826408,3.993400
16-Jun-2023 01:22:21,2.173999,1.460298,-0.066669,2.986604,1.761131,240.430174,77.084603,17.835742,3.476192
16-Jun-2023 01:23:21,2.688181,1.464286,-0.088863,1.988407,3.622973,235.008396,76.962923,17.835742,4.734779
16-Jun-2023 01:24:21,2.165400,1.534198,-0.044387,3.976814,2.772171,236.692547,76.684085,17.859395,4.015946
16-Jun-2023 01:25:21,2.167145,1.465532,-0.066669,4.975011,2.588600,249.539529,76.463752,17.879313,4.021579
16-Jun-2023 01:26:21,2.164403,1.453444,-0.044387,4.975011,1.256303,272.043288,76.483047,17.883980,2.968999
16-Jun-2023 01:27:21,2.172379,1.485471,-0.022193,2.986604,2.243248,255.050172,76.474645,17.888337,3.591408
16-Jun-2023 01:28:21,2.141224,1.466529,-0.077721,3.976814,1.992545,275.302109,76.495495,17.887715,4.038486
16-Jun-2023 01:29:21,1.709912,1.463289,-0.033335,9.950022,0.383264,194.309019,76.363545,17.888960,1.158124
16-Jun-2023 01:30:21,2.169886,1.445219,-0.033335,4.975011,3.163371,266.973576,76.193940,17.883358,5.298949
16-Jun-2023 01:31:21,2.646309,1.475377,-0.055528,5.973207,3.030723,245.745378,76.243733,17.893315,5.174346
16-Jun-2023 01:32:21,1.903945,1.471763,-0.044387,5.973207,3.644835,259.511913,76.127655,17.888025,5.868134
16-Jun-2023 01:33:21,1.692590,1.471140,-0.122197,5.973207,4.521739,253.547491,75.799335,17.892692,6.352782
16-Jun-2023 01:34:21,2.161038,1.457432,-0.055528,8.959811,3.316410,258.836350,75.705975,17.902340,5.844965
16-Jun-2023 01:35:21,2.641823,1.486717,-0.055528,6.963418,3.587018,233.539458,75.746742,17.907630,6.132374
16-Jun-2023 01:36:21,2.161786,1.454690,-0.044387,11.938429,4.832878,247.841782,75.261578,17.925993,5.933878
16-Jun-2023 01:37:21,1.738574,1.473383,-0.044387,5.973207,4.777149,243.726490,75.043735,17.963957,5.938888
16-Jun-2023 01:38:21,2.193938,1.405340,-0.055528,0.998196,4.704567,242.383534,75.251930,17.978275,5.409155
16-Jun-2023 01:39:21,2.670610,1.472635,0.011141,7.961614,4.092229,229.763212,75.072367,17.992900,5.248229
16-Jun-2023 01:40:21,1.695581,1.441480,-0.077721,3.976814,3.661220,244.888067,75.040000,18.012505,4.988999
16-Jun-2023 01:41:21,2.160540,1.473009,0.011141,9.950022,4.312381,240.266697,75.132428,18.016552,4.949552
16-Jun-2023 01:42:21,2.659893,1.485596,-0.100004,12.936625,4.104963,248.688780,75.204628,18.003483,5.331509
16-Jun-2023 01:43:21,2.664005,1.554012,-0.044387,-0.998196,2.881588,258.234006,75.583983,17.976095,4.092963
16-Jun-2023 01:44:21,2.471841,1.474754,-0.077721,5.973207,0.452506,229.990529,75.747052,17.942175,1.736071
16-Jun-2023 01:45:21,2.676093,1.480486,-0.044387,4.975011,0.197865,185.294158,75.816452,17.914165,0.198204
16-Jun-2023 01:46:21,2.178485,1.432881,-0.011141,7.961614,0.197676,92.938188,76.080663,17.893005,0.198330
16-Jun-2023 01:47:21,2.159543,1.471638,-0.077721,10.948218,0.494383,206.234371,76.098713,17.870910,1.872575
16-Jun-2023 01:48:21,2.685814,1.476623,-0.066669,5.973207,2.816605,186.844265,76.009085,17.846635,5.465508
16-Jun-2023 01:49:21,2.157923,1.410574,-0.066669,5.973207,1.562073,198.654881,75.932843,17.855973,3.500614
16-Jun-2023 01:50:21,2.641200,1.478866,-0.088863,13.934821,0.289117,204.260947,75.842593,17.855973,1.304019
16-Jun-2023 01:51:21,2.244409,1.484100,-0.088863,6.963418,0.533163,163.645187,75.870290,17.850992,1.744215
16-Jun-2023 01:52:21,2.659269,1.473881,-0.055528,8.959811,2.105067,255.180751,75.885537,17.822363,4.565714
16-Jun-2023 01:53:21,2.663008,1.470766,-0.044387,0.998196,1.940336,266.450065,76.063857,17.787818,6.310830
16-Jun-2023 01:54:21,2.691172,1.476374,-0.066669,4.975011,0.570326,155.029901,76.193630,17.755142,3.019718
16-Jun-2023 01:55:21,2.171756,1.477620,-0.033335,-0.000000,2.124870,238.266577,76.434500,17.725265,7.276373
16-Jun-2023 01:56:21,2.674224,1.462666,-0.055528,5.973207,0.741513,187.959901,76.493317,17.694145,3.510005
16-Jun-2023 01:57:21,2.158048,1.457930,0.011141,4.975011,1.137813,169.711763,76.787715,17.674852,3.243888
16-Jun-2023 01:58:21,2.147455,1.448459,-0.033335,9.950022,1.412373,224.034830,76.930868,17.660848,6.060991
16-Jun-2023 01:59:21,2.674473,1.478991,-0.011141,4.975011,2.591086,214.857329,77.031075,17.646220,5.296444
16-Jun-2023 02:00:21,2.690549,1.482356,-0.077721,4.975011,1.008411,154.712703,77.073400,17.641243,5.073531
16-Jun-2023 02:01:21,2.146458,1.414313,-0.011141,2.986604,3.058600,236.526552,76.981283,17.637195,6.632676
16-Jun-2023 02:02:21,2.641573,1.471638,-0.000000,3.976814,2.006390,186.461253,77.227132,17.632840,7.074748
16-Jun-2023 02:03:21,2.188829,1.455313,-0.055528,-1.988407,2.684510,249.078532,77.305250,17.626615,4.399155
16-Jun-2023 02:04:21,2.163157,1.413815,-0.100004,4.975011,3.660667,259.965124,77.366558,17.611987,7.851816
16-Jun-2023 02:05:21,1.777581,1.466653,-0.000000,9.950022,4.760499,258.024512,77.471120,17.602340,6.826786
16-Jun-2023 02:06:21,2.672853,1.464784,-0.055528,1.988407,2.762411,254.906290,77.557635,17.592695,4.756695
16-Jun-2023 02:07:21,2.671233,1.424532,-0.044387,0.998196,3.017338,252.583974,77.595602,17.584293,5.445473
16-Jun-2023 02:08:21,2.174248,1.465657,-0.055528,5.973207,2.543100,243.089651,77.703590,17.577755,4.496212
16-Jun-2023 02:09:21,2.655780,1.462043,-0.055528,4.975011,0.651630,221.666499,77.876930,17.564998,1.601449
16-Jun-2023 02:10:21,3.135817,1.487590,-0.011141,8.959811,0.745465,251.383886,77.962510,17.536677,1.765503
16-Jun-2023 02:11:21,2.657276,1.461419,-0.000000,-0.000000,3.096626,262.907219,78.028795,17.520805,6.519341
16-Jun-2023 02:12:21,2.630108,1.452571,-0.055528,0.998196,1.365287,240.564602,78.071120,17.524230,4.240734
16-Jun-2023 02:13:21,2.692045,1.420419,-0.033335,7.961614,0.371177,123.803745,78.271535,17.513025,1.937696
16-Jun-2023 02:14:21,2.170759,1.472760,-0.066669,7.961614,4.420810,254.586931,78.058983,17.517383,6.948260
16-Jun-2023 02:15:21,2.935552,1.456435,-0.066669,5.973207,3.923059,232.861559,77.812200,17.550060,5.967067
16-Jun-2023 02:16:21,2.162659,1.440857,-0.055528,5.973207,0.573540,177.649410,77.696433,17.583357,2.798687
16-Jun-2023 02:17:21,2.145212,1.470641,-0.044387,8.959811,1.058860,207.442553,77.838962,17.587715,3.786771
16-Jun-2023 02:18:21,2.631604,1.449705,-0.055528,5.973207,3.648696,203.017095,77.514690,17.601097,10.672676
16-Jun-2023 02:19:21,2.156054,1.453195,-0.033335,7.961614,0.631056,226.796675,77.599960,17.611677,2.182525
16-Jun-2023 02:20:21,2.647057,1.471638,-0.066669,7.961614,4.012439,230.106201,77.617385,17.616658,8.478602
16-Jun-2023 02:21:21,1.682122,1.557502,-0.066669,1.988407,5.352900,247.648880,77.299337,17.610743,10.126660
16-Jun-2023 02:22:21,2.668990,1.468897,-0.100004,5.973207,2.306537,240.664714,77.278487,17.628793,7.317696
16-Jun-2023 02:23:21,2.180105,1.456684,-0.011141,6.963418,1.690788,176.515396,77.010225,17.650890,7.413501
16-Jun-2023 02:24:21,2.671731,1.397988,-0.044387,8.959811,1.870760,219.594568,76.972258,17.653067,8.629507
16-Jun-2023 02:25:21,2.662634,1.465158,-0.077721,-0.000000,0.730958,148.578621,76.971635,17.660848,3.863788
16-Jun-2023 02:26:21,2.662634,1.460173,-0.022193,5.973207,1.336189,228.584203,76.903792,17.660225,3.791781
16-Jun-2023 02:27:21,2.144962,1.462167,-0.022193,0.998196,1.759867,232.844513,76.820702,17.660225,6.967671
16-Jun-2023 02:28:21,2.386725,1.451824,-0.077721,10.948218,5.434040,250.938260,76.654832,17.654313,10.297606
16-Jun-2023 02:29:21,2.137361,1.536815,-0.066669,6.963418,1.631758,204.705637,76.623090,17.659293,5.581977
16-Jun-2023 02:30:21,2.668616,1.466903,-0.011141,7.961614,1.045519,187.046441,76.693732,17.655867,3.860030
16-Jun-2023 02:31:21,1.716891,1.477495,-0.088863,5.973207,0.547205,137.504649,76.769043,17.662715,1.771766
16-Jun-2023 02:32:21,2.669114,1.419547,-0.055528,2.986604,4.094028,240.982487,76.657632,17.652445,7.998964
16-Jun-2023 02:33:21,2.168640,1.476872,-0.000000,6.963418,1.623870,197.695880,76.652342,17.651200,8.134839
16-Jun-2023 02:34:21,1.713650,1.469021,-0.122197,-0.000000,1.553706,98.565904,76.844043,17.646220,3.644004
16-Jun-2023 02:35:21,2.654160,1.471015,-0.055528,7.961614,2.874473,158.260792,77.012715,17.632218,8.052812
16-Jun-2023 02:36:21,2.673850,1.475502,-0.055528,8.959811,3.080036,189.510951,76.872050,17.612922,7.037802
16-Jun-2023 02:37:21,2.158048,1.556380,-0.100004,6.963418,1.946803,150.453245,77.045390,17.610432,3.808058
16-Jun-2023 02:38:21,2.628987,1.460796,-0.044387,1.988407,1.062282,177.787870,77.119457,17.600785,2.647138
16-Jun-2023 02:39:21,2.659394,1.459176,-0.011141,5.973207,1.780098,215.717270,77.166138,17.588025,5.778592
16-Jun-2023 02:40:21,2.165026,1.478243,-0.122197,4.975011,0.348698,206.269816,77.300270,17.575268,1.168144
16-Jun-2023 02:41:21,2.273197,1.465781,-0.033335,3.976814,1.371530,143.573130,77.180453,17.547570,3.411700
16-Jun-2023 02:42:21,2.673227,1.463787,-0.066669,0.998196,1.516781,134.144221,77.064375,17.536055,3.514386
16-Jun-2023 02:43:21,2.630981,1.478742,-0.055528,1.988407,2.310478,140.592877,76.624955,17.538855,4.675921
16-Jun-2023 02:44:21,2.650920,1.438863,-0.044387,8.959811,2.130322,149.549834,76.425475,17.551927,5.011544
16-Jun-2023 02:45:21,2.679209,1.450204,-0.022193,11.938429,2.001477,118.463337,75.976410,17.569043,4.734155
16-Jun-2023 02:46:21,2.656902,1.397614,-0.055528,2.986604,3.555964,174.049020,75.471328,17.588025,11.328265
16-Jun-2023 02:47:21,2.674224,1.459924,-0.155532,6.963418,1.862243,202.883047,75.340935,17.592073,4.031600
16-Jun-2023 02:48:21,2.143716,1.472137,-0.000000,10.948218,2.136728,190.955239,75.268425,17.614478,4.786751
16-Jun-2023 02:49:21,2.174124,1.470143,-0.088863,3.976814,2.539634,183.967219,75.056495,17.622880,10.613189
16-Jun-2023 02:50:21,2.642944,1.455438,-0.044387,-0.000000,2.903582,100.931334,74.807532,17.644043,10.545563
16-Jun-2023 02:51:21,2.157175,1.519991,-0.055528,-3.976814,2.846234,120.416885,74.850790,17.655867,5.354054
16-Jun-2023 02:52:21,2.147580,1.477246,0.011141,6.963418,3.198820,180.184365,74.734713,17.658047,9.485473
16-Jun-2023 02:53:21,2.143467,1.454067,0.033335,9.950022,1.847566,132.607159,74.678072,17.655245,5.084175
16-Jun-2023 02:54:21,2.648926,1.527343,-0.033335,8.959811,3.024478,247.222203,74.779213,17.682320,8.096016
16-Jun-2023 02:55:21,2.141224,1.447462,-0.055528,8.959811,2.913683,168.229812,74.742803,17.688545,5.974577
16-Jun-2023 02:56:21,2.679209,1.472137,-0.055528,3.976814,2.311738,159.324508,74.897160,17.679830,8.288873
16-Jun-2023 02:57:21,2.154434,1.395994,-0.033335,10.948218,2.043366,172.095471,74.834608,17.668315,7.833657
16-Jun-2023 02:58:21,2.157051,1.469271,-0.055528,6.963418,2.233873,164.890834,74.696745,17.656180,8.658939
16-Jun-2023 02:59:21,2.659145,1.460547,-0.100004,9.950022,2.869386,176.187233,74.845810,17.663337,8.017746
16-Jun-2023 03:00:21,2.152315,1.456185,-0.111056,6.963418,1.697894,226.423135,74.959710,17.651510,4.692827
16-Jun-2023 03:01:21,2.612537,1.468024,-0.133249,9.950022,0.600018,172.271800,74.999233,17.647155,2.751725
16-Jun-2023 03:02:21,2.657276,1.528964,-0.011141,13.934821,1.165017,154.834461,75.129940,17.630350,5.091690
16-Jun-2023 03:03:21,2.642072,1.463663,-0.100004,5.973207,1.727732,153.686669,75.231702,17.620390,4.954562
16-Jun-2023 03:04:21,2.647431,1.450204,-0.033335,0.998196,1.388443,128.530309,75.281805,17.603898,4.546303
16-Jun-2023 03:05:21,2.666622,1.438365,-0.122197,7.961614,0.816076,157.384742,75.279627,17.589892,1.911398
16-Jun-2023 03:06:21,2.658771,1.452447,-0.100004,3.976814,1.202098,144.497175,75.264690,17.585225,3.128672
16-Jun-2023 03:07:21,2.668491,1.473134,-0.044387,9.950022,2.191526,178.067949,75.263133,17.575268,4.303355
16-Jun-2023 03:08:21,2.654285,1.419173,-0.011141,5.973207,1.329433,121.365393,75.362408,17.576200,4.950805
16-Jun-2023 03:09:21,1.675766,1.482356,-0.122197,12.936625,1.720725,129.377196,75.316973,17.569043,3.292726
16-Jun-2023 03:10:21,2.654534,1.453693,-0.111056,3.976814,1.942311,182.320369,75.394460,17.554415,3.932037
16-Jun-2023 03:11:21,2.167020,1.467152,-0.033335,0.998196,0.835856,242.900603,75.513030,17.540413,2.563858
16-Jun-2023 03:12:21,2.631853,1.466529,-0.100004,3.976814,1.153994,142.833165,75.553175,17.515205,4.077309
16-Jun-2023 03:13:21,2.658522,1.543419,-0.088863,6.963418,1.858758,171.708442,75.698195,17.486885,5.079794
16-Jun-2023 03:14:21,2.624127,1.453693,-0.077721,0.998196,0.707118,182.739273,75.677967,17.460433,2.840639
16-Jun-2023 03:15:21,2.141847,1.449954,-0.044387,2.986604,1.486204,178.971569,75.763858,17.457943,5.091690
16-Jun-2023 03:16:21,2.614531,1.482231,-0.066669,6.963418,0.714916,141.187398,75.968317,17.443940,1.946464
16-Jun-2023 03:17:21,2.626993,1.470517,-0.077721,4.975011,0.477404,176.533401,76.055145,17.434915,1.562626
16-Jun-2023 03:18:21,2.686437,1.449456,-0.100004,8.959811,0.644470,93.284355,76.182115,17.419355,1.729809
16-Jun-2023 03:19:21,2.132874,1.451699,-0.088863,4.975011,2.368262,185.854877,76.369147,17.400683,7.779804
16-Jun-2023 03:20:21,2.661762,1.459301,-0.066669,-3.976814,2.348042,171.252316,76.348608,17.377342,8.203717
16-Jun-2023 03:21:21,2.637336,1.464161,-0.077721,3.976814,0.734788,178.215977,76.437613,17.358670,3.202560
16-Jun-2023 03:22:21,2.653163,1.454565,-0.044387,-0.000000,2.975822,187.327649,76.566138,17.344665,9.291987
16-Jun-2023 03:23:21,2.140102,1.459176,-0.066669,5.973207,1.971880,190.788845,76.618420,17.336885,8.568144
16-Jun-2023 03:24:21,2.628239,1.516377,-0.111056,4.975011,3.968546,245.586502,76.537198,17.325060,12.772198
16-Jun-2023 03:25:21,2.682075,1.460921,-0.066669,2.986604,1.569130,240.288655,76.549335,17.319770,3.924527
16-Jun-2023 03:26:21,2.642570,1.475252,-0.111056,6.963418,3.070730,161.570981,76.627757,17.299230,11.729638
16-Jun-2023 03:27:21,2.657400,1.526347,-0.011141,4.975011,2.560451,230.620635,76.596015,17.267797,9.601313
16-Jun-2023 03:28:21,2.654534,1.439611,-0.100004,8.959811,1.316220,158.474049,76.544978,17.254728,4.742918
16-Jun-2023 03:29:21,2.660017,1.450079,-0.100004,5.973207,1.691899,149.894300,76.550578,17.241968,4.289577
16-Jun-2023 03:30:21,2.669364,1.539307,-0.122197,7.961614,1.658198,165.374785,76.507632,17.227342,6.095428
16-Jun-2023 03:31:21,2.151318,1.438988,-0.044387,3.976814,1.483947,119.199801,76.643005,17.214272,3.707248
16-Jun-2023 03:32:21,2.664379,1.439112,-0.033335,9.950022,1.468221,151.699195,76.912508,17.199335,3.603929
16-Jun-2023 03:33:21,2.137735,1.497809,-0.077721,12.936625,2.191131,135.477525,77.017692,17.177860,6.905055
16-Jun-2023 03:34:21,2.649424,1.440857,-0.000000,7.961614,1.303058,110.899219,77.103585,17.157632,3.855020
16-Jun-2023 03:35:21,2.665874,1.461295,-0.088863,0.998196,1.077600,133.225799,77.284710,17.145185,3.181896
16-Jun-2023 03:36:21,2.663756,1.510520,-0.033335,4.975011,1.892953,190.491706,77.254212,17.122155,4.518129
16-Jun-2023 03:37:21,2.645686,1.456933,-0.111056,5.973207,1.002741,86.384739,77.355353,17.105973,3.031620
16-Jun-2023 03:38:21,2.881218,1.452696,-0.000000,3.976814,1.121447,179.315303,77.515935,17.084813,5.875020
16-Jun-2023 03:39:21,2.160665,1.468149,-0.033335,-0.000000,3.167448,224.977743,77.487925,17.078275,8.853672
16-Jun-2023 03:40:21,2.685315,1.455313,-0.066669,5.973207,1.386739,149.475026,77.652863,17.069250,6.454220
16-Jun-2023 03:41:21,2.528169,1.442726,-0.044387,6.963418,1.100533,124.233705,77.770810,17.058670,4.543174
16-Jun-2023 03:42:21,2.149823,1.526471,-0.044387,3.976814,2.446666,205.191934,77.829315,17.057738,5.575714
16-Jun-2023 03:43:21,2.184966,1.464410,-0.077721,8.959811,1.178908,179.876215,77.913340,17.038442,4.269542
16-Jun-2023 03:44:21,2.680081,1.454565,-0.011141,5.973207,1.453979,139.524579,77.705457,17.024750,5.891298
16-Jun-2023 03:45:21,2.660890,1.445717,-0.044387,3.976814,2.044511,226.321804,77.659087,17.021948,4.303355
16-Jun-2023 03:46:21,2.675221,1.444097,-0.077721,2.986604,3.552118,243.137197,77.806285,16.992385,9.025870
16-Jun-2023 03:47:21,2.646184,1.463912,-0.044387,-1.988407,3.059116,151.333628,77.852655,16.950683,8.538712
16-Jun-2023 03:48:21,2.656777,1.464036,-0.044387,7.961614,0.771491,179.645895,78.024128,16.940725,3.929532
16-Jun-2023 03:49:21,2.609920,1.457556,-0.044387,13.934821,0.769431,172.745155,78.049648,16.924542,3.529416
16-Jun-2023 03:50:21,2.148203,1.451201,-0.077721,6.963418,1.465065,174.799279,78.165725,16.902758,5.456117
16-Jun-2023 03:51:21,2.720209,1.438863,-0.077721,6.963418,0.385088,171.683214,78.362717,16.878485,1.858803
16-Jun-2023 03:52:21,2.166397,1.388392,-0.033335,2.986604,2.078010,191.661156,78.361160,16.853900,7.553763
16-Jun-2023 03:53:21,2.174871,1.457307,0.011141,5.973207,0.883323,157.210011,78.429313,16.845807,2.590785
16-Jun-2023 03:54:21,2.191072,1.463040,-0.055528,-1.988407,2.222750,145.088291,78.466970,16.814997,9.005830
16-Jun-2023 03:55:21,2.682200,1.414188,-0.022193,9.950022,1.913222,170.871280,78.440828,16.823400,5.071655
16-Jun-2023 03:56:21,2.152315,1.469395,-0.088863,0.998196,0.933046,137.665783,78.544770,16.815620,2.248275
16-Jun-2023 03:57:21,2.692543,1.456684,-0.077721,9.950022,0.524438,145.855027,78.696325,16.809707,2.340946
16-Jun-2023 03:58:21,2.148078,1.398486,-0.066669,10.948218,2.039104,215.736297,78.784085,16.789790,5.251987
16-Jun-2023 03:59:21,2.667744,1.449456,0.011141,9.950022,0.523018,156.922247,79.048918,16.772365,1.206967
16-Jun-2023 04:00:21,3.170461,1.440857,-0.111056,8.959811,2.397881,225.533221,79.207633,16.729418,6.864980
16-Jun-2023 04:01:21,2.173874,1.536939,-0.044387,11.938429,2.745242,250.528733,79.290723,16.695185,8.020875
16-Jun-2023 04:02:21,2.185090,1.460298,-0.111056,6.963418,1.182041,207.450666,79.424850,16.668732,5.556932
16-Jun-2023 04:03:21,2.667370,1.447088,-0.044387,1.988407,2.215439,224.460765,79.612195,16.636058,5.030327
16-Jun-2023 04:04:21,2.167519,1.539681,-0.111056,9.950022,0.625683,168.826618,79.719560,16.599648,2.108642
16-Jun-2023 04:05:21,2.672355,1.624796,-0.055528,3.976814,0.590430,164.469108,79.862412,16.587510,1.520045
16-Jun-2023 04:06:21,2.692792,1.444596,-0.022193,3.976814,1.578148,203.409932,79.867702,16.568215,4.196906
16-Jun-2023 04:07:21,2.416510,1.539805,0.011141,5.973207,1.083043,107.554999,79.935545,16.559190,2.961489
16-Jun-2023 04:08:21,2.166896,2.372768,-0.155532,3.976814,1.314776,140.467298,80.022058,16.550787,2.791796
16-Jun-2023 04:09:21,2.161911,1.463164,0.011141,2.986604,0.775888,158.828273,80.106705,16.538963,3.103627
16-Jun-2023 04:10:21,2.174622,1.540678,-0.000000,6.963418,0.359440,119.506243,80.190420,16.525892,1.220116
16-Jun-2023 04:11:21,2.630607,1.436371,-0.033335,3.976814,1.487808,139.585593,80.215005,16.514688,5.181232
16-Jun-2023 04:12:21,2.648303,1.439237,-0.077721,7.961614,1.204626,235.918770,80.293737,16.496638,3.729160
16-Jun-2023 04:13:21,1.669161,1.519617,-0.022193,8.959811,1.755025,155.351895,80.296228,16.478587,4.847490
16-Jun-2023 04:14:21,2.147953,1.442477,-0.044387,6.963418,1.449914,165.054782,80.290315,16.467698,6.000252
16-Jun-2023 04:15:21,2.659020,1.451076,-0.033335,2.986604,0.388131,125.121584,80.322370,16.437820,1.447414
16-Jun-2023 04:16:21,2.648303,1.436994,-0.000000,3.976814,1.109858,108.638575,80.467390,16.419460,2.399804
16-Jun-2023 04:17:21,2.663880,1.435872,-0.100004,9.950022,1.682478,166.454811,80.590002,16.400478,3.278954
16-Jun-2023 04:18:21,2.826260,1.437742,-0.044387,5.973207,1.319149,196.711835,80.596537,16.380248,3.848758
16-Jun-2023 04:19:21,2.177364,1.442726,0.044387,9.950022,1.768632,138.545322,80.679630,16.371535,5.726620
16-Jun-2023 04:20:21,2.157300,1.434875,-0.022193,10.948218,0.949406,154.191146,80.820915,16.357220,4.640855
16-Jun-2023 04:21:21,2.648677,1.442477,-0.022193,-0.998196,0.806635,150.849943,80.956290,16.332635,2.169376
16-Jun-2023 04:22:21,2.688306,1.437492,0.022193,10.948218,3.687877,229.547625,81.156392,16.305250,8.618234
16-Jun-2023 04:23:21,2.652415,1.379544,-0.022193,0.998196,1.762086,185.975409,81.272470,16.282220,6.998355
16-Jun-2023 04:24:21,2.651169,1.432258,-0.044387,8.959811,1.952456,223.032049,81.304212,16.272263,6.146147
16-Jun-2023 04:25:21,2.667494,1.435249,-0.033335,5.973207,3.391899,265.427400,81.316663,16.261670,6.029054
16-Jun-2023 04:26:21,2.130382,1.527967,-0.000000,6.963418,3.122885,264.224863,81.427760,16.243310,5.621424
16-Jun-2023 04:27:21,3.726516,1.427647,0.055528,5.973207,2.677348,229.504685,81.510853,16.238020,7.623888
16-Jun-2023 04:28:21,2.643567,1.439362,-0.044387,6.963418,2.298196,184.236985,81.603280,16.210010,5.464256
16-Jun-2023 04:29:21,3.128962,1.423535,-0.022193,5.973207,5.548400,241.351693,81.755768,16.176090,11.011429
16-Jun-2023 04:30:21,3.692245,1.424906,0.022193,7.961614,4.986521,239.854450,81.730250,16.167065,9.940689
16-Jun-2023 04:31:21,2.665999,2.337750,-0.011141,6.963418,2.792837,215.102267,81.620707,16.148082,6.697797
16-Jun-2023 04:32:21,2.706127,1.422413,0.022193,6.963418,5.432165,235.737106,81.698508,16.144657,10.668919
16-Jun-2023 04:33:21,2.639330,1.404967,-0.011141,9.950022,2.568291,252.534110,81.637200,16.125052,5.417294
16-Jun-2023 04:34:21,2.653786,1.437119,-0.011141,8.959811,1.330717,169.842430,81.886473,16.113538,3.600171
16-Jun-2023 04:35:21,1.717888,1.426027,-0.044387,3.976814,1.316749,143.527477,81.938132,16.100467,2.658410
16-Jun-2023 04:36:21,2.675595,1.526097,-0.122197,7.961614,1.311196,193.738721,82.181182,16.086463,6.033441
16-Jun-2023 04:37:21,3.591428,1.434751,0.022193,6.963418,4.347163,249.068883,82.221015,16.067480,8.496761
16-Jun-2023 04:38:21,2.654285,2.161662,-0.022193,5.973207,2.026236,240.839712,82.252138,16.038228,6.439819
16-Jun-2023 04:39:21,2.648801,1.511766,-0.033335,13.934821,3.547853,233.286284,82.436680,16.014265,7.589452
16-Jun-2023 04:40:21,2.801212,1.425653,-0.022193,2.986604,5.815845,254.228103,82.479320,15.999327,9.082223
16-Jun-2023 04:41:21,2.660017,1.568842,0.022193,12.936625,6.647338,244.485846,82.543115,15.988435,10.739673
16-Jun-2023 04:42:21,2.667245,1.431137,0.033335,4.975011,6.070056,252.411413,82.505460,15.975988,10.847998
16-Jun-2023 04:43:21,2.650421,1.438988,0.055528,13.934821,6.835552,255.709507,82.531913,15.970695,10.154839
16-Jun-2023 04:44:21,2.139853,1.428021,0.088863,8.959811,1.304316,170.271639,82.580772,15.963850,4.734779
16-Jun-2023 04:45:21,2.161911,1.424033,0.033335,9.950022,5.452459,235.824181,82.745087,15.947667,9.991408
16-Jun-2023 04:46:21,2.641947,1.364839,0.088863,15.923229,6.149374,249.421047,82.800170,15.933352,9.558104
16-Jun-2023 04:47:21,2.153561,1.419672,0.055528,11.938429,6.007453,249.807520,82.834090,15.922770,7.313939
16-Jun-2023 04:48:21,2.691546,1.418799,0.111056,18.909832,7.587208,253.023315,82.873302,15.901920,11.395267
16-Jun-2023 04:49:21,3.095814,1.387769,0.177725,14.925032,7.249078,260.209493,82.855253,15.903788,11.309482
16-Jun-2023 04:50:21,2.156801,1.424781,0.166584,24.883039,5.438896,246.163537,82.912825,15.889160,7.385322
16-Jun-2023 04:51:21,2.690300,1.422040,0.122197,17.911636,7.565240,245.591182,83.010230,15.869555,10.759713
16-Jun-2023 04:52:21,2.672604,1.440857,0.222112,21.896436,4.807204,258.260066,83.049442,15.859907,7.607611
16-Jun-2023 04:53:21,2.654659,1.443100,0.288781,27.861657,6.336030,256.127474,83.159920,15.843415,9.285724
16-Jun-2023 04:54:21,2.648552,1.421416,0.277729,33.834864,5.049997,256.029721,83.249235,15.828477,8.885609
16-Jun-2023 04:55:21,2.644689,1.508027,0.277729,28.859854,2.486112,206.508736,83.355977,15.808560,7.097912
16-Jun-2023 04:56:21,2.151193,1.404967,0.377644,39.808072,1.992501,201.776114,83.376827,15.804515,7.048446
16-Jun-2023 04:57:21,2.623379,2.323543,0.410978,45.781279,4.358426,221.723298,83.388965,15.786153,10.998903
16-Jun-2023 04:58:21,2.655655,1.425280,0.544228,49.758093,6.666383,255.075858,83.487305,15.774950,9.289482
16-Jun-2023 04:59:21,3.110020,1.411696,0.588704,49.758093,4.838005,216.431718,83.482325,15.765925,9.255045
16-Jun-2023 05:00:21,2.650297,1.408954,0.688618,65.681322,1.438594,195.992693,83.497885,15.752543,5.491811
16-Jun-2023 05:01:21,2.155804,1.392380,0.766429,72.644740,1.623975,197.673189,83.719773,15.740718,6.759789
16-Jun-2023 05:02:21,3.123355,1.513137,0.833098,78.617947,3.522250,219.874358,83.790105,15.724845,8.913159
16-Jun-2023 05:03:21,2.844704,2.319306,0.933013,87.577758,4.532057,262.462997,83.714483,15.722978,8.666449
16-Jun-2023 05:04:21,2.654160,2.354573,0.966347,91.554572,1.346202,184.103436,83.777345,15.713643,4.395397
16-Jun-2023 05:05:21,3.130458,1.418301,1.155125,103.493001,0.328869,111.194688,83.945705,15.694660,0.925191
16-Jun-2023 05:06:21,2.640950,2.431090,1.243987,115.439415,1.473117,203.892761,84.205250,15.668518,3.788647
16-Jun-2023 05:07:21,3.707823,2.359434,1.355133,130.364447,2.692144,259.731914,84.268735,15.648603,8.849291
16-Jun-2023 05:08:21,3.706701,2.338248,1.566103,137.335851,3.083912,215.543584,84.261888,15.622460,9.571258
16-Jun-2023 05:09:21,4.325816,1.414687,1.832691,155.247486,4.686277,230.596061,84.336265,15.609700,11.580609
16-Jun-2023 05:10:21,3.127093,3.393780,1.921554,168.184111,0.390829,130.347075,84.424025,15.600675,2.547580
16-Jun-2023 05:11:21,3.702464,2.341738,2.221476,185.097551,1.429581,224.013829,84.628173,15.585427,4.431715
16-Jun-2023 05:12:21,4.301639,2.353203,2.510257,197.043965,2.735269,230.170515,84.692280,15.571735,9.512394
16-Jun-2023 05:13:21,4.117324,2.358187,2.821232,217.942205,2.803546,237.362007,84.727135,15.558043,8.127324
16-Jun-2023 05:14:21,4.858317,2.448786,3.076768,237.842248,4.880554,245.073677,84.712510,15.547150,10.668290
16-Jun-2023 05:15:21,6.068005,3.376707,3.487746,263.715498,3.479684,258.677203,84.681700,15.545905,7.558144
16-Jun-2023 05:16:21,6.647989,3.367610,3.998639,286.610130,4.105481,229.394180,84.756388,15.532835,6.586338
16-Jun-2023 05:17:21,6.668676,5.137715,4.365231,311.485184,4.830423,257.238443,84.752033,15.532523,10.591273
16-Jun-2023 05:18:21,7.246664,3.366364,4.776209,336.368223,4.929617,277.009701,84.663028,15.532835,8.459190
16-Jun-2023 05:19:21,7.238688,6.269142,5.287102,371.193298,1.608070,183.161003,84.733360,15.523188,8.767264
16-Jun-2023 05:20:21,7.794992,6.443113,5.798085,393.089734,0.787151,207.489412,84.878693,15.521320,2.994673
16-Jun-2023 05:21:21,8.510314,5.150177,6.197922,425.926402,4.280375,246.855588,84.979833,15.513227,9.853652
16-Jun-2023 05:22:21,9.058518,6.261041,6.686622,458.771056,5.401693,251.810656,84.913235,15.508560,7.315191
16-Jun-2023 05:23:21,9.066119,8.042238,7.130935,488.621120,1.132089,245.849056,84.850060,15.509805,2.890729
16-Jun-2023 05:24:21,8.433673,9.318724,7.508579,530.417599,0.676871,157.678134,84.951825,15.505138,2.469311
16-Jun-2023 05:25:21,10.337119,6.284221,7.986226,560.275649,2.091740,224.688455,85.047675,15.504825,9.690226
16-Jun-2023 05:26:21,9.066618,8.020305,8.363870,589.135503,1.320955,202.081404,85.043005,15.496113,3.115523
16-Jun-2023 05:27:21,10.336247,10.520065,8.885904,629.933785,1.040793,178.453855,85.119258,15.499225,3.298360
16-Jun-2023 05:28:21,12.156949,9.951046,9.252496,667.753450,2.115404,246.663901,85.028690,15.495800,4.461771
16-Jun-2023 05:29:21,11.527867,10.544615,9.696720,699.599907,1.623260,203.873361,85.043318,15.490510,5.648350
16-Jun-2023 05:30:21,12.130530,9.920016,10.107699,734.432968,2.500882,221.076526,85.090932,15.484598,7.087269
16-Jun-2023 05:31:21,12.147104,10.960846,10.596487,773.242843,1.664894,179.981462,85.126728,15.486465,7.675236
16-Jun-2023 05:32:21,12.682350,11.782466,11.007377,805.089300,1.678309,183.415582,85.213242,15.475885,4.602032
16-Jun-2023 05:33:21,13.324518,12.936077,11.451690,852.851001,1.059758,176.320337,85.199860,15.471837,2.581393
16-Jun-2023 05:34:21,14.549411,13.569147,11.973724,889.672469,1.762348,206.710175,85.193635,15.467482,4.990252
16-Jun-2023 05:35:21,15.175254,12.302132,12.495848,941.426954,1.398829,205.766631,85.174653,15.465925,3.605181
16-Jun-2023 05:36:21,15.174631,13.649280,13.106745,982.225237,1.329045,213.696785,85.233158,15.466547,5.528753
16-Jun-2023 05:37:21,15.838359,13.574007,13.673166,1033.971737,3.485430,236.675959,85.191145,15.461568,6.022792
16-Jun-2023 05:38:21,16.401642,16.012454,14.339591,1090.701234,1.337318,142.706908,85.248098,15.457523,3.713506
16-Jun-2023 05:39:21,17.559239,15.986533,15.072685,1146.424548,1.710859,236.708965,85.301935,15.451610,3.139316
16-Jun-2023 05:40:21,17.559862,17.365579,15.761393,1195.192431,1.359602,218.910200,85.294155,15.448810,4.194401
16-Jun-2023 05:41:21,19.411346,14.821084,16.405624,1271.813985,0.480482,228.431233,85.361685,15.449742,1.982782
16-Jun-2023 05:42:21,21.292491,17.809476,17.038715,1329.533692,1.420504,229.054108,85.417390,15.443208,5.305840
16-Jun-2023 05:43:21,20.243562,19.127836,17.694088,1383.276585,3.266891,171.047973,85.418635,15.434182,7.544995
16-Jun-2023 05:44:21,21.091603,19.731495,18.327178,1448.957907,1.146984,209.991969,85.404630,15.428580,4.798647
16-Jun-2023 05:45:21,21.922570,20.894951,18.949216,1508.666022,0.920196,191.694341,85.436375,15.417378,4.684059
16-Jun-2023 05:46:21,22.469407,20.892459,19.460109,1577.333947,0.331683,162.716924,85.552453,15.413333,1.836886
16-Jun-2023 05:47:21,23.149584,22.127574,20.093289,1627.092040,1.934275,183.328604,85.579215,15.405552,5.742274
16-Jun-2023 05:48:21,21.924065,24.053080,20.715238,1695.759965,0.996950,146.447252,85.666353,15.396837,4.429210
16-Jun-2023 05:49:21,23.746888,24.086976,21.281748,1756.458291,1.219410,187.898879,85.722680,15.385635,4.164970
16-Jun-2023 05:50:21,23.761967,24.066040,21.948173,1808.212776,2.615337,248.468315,85.696850,15.380345,8.586303
16-Jun-2023 05:51:21,25.686355,24.095077,22.592405,1862.945880,1.188595,207.366993,85.683780,15.386880,2.989039
16-Jun-2023 05:52:21,25.653580,24.633935,23.192250,1920.665588,0.722522,163.498852,85.607847,15.385635,2.255161
16-Jun-2023 05:53:21,26.270326,26.617019,23.725336,1965.448670,0.446138,134.110562,85.731083,15.390925,1.779276
16-Jun-2023 05:54:21,28.132775,27.120733,24.147456,2011.221963,2.746392,246.544849,85.770605,15.380345,5.319613
16-Jun-2023 05:55:21,28.108599,25.863316,24.436237,2032.120203,1.317516,234.721574,85.817285,15.361362,5.033456
16-Jun-2023 05:56:21,27.483131,24.031146,24.525100,2062.968464,0.958818,148.792623,85.929317,15.367275,2.513139
16-Jun-2023 05:57:21,27.852256,24.084858,24.547293,2074.914878,2.895395,260.895269,85.902867,15.377855,7.901283
16-Jun-2023 05:58:21,27.435152,26.470341,24.469572,2083.866703,5.135789,263.990239,85.760335,15.376300,9.715272
16-Jun-2023 05:59:21,27.457709,25.879018,24.469572,2106.761335,2.711402,192.127111,85.736685,15.376610,9.344582
16-Jun-2023 06:00:21,27.438642,25.258908,24.591769,2136.611400,2.190338,215.541618,85.760957,15.381590,5.362817
16-Jun-2023 06:01:21,27.435152,25.877522,24.769494,2174.431064,0.497025,147.703800,85.760025,15.401817,1.825614
16-Jun-2023 06:02:21,27.401630,25.302276,25.069328,2212.242743,1.581167,159.676956,85.775895,15.405240,4.674668
16-Jun-2023 06:03:21,27.451976,25.314115,25.491447,2262.999032,0.738043,123.522253,85.818530,15.405552,2.359728
16-Jun-2023 06:04:21,28.106730,27.717417,25.935760,2314.745533,3.304444,248.983681,85.845917,15.394660,8.126700
16-Jun-2023 06:05:21,29.338726,27.496964,26.435601,2372.465240,2.720509,219.010862,85.807015,15.386567,7.541861
16-Jun-2023 06:06:21,29.346577,28.062864,26.979829,2430.184947,3.047523,256.370544,85.848095,15.380967,8.252555
16-Jun-2023 06:07:21,30.672041,28.407939,27.601868,2489.893062,5.196779,264.717165,85.798303,15.363540,8.271343
16-Jun-2023 06:08:21,31.834873,29.805432,28.057233,2536.672537,5.324829,254.776835,85.841870,15.349535,9.529301
16-Jun-2023 06:09:21,30.611351,28.423142,28.601550,2589.409248,3.266166,265.210691,85.815417,15.329307,8.061579
16-Jun-2023 06:10:21,33.029858,29.687417,29.056915,2638.177131,1.321498,217.305249,85.883883,15.325885,5.570704
16-Jun-2023 06:11:21,31.859174,30.905579,29.523421,2689.923631,2.250558,247.329145,85.955460,15.324640,6.020292
16-Jun-2023 06:12:21,31.815557,31.399199,30.067738,2737.693317,1.484865,179.578031,85.974132,15.324950,4.910106
16-Jun-2023 06:13:21,31.914629,31.458146,30.578631,2784.464806,2.265772,255.153937,86.055977,15.324950,5.313350
16-Jun-2023 06:14:21,32.727032,32.104675,31.089614,2833.224703,1.733070,234.084172,85.960440,15.324640,3.968984
16-Jun-2023 06:15:21,33.345272,32.150411,31.567172,2872.034578,2.724885,247.721334,85.876725,15.328375,8.374034
16-Jun-2023 06:16:21,34.881217,31.454406,31.989292,2904.879232,1.421151,157.118251,85.895087,15.320595,4.352193
16-Jun-2023 06:17:21,34.870500,31.458271,32.466850,2943.689107,2.046618,220.415116,85.938343,15.324017,4.702218
16-Jun-2023 06:18:21,34.872743,32.074143,33.055554,2969.562357,2.939062,174.913462,85.892285,15.324640,6.847450
16-Jun-2023 06:19:21,35.486497,32.167982,33.455480,3012.357032,1.146780,193.049011,85.911892,15.315302,3.469930
16-Jun-2023 06:20:21,35.484378,33.336175,33.899704,3033.255272,1.999008,212.761768,85.940832,15.309703,4.859386
16-Jun-2023 06:21:21,35.499706,35.721783,34.332965,3078.038354,3.494492,237.689901,85.818530,15.301300,10.124784
16-Jun-2023 06:22:21,36.102747,34.544617,34.843858,3112.871415,3.797965,203.109139,85.824133,15.302545,9.412208
16-Jun-2023 06:23:21,37.232430,35.688884,35.343699,3149.684897,3.525811,234.095602,85.856497,15.294765,7.033421
16-Jun-2023 06:24:21,36.664036,35.723902,35.899068,3194.467980,2.479852,194.214727,85.849963,15.296320,10.119774
16-Jun-2023 06:25:21,37.904009,37.520177,36.398909,3249.201084,0.890213,123.650116,85.954525,15.293830,1.995931
16-Jun-2023 06:26:21,38.532593,36.918761,37.009806,3297.968966,2.254332,224.499945,85.980667,15.307213,5.924487
16-Jun-2023 06:27:21,38.484116,36.896953,37.631845,3346.728863,1.376247,148.043023,85.997160,15.310325,4.588883
16-Jun-2023 06:28:21,39.093013,37.535007,38.087210,3385.538738,2.167269,127.659669,85.915625,15.313435,5.600136
16-Jun-2023 06:29:21,39.323560,36.944184,38.509330,3438.283434,1.104579,106.411134,85.989070,15.318415,2.674688
16-Jun-2023 06:30:21,40.620734,38.808755,39.042505,3481.078110,2.416826,198.011583,85.893530,15.310947,9.407827
16-Jun-2023 06:31:21,40.934404,38.851250,39.608926,3540.786224,1.153030,153.047400,86.027970,15.310635,6.264492
16-Jun-2023 06:32:21,40.315041,39.422633,40.275351,3602.490732,1.435114,154.859031,86.069360,15.306590,4.125523
16-Jun-2023 06:33:21,42.078171,40.619113,41.052921,3675.135471,1.849004,148.777338,86.008987,15.306278,6.540005
16-Jun-2023 06:34:21,42.730433,41.295304,41.763733,3746.790000,3.444356,211.940840,85.961685,15.295388,6.943255
16-Jun-2023 06:35:21,43.049088,41.839520,42.541303,3822.421343,3.176722,228.026104,85.991248,15.291340,8.029019
16-Jun-2023 06:36:21,43.902735,43.079121,43.307732,3897.054490,1.552506,182.356841,86.099548,15.290718,3.553838
16-Jun-2023 06:37:21,44.619304,43.113766,44.207410,3984.632248,0.927141,145.060992,86.144982,15.302855,3.021600
16-Jun-2023 06:38:21,45.851175,43.191404,45.329201,4072.202020,0.738149,248.506105,86.127555,15.316238,5.105468
16-Jun-2023 06:39:21,46.460946,45.005501,46.284496,4171.718206,1.624017,216.889244,86.042285,15.315925,4.881303
16-Jun-2023 06:40:21,46.997186,46.162606,47.417427,4270.244181,2.212327,260.548730,86.026103,15.320282,5.005905
16-Jun-2023 06:41:21,47.005785,48.076523,48.594835,4387.672003,1.764715,192.317812,86.009297,15.326818,6.811132
16-Jun-2023 06:42:21,49.562124,48.100076,49.961019,4511.073032,0.829266,126.981392,86.144360,15.349535,2.409195
16-Jun-2023 06:43:21,50.760597,48.066054,51.671602,4667.310730,0.815941,165.276282,86.078695,15.376610,4.563838
16-Jun-2023 06:44:21,50.760722,52.348883,53.437624,4822.558216,0.546241,116.345556,86.141560,15.386880,3.014085
16-Jun-2023 06:45:21,53.731923,53.671357,55.270315,4989.744131,1.081699,89.226818,86.122575,15.402130,2.453028
16-Jun-2023 06:46:21,54.284986,53.611415,57.103095,5154.941639,2.067905,242.111426,86.123197,15.401817,5.442344
16-Jun-2023 06:47:21,56.690289,56.669602,58.924645,5320.139147,0.790359,121.876163,86.122887,15.404308,3.555714
16-Jun-2023 06:48:21,59.315541,56.649414,60.690756,5479.363448,0.371624,158.505268,85.999650,15.406175,1.354115
16-Jun-2023 06:49:21,62.410239,58.555979,62.412391,5641.574352,1.926236,202.351647,85.876725,15.411153,7.178687
16-Jun-2023 06:50:21,62.463327,59.705851,64.156220,5793.835235,2.550978,218.662258,85.860855,15.392170,5.811152
16-Jun-2023 06:51:21,64.846693,59.764547,65.800133,5940.122911,2.720647,182.351584,85.781187,15.382523,10.297606
16-Jun-2023 06:52:21,64.580255,60.924643,67.277463,6074.472158,1.611064,176.216859,85.837515,15.379722,7.895020
16-Jun-2023 06:53:21,67.519306,64.042894,68.732510,6198.863398,1.556396,175.574944,85.760957,15.389370,5.988984
16-Jun-2023 06:54:21,69.750882,65.747451,70.098695,6318.287612,0.543439,122.857200,85.857743,15.396215,2.185659
16-Jun-2023 06:55:21,70.015700,67.047864,71.442686,6444.675245,1.052265,111.331243,85.821955,15.417690,2.492475
16-Jun-2023 06:56:21,71.008552,70.120132,72.820012,6571.054892,0.802221,189.446651,85.629320,15.439473,2.222601
16-Jun-2023 06:57:21,72.451035,68.351897,74.152951,6689.480911,1.690321,148.213886,85.419880,15.446630,4.102354
16-Jun-2023 06:58:21,73.469061,70.085986,75.341411,6803.922129,1.251735,131.334304,85.323095,15.450055,3.242007
16-Jun-2023 06:59:21,74.594758,73.263807,76.596539,6929.311566,1.481013,182.367895,85.392495,15.458145,4.229467
16-Jun-2023 07:00:21,77.037567,74.110978,77.829475,7043.760770,1.948864,96.130924,85.400897,15.467793,4.145558
16-Jun-2023 07:01:21,77.685845,71.327085,78.962406,7153.226977,0.751233,201.142270,85.318427,15.479307,3.202560
16-Jun-2023 07:02:21,79.562500,73.242373,80.039810,7258.716371,2.816263,252.896688,85.097155,15.487398,6.370941
16-Jun-2023 07:03:21,79.556892,78.663616,80.817380,7348.282535,1.843861,196.117642,85.043005,15.497358,4.034105
16-Jun-2023 07:04:21,80.145477,77.453673,81.461611,7411.967464,0.902958,138.572504,84.938442,15.516652,2.576383
16-Jun-2023 07:05:21,81.947988,80.380884,81.839255,7463.713965,4.666742,228.748714,84.693215,15.515717,10.157344
16-Jun-2023 07:06:21,82.731599,82.768611,82.205758,7501.533629,4.997091,254.235049,84.550372,15.497358,9.875568
16-Jun-2023 07:07:21,83.105089,81.577738,82.439011,7548.305118,0.880203,175.383910,84.776618,15.490823,4.729145
16-Jun-2023 07:08:21,83.707128,82.817712,82.872183,7588.113190,4.555889,243.883224,84.758877,15.492378,7.645805
16-Jun-2023 07:09:21,84.314777,82.147754,83.671946,7677.679355,3.248179,192.889477,84.803692,15.490200,8.437902
16-Jun-2023 07:10:21,86.769551,84.494230,84.671628,7784.158959,5.430279,194.834398,84.624750,15.486465,12.035830
16-Jun-2023 07:11:21,86.770424,84.570498,86.104482,7917.525981,1.541145,207.209713,84.691348,15.483043,4.066036
16-Jun-2023 07:12:21,88.038932,87.730498,87.670764,8074.761874,1.149133,157.935896,84.920393,15.486775,3.087344
16-Jun-2023 07:13:21,89.929551,87.712677,89.325819,8222.047746,2.603263,165.377229,84.771015,15.521007,6.512455
16-Jun-2023 07:14:21,90.499317,87.683890,90.803059,8386.247058,1.269076,149.192495,84.685435,15.528477,3.429230
16-Jun-2023 07:15:21,94.121907,92.645904,92.269248,8525.571316,3.879169,230.675456,84.563133,15.532523,6.134879
16-Jun-2023 07:16:21,92.871341,95.611001,93.602098,8644.987545,2.488633,247.684505,84.649957,15.525055,6.673375
16-Jun-2023 07:17:21,97.140590,95.638791,94.957230,8770.384967,3.149277,202.109206,84.532635,15.524120,8.238783
16-Jun-2023 07:18:21,98.325855,95.631189,96.256746,8902.737821,0.405376,188.890538,84.550682,15.539993,1.602701
16-Jun-2023 07:19:21,99.542151,98.701713,97.600737,9037.087068,0.941463,149.120323,84.408775,15.568622,2.798058
16-Jun-2023 07:20:21,100.186680,99.266865,99.166929,9190.338162,5.692648,248.057751,84.320082,15.577957,10.619452
16-Jun-2023 07:21:21,103.170070,102.431880,101.066290,9371.458898,6.608724,248.143614,84.433050,15.553995,8.882475
16-Jun-2023 07:22:21,106.883460,105.409590,103.298907,9592.387707,7.584025,246.494991,84.507115,15.530033,11.588124
16-Jun-2023 07:23:21,108.760090,105.353470,105.853551,9837.193372,5.719886,254.275726,84.442697,15.509805,10.325780
16-Jun-2023 07:24:21,111.770190,110.236460,108.597062,10114.843691,8.937162,251.664617,84.394460,15.489888,11.653244
16-Jun-2023 07:25:21,115.382550,112.065710,111.440576,10390.505603,3.080344,246.405101,84.676720,15.478372,7.813617
16-Jun-2023 07:26:21,116.816530,115.193020,114.095224,10665.169319,0.246131,178.690814,84.750788,15.507315,0.788687
16-Jun-2023 07:27:21,121.008710,116.412520,116.861017,10919.932991,2.007978,250.453837,84.490000,15.544970,8.619487
16-Jun-2023 07:28:21,123.564930,121.281790,119.715583,11177.683268,3.142706,197.071035,84.198402,15.579515,9.722787
16-Jun-2023 07:29:21,125.972780,124.303110,122.425759,11439.410358,0.384116,155.868544,84.059917,15.596320,0.965895
16-Jun-2023 07:30:21,129.621310,127.477830,125.158218,11702.127660,0.676814,252.038267,84.068943,15.620282,2.327797
16-Jun-2023 07:31:21,133.910760,131.116380,128.079453,11962.864539,1.311102,145.784444,84.065830,15.661673,3.187530
16-Jun-2023 07:32:21,138.228920,134.220000,130.934020,12210.656808,5.116577,217.215906,83.726620,15.687813,14.157907
16-Jun-2023 07:33:21,143.074500,140.366160,133.977453,12461.435681,9.720282,249.340621,83.880665,15.619660,12.137269
16-Jun-2023 07:34:21,144.303970,137.341100,136.465517,12676.391282,7.005241,259.476850,84.109087,15.574535,10.648878
16-Jun-2023 07:35:21,147.275420,142.273960,138.187152,12861.496819,6.317973,217.450665,84.283982,15.562398,11.476665
16-Jun-2023 07:36:21,150.346620,142.263990,139.786590,13054.555984,3.884854,250.910797,84.462613,15.586672,9.348969
16-Jun-2023 07:37:21,152.198310,148.377710,141.763761,13281.450014,1.803268,197.282032,84.182220,15.650157,8.328949
16-Jun-2023 07:38:21,152.840480,148.440060,143.474254,13486.455593,1.868095,228.094178,83.612720,15.688435,6.076645
16-Jun-2023 07:39:21,156.273290,150.144610,145.129309,13690.462976,5.514273,257.310983,83.419150,15.688125,8.606967
16-Jun-2023 07:40:21,156.808220,151.628460,146.817610,13892.481952,7.795460,255.614459,83.527760,15.664163,9.210584
16-Jun-2023 07:41:21,158.369400,153.174660,148.472576,14071.614282,6.600949,261.029032,83.837717,15.642377,9.945075
16-Jun-2023 07:42:21,159.418070,156.070040,150.360884,14248.750218,5.883506,244.914318,83.666868,15.630552,10.658898
16-Jun-2023 07:43:21,161.514170,156.089990,151.849266,14401.011101,2.607661,231.474089,84.033775,15.667272,5.954542
16-Jun-2023 07:44:21,162.693770,157.227190,152.693416,14527.398734,0.636756,166.432605,83.642595,15.706795,2.075453
16-Jun-2023 07:45:21,163.889570,158.997860,154.492772,14690.599849,6.646137,248.074718,83.119152,15.715510,9.418471
16-Jun-2023 07:46:21,165.735030,160.151270,155.881240,14840.872325,3.494762,243.498066,83.496330,15.711465,10.298853
16-Jun-2023 07:47:21,165.153960,161.445590,156.947502,14968.250168,6.398596,252.753172,83.285958,15.712710,8.808592
16-Jun-2023 07:48:21,167.626630,160.218600,158.413690,15120.511051,0.439352,225.351172,83.908050,15.717065,1.474965
16-Jun-2023 07:49:21,170.064390,160.312120,160.901754,15316.556820,1.279931,115.480743,83.541453,15.774015,3.194422
16-Jun-2023 07:50:21,175.005990,161.443090,165.555766,15601.178543,0.456823,195.771661,83.239275,15.844970,1.974014
16-Jun-2023 07:51:21,181.132200,165.738770,169.976525,15885.792280,3.543998,184.357441,82.687515,15.917480,10.186771
16-Jun-2023 07:52:21,192.192500,170.675390,177.696164,16291.834610,0.473422,175.177220,82.785855,15.942377,2.654653
16-Jun-2023 07:53:21,212.920310,169.828720,193.590984,16925.753195,1.108234,186.601476,82.355145,15.950780,2.694100
16-Jun-2023 07:54:21,238.888990,170.725270,211.740437,17576.593205,4.519410,266.911158,82.329938,15.968207,11.012052
16-Jun-2023 07:55:21,215.389240,171.909850,195.390340,17090.950703,2.650512,187.088072,82.546540,15.987813,8.604462
16-Jun-2023 07:56:21,212.482640,173.158030,193.379924,17110.850746,7.217145,247.027785,82.036163,15.991235,11.207414
16-Jun-2023 07:57:21,208.027330,176.210530,190.780804,17137.722193,3.025738,234.086225,82.338340,15.980342,6.255724
16-Jun-2023 07:58:21,214.179720,181.150900,194.601718,17373.576033,2.158214,189.529428,82.099958,15.983455,10.216826
16-Jun-2023 07:59:21,220.247330,182.325510,198.522636,17570.619998,1.030413,190.202352,82.121120,15.994970,2.748592
16-Jun-2023 08:00:21,212.349220,182.281870,195.012697,17512.900291,1.944783,161.011291,82.043008,16.017688,6.320221
16-Jun-2023 08:01:21,204.982320,182.357930,190.925195,17416.370708,1.889963,157.361781,81.914170,16.059388,6.590724
16-Jun-2023 08:02:21,202.554540,182.340480,188.837057,17385.514462,1.048722,160.267764,81.909813,16.111047,3.568239
16-Jun-2023 08:03:21,201.347510,185.555070,186.737689,17352.677794,1.116397,157.632588,81.710022,16.151505,3.212580
16-Jun-2023 08:04:21,195.899630,184.185940,183.772067,17308.892908,1.432977,101.311808,81.525790,16.172045,2.255161
16-Jun-2023 08:05:21,195.240010,186.722200,183.272226,17381.537647,1.725711,122.850279,81.435853,16.199430,3.554462
16-Jun-2023 08:06:21,200.134250,189.096370,186.026877,17596.493248,2.734902,168.070822,81.119983,16.181693,8.173033
16-Jun-2023 08:07:21,202.559530,192.172550,188.725912,17805.475642,2.247946,131.277409,81.258155,16.152437,3.759220
16-Jun-2023 08:08:21,205.639450,191.823410,190.336491,17996.546400,1.667332,216.099236,81.432427,16.155862,6.866232
16-Jun-2023 08:09:21,209.261790,196.410880,193.635460,18257.283280,3.194521,183.379309,81.570915,16.174532,8.218119
16-Jun-2023 08:10:21,218.426770,200.822550,197.845159,18570.756871,5.003191,233.810077,81.310125,16.185738,8.100402
16-Jun-2023 08:11:21,227.013190,206.902600,204.109661,18996.683273,4.709937,243.640730,81.582740,16.132210,8.099150
16-Jun-2023 08:12:21,236.466190,210.074810,211.473849,19492.275797,4.977420,244.699200,81.583050,16.110425,10.710246
16-Jun-2023 08:13:21,240.698280,211.839220,216.916483,19956.021863,4.429525,262.333649,81.884295,16.082730,7.449819
16-Jun-2023 08:14:21,246.760880,217.262130,222.625705,20418.769733,0.817615,161.247784,81.864067,16.098912,3.707248
16-Jun-2023 08:15:21,252.277350,218.534010,227.935001,20863.613953,0.674215,156.506422,81.764170,16.195695,1.441776
16-Jun-2023 08:16:21,256.490740,221.632670,233.144382,21341.286856,3.950560,235.128847,81.185958,16.261048,8.767264
16-Jun-2023 08:17:21,265.136980,224.786170,241.086133,21938.383973,4.719383,238.377078,80.939485,16.280975,10.615694
16-Jun-2023 08:18:21,268.159540,230.328780,246.040067,22450.897922,2.891872,243.389711,80.836475,16.300580,7.349633
16-Jun-2023 08:19:21,269.972580,233.138130,250.183097,22981.315521,5.917232,239.445947,80.477660,16.294045,8.434145
16-Jun-2023 08:20:21,290.184170,239.074780,266.233271,23999.364029,7.907334,243.715152,80.655977,16.231173,9.431620
16-Jun-2023 08:21:21,307.959240,245.750870,279.950913,24995.524087,2.954780,228.771872,81.574960,16.212500,7.268858
16-Jun-2023 08:22:21,333.870560,252.010510,304.142845,26401.687319,0.670468,112.734005,80.858260,16.282842,2.911393
16-Jun-2023 08:23:21,350.373750,256.798730,321.126031,27444.618867,0.779676,108.104190,80.729110,16.478587,2.764245
16-Jun-2023 08:24:21,353.426240,261.554530,326.035490,27934.238184,1.488252,168.059005,80.089277,16.577862,4.397279
16-Jun-2023 08:25:21,368.955600,266.018560,337.653764,28570.145176,2.662284,224.258292,79.054520,16.687095,6.598863
16-Jun-2023 08:26:21,388.304310,270.881600,350.949286,29204.063761,1.235229,194.878641,78.913232,16.725373,3.667173
16-Jun-2023 08:27:21,396.966760,275.361860,356.336392,29492.662298,2.686037,236.719931,78.518007,16.783567,7.890634
16-Jun-2023 08:28:21,382.065870,277.994130,343.362986,29078.674325,3.722372,225.519510,78.345600,16.835850,8.671459
16-Jun-2023 08:29:21,363.178540,284.011850,326.446468,28583.081801,3.880219,234.882042,78.047780,16.855455,9.918149
16-Jun-2023 08:30:21,393.366860,288.344940,347.294956,29478.727477,4.239758,199.173910,78.273090,16.852342,9.623224
16-Jun-2023 08:31:21,422.591310,289.580650,367.588163,30268.891745,3.742462,222.073968,78.329107,16.866657,7.462339
16-Jun-2023 08:32:21,439.848880,292.648100,380.128576,30744.576240,4.913890,224.790904,78.146430,16.871328,10.578124
16-Jun-2023 08:33:21,441.124520,292.656830,378.262550,30639.086847,6.217998,252.132733,77.723195,16.896223,11.410921
16-Jun-2023 08:34:21,440.443700,292.624410,379.073366,30691.831543,5.769055,246.554791,78.099750,16.862302,7.643300
16-Jun-2023 08:35:21,438.606940,293.448640,377.684988,30613.213597,5.993101,261.818194,78.732115,16.852655,10.531786
16-Jun-2023 08:36:21,401.864740,291.537090,351.360264,29650.896388,5.458148,235.400778,77.638238,16.930143,11.079678
16-Jun-2023 08:37:21,357.812990,289.561950,321.214894,28514.421861,2.275910,230.662147,77.783567,16.991763,4.818058
16-Jun-2023 08:38:21,353.961170,287.068080,316.449826,28432.817311,4.439121,232.811056,78.101928,16.996740,6.704683
16-Jun-2023 08:39:21,349.788940,287.061850,312.751020,28424.855697,2.982613,218.972631,77.284087,17.076098,5.183109
16-Jun-2023 08:40:21,361.970260,285.139080,322.392212,28981.146546,4.415601,246.786900,77.270708,17.053690,8.165523
16-Jun-2023 08:41:21,376.627980,284.040530,335.176841,29691.694671,1.476417,203.621788,77.480767,17.029418,6.019663
16-Jun-2023 08:42:21,393.370600,279.853310,350.727174,30517.682210,1.523857,235.182291,77.271950,17.134603,5.359064
16-Jun-2023 08:43:21,393.379330,276.642460,349.683105,30621.175211,2.145125,242.775551,76.103380,17.283980,4.884432
16-Jun-2023 08:44:21,402.413390,277.888140,356.902902,31023.224756,2.035463,187.639139,76.543420,17.286160,4.283315
16-Jun-2023 08:45:21,411.069610,279.863280,363.023014,31452.137761,1.191126,117.998868,76.393423,17.328172,4.441735
16-Jun-2023 08:46:21,405.609280,281.010460,358.713400,31446.164554,3.190169,218.959889,75.922573,17.354625,6.283903
16-Jun-2023 08:47:21,417.794320,282.847190,366.588481,31881.050767,2.836361,197.282885,76.081285,17.380765,6.032812
16-Jun-2023 08:48:21,437.384940,281.623950,380.428499,32471.184466,1.321512,189.754654,76.260228,17.525163,5.249482
16-Jun-2023 08:49:21,446.018730,281.357110,387.259511,32586.623881,3.103777,223.904712,75.028487,17.492175,4.871906
16-Jun-2023 08:50:21,423.845730,273.858060,369.998684,31694.955020,1.296668,176.729580,76.052655,17.478795,3.314643
16-Jun-2023 08:51:21,435.913560,269.751880,375.296928,31761.634538,0.354370,66.934288,75.604523,17.646533,1.163763
16-Jun-2023 08:52:21,462.410980,266.645770,394.534925,32452.274634,0.885442,193.105922,74.877865,17.781595,3.302746
16-Jun-2023 08:53:21,453.733530,262.449840,389.347738,32352.758448,0.613432,198.691356,74.104830,17.869042,2.861927
16-Jun-2023 08:54:21,458.733730,260.641780,390.269609,32437.349602,1.759464,211.995851,74.040410,17.940930,5.546283
16-Jun-2023 08:55:21,435.578140,256.400960,374.275053,31852.190913,2.671714,224.075228,73.698088,17.981385,8.891242
16-Jun-2023 08:56:21,390.475220,252.106520,340.430609,30448.016089,3.579401,230.033843,73.811055,18.008150,7.106680
16-Jun-2023 08:57:21,412.938770,252.120240,355.692161,31000.338109,1.827922,214.629448,73.332425,18.037713,3.740433
16-Jun-2023 08:58:21,380.261560,244.072490,331.733571,29870.827000,2.785702,251.664053,73.633358,18.004415,4.952681
16-Jun-2023 08:59:21,359.491360,242.574930,314.195015,28998.067971,5.522854,229.437386,73.913753,17.845702,8.599452
16-Jun-2023 09:00:21,346.129190,241.516280,302.165674,28370.122593,7.121185,232.392977,74.701413,17.670805,11.420312
16-Jun-2023 09:01:21,341.812300,240.432690,297.367271,28131.282149,4.926902,245.666366,76.230350,17.510538,8.095392
16-Jun-2023 09:02:21,374.176510,239.730660,323.791731,29171.227093,6.073569,234.862067,75.321017,17.571220,10.530533
16-Jun-2023 09:03:21,327.104710,238.475000,286.904122,27782.975497,6.309837,243.738117,75.634088,17.463233,8.946343
16-Jun-2023 09:04:21,345.447110,244.060020,299.933146,28625.876476,5.370297,233.329489,76.305350,17.416243,7.839291
16-Jun-2023 09:05:21,368.045340,247.107530,322.525551,29818.082303,1.439065,149.987409,76.218838,17.515205,4.349064
16-Jun-2023 09:06:21,353.984860,253.372160,315.394616,29782.259032,4.499392,244.420605,75.758257,17.611055,6.167440
16-Jun-2023 09:07:21,363.161080,260.629310,321.770263,30372.384745,3.967102,233.035247,75.669875,17.625370,6.623285
16-Jun-2023 09:08:21,371.080370,264.351410,329.289894,30996.353309,4.335544,227.913425,75.741762,17.613233,7.658954
16-Jun-2023 09:09:21,364.955420,267.282950,326.501996,31140.652578,5.662646,223.445410,76.188960,17.600785,8.839899
16-Jun-2023 09:10:21,356.471250,271.183360,319.859761,30930.671987,5.208314,230.530633,75.999750,17.532942,8.499889
16-Jun-2023 09:11:21,343.671470,271.617290,310.596213,30516.684014,5.982876,241.724294,76.170913,17.427445,7.657701
16-Jun-2023 09:12:21,352.235420,272.921610,315.838840,30785.382508,4.306689,229.520620,76.445392,17.403795,6.561293
16-Jun-2023 09:13:21,440.441200,283.480660,382.683309,33901.248512,3.612169,213.070717,76.246222,17.401305,6.918204
16-Jun-2023 09:14:21,404.980820,279.996710,359.502022,33262.354916,2.395739,217.792387,76.425475,17.482528,5.622052
16-Jun-2023 09:15:21,449.143550,289.682900,394.057278,34988.963142,5.910188,218.596730,76.240310,17.597363,9.652032
16-Jun-2023 09:16:21,445.366590,293.933730,387.914884,34895.412178,7.285659,236.525319,75.949957,17.566865,9.332062
16-Jun-2023 09:17:21,417.750680,293.952440,364.811318,33980.864655,5.773008,237.890020,76.120185,17.508980,8.921298
16-Jun-2023 09:18:21,468.841410,301.230780,400.155196,35348.218012,7.505808,248.031592,76.747570,17.494355,11.579985
16-Jun-2023 09:19:21,410.452380,293.979870,357.358268,33232.496866,5.439885,225.878042,76.199853,17.510538,8.798571
16-Jun-2023 09:20:21,369.242390,288.414770,328.634610,31987.538357,2.456173,233.898752,76.838130,17.553170,4.587002
16-Jun-2023 09:21:21,343.033040,280.450590,309.885312,31356.598390,2.780930,227.312020,76.333983,17.675785,5.429190
16-Jun-2023 09:22:21,336.324550,277.323280,309.507668,31809.404224,4.845397,241.610776,75.127760,17.743628,6.985206
16-Jun-2023 09:23:21,421.925450,284.617860,374.308298,35144.202643,1.991861,236.518956,75.427138,17.744250,5.201896
16-Jun-2023 09:24:21,442.931330,284.667740,395.301265,36504.592582,3.149020,206.563471,75.241660,17.848813,4.131157
16-Jun-2023 09:25:21,462.408490,285.851070,413.461859,37740.583295,4.408597,242.834036,74.935748,17.935950,7.717817
16-Jun-2023 09:26:21,513.872020,293.363840,451.649073,39800.573140,5.916656,256.677523,74.908052,17.958668,8.752233
16-Jun-2023 09:27:21,467.151820,295.145750,416.560820,38690.962074,1.347856,245.713050,73.902860,18.106800,3.943934
16-Jun-2023 09:28:21,548.450830,296.345300,480.905817,41703.311121,0.355184,160.236188,73.463752,18.286052,2.044769
16-Jun-2023 09:29:21,560.044840,296.334080,492.957352,42345.191321,1.132037,175.000941,72.728693,18.426405,3.641499
16-Jun-2023 09:30:21,540.211040,292.368790,477.606938,41750.082611,2.901697,272.287390,71.732833,18.529102,5.091690
16-Jun-2023 09:31:21,456.483010,286.490750,417.960339,39374.638753,2.869749,221.479957,72.329420,18.501095,6.271378
16-Jun-2023 09:32:21,427.579040,288.473370,397.356157,38764.605010,1.827611,212.626319,72.264067,18.534392,4.037233
16-Jun-2023 09:33:21,405.636710,294.003560,380.995009,38773.564821,1.398117,152.056315,71.810012,18.627753,4.972093
16-Jun-2023 09:34:21,624.510180,318.251440,550.115975,47040.371693,1.321944,187.819298,72.240728,18.592588,4.629582
16-Jun-2023 09:35:21,633.432020,318.312540,562.822972,48214.657899,0.947514,230.812123,71.833662,18.682837,3.097993
16-Jun-2023 09:36:21,635.286210,317.737710,567.299259,48866.488120,0.472984,251.347056,71.528995,18.759080,1.588300
16-Jun-2023 09:37:21,632.822270,313.501860,565.077783,48872.461327,3.362075,244.593178,71.215305,18.789267,5.516856
16-Jun-2023 09:38:21,631.643920,313.454470,564.988920,48994.864160,1.409915,292.554041,71.539887,18.703998,2.494980
16-Jun-2023 09:39:21,630.425670,310.431910,567.199255,49301.374333,0.956906,197.018475,71.327025,18.813543,2.333431
16-Jun-2023 09:40:21,630.978060,308.711140,568.343328,49407.861922,0.847942,195.681685,70.829725,19.066555,2.502495
16-Jun-2023 09:41:21,630.016670,310.517950,569.020894,49474.533455,0.731660,161.012338,69.805867,19.289375,1.956484
16-Jun-2023 09:42:21,634.717610,313.530540,572.964005,49912.422242,2.750220,152.691660,68.706382,19.387405,7.675860
16-Jun-2023 09:43:21,640.251530,315.907210,576.629476,50293.573548,4.329796,219.964247,69.311673,19.332323,7.302042
16-Jun-2023 09:44:21,643.302770,318.972170,579.584047,50576.198878,2.498248,210.577989,69.749228,19.176720,5.198139
16-Jun-2023 09:45:21,647.725640,323.190540,584.904484,50926.493937,1.738246,211.889647,69.722465,19.152448,5.046610
16-Jun-2023 09:46:21,653.123650,329.256910,589.958333,51242.954131,2.960133,186.144612,70.435743,19.148400,5.921358
16-Jun-2023 09:47:21,658.727370,336.727310,592.624122,51299.683628,4.007225,228.964236,69.305138,19.161783,7.011504
16-Jun-2023 09:48:21,664.742600,339.753610,599.355131,51768.404705,2.783696,282.789368,70.126095,19.123815,5.426061
16-Jun-2023 09:49:21,663.503150,339.766080,597.544633,51572.350951,2.945827,223.469029,69.574642,19.151202,4.359708
16-Jun-2023 09:50:21,661.677640,338.598950,594.645680,51333.518492,3.155869,206.598718,69.475992,19.271637,8.216242
16-Jun-2023 09:51:21,662.900880,342.848500,595.367633,51265.840778,6.397082,225.340373,69.899850,19.090827,8.818607
16-Jun-2023 09:52:21,662.892160,343.245020,592.313058,50960.328801,2.857827,241.489766,70.683148,18.938028,6.543134
16-Jun-2023 09:53:21,651.967750,339.738650,583.016176,50231.869040,1.958820,172.235683,69.557218,19.044770,3.871303
16-Jun-2023 09:54:21,633.676420,333.046340,565.944126,49364.069051,3.003018,181.187373,69.569975,19.113235,3.925151
16-Jun-2023 09:55:21,638.398560,330.488880,567.654709,49274.510872,3.404703,185.337062,69.397570,19.145288,4.953310
16-Jun-2023 09:56:21,628.045230,326.213150,555.136668,48989.889149,3.108003,211.746602,69.355553,19.307115,4.255765
16-Jun-2023 09:57:21,626.874360,326.228110,563.089560,49693.473856,3.327527,244.329595,69.119038,19.332323,5.550040
16-Jun-2023 09:58:21,659.918190,339.768570,591.946556,51258.877360,2.952351,241.490889,68.746840,19.327343,3.834985
16-Jun-2023 09:59:21,684.954220,362.041340,613.894729,52584.434237,4.226543,233.636008,69.455453,19.130350,5.438587
16-Jun-2023 10:00:21,710.315630,387.225680,627.845624,53135.758061,2.038946,203.198354,70.306280,19.080248,3.367238
16-Jun-2023 10:01:21,640.791450,400.350960,568.654391,50373.181705,3.030920,260.726267,69.100677,19.178275,5.153053
16-Jun-2023 10:02:21,562.547430,404.555620,510.840217,47244.379076,3.103987,264.660916,69.043728,19.231180,4.322762
16-Jun-2023 10:03:21,573.574090,403.368540,511.217861,46639.320345,2.196674,273.168775,69.271215,19.305870,3.565734
16-Jun-2023 10:04:21,535.422820,391.376760,480.483787,44445.979449,3.666384,226.333508,69.393835,19.389583,5.568199
16-Jun-2023 10:05:21,534.424000,388.960200,500.843574,45686.945173,6.490120,230.176302,69.225470,19.356907,8.762882
16-Jun-2023 10:06:21,666.610510,393.083810,584.282445,49884.560585,5.938628,253.738995,70.155348,19.299645,8.604462
16-Jun-2023 10:07:21,764.864110,384.080910,664.499980,53762.705243,1.931767,130.922148,69.592070,19.586885,6.734115
16-Jun-2023 10:08:21,580.872410,372.514340,534.021325,49029.697221,2.810810,191.363650,67.299125,19.850472,6.278270
16-Jun-2023 10:09:21,694.802500,387.195750,634.421190,53847.296397,4.472210,271.496621,68.044145,19.802860,9.730302
16-Jun-2023 10:10:21,694.770080,404.531930,622.802827,53669.162264,4.944543,246.094730,67.379728,19.747155,7.566283
16-Jun-2023 10:11:21,680.020060,422.924240,602.276456,51888.819130,2.856064,250.044597,67.746635,19.699540,5.231952
16-Jun-2023 10:12:21,544.459340,428.435690,497.989008,46901.047435,3.112505,236.553728,66.951200,19.796325,5.515604
16-Jun-2023 10:13:21,681.319370,432.756330,556.980500,48206.696285,4.583091,223.548233,68.090825,19.674023,5.203773
16-Jun-2023 10:14:21,522.550680,431.006880,473.230655,44577.342092,1.596925,167.131868,68.466135,19.773608,2.894487
16-Jun-2023 10:15:21,482.694890,438.277750,457.569266,43271.685257,1.479097,216.415980,67.580142,19.940100,3.620835
16-Jun-2023 10:16:21,494.429800,435.902340,465.177759,43045.789424,1.771097,113.233626,66.378895,20.176302,3.736675
16-Jun-2023 10:17:21,503.576070,426.611420,460.168475,42046.642762,1.580155,245.400822,64.699645,20.416552,4.301474
16-Jun-2023 10:18:21,474.824220,416.208220,439.642014,40440.456947,3.385393,301.536191,64.723608,20.416863,6.770433
16-Jun-2023 10:19:21,442.994920,409.261560,411.495830,38470.041252,4.522612,292.889045,65.767692,20.255970,6.689029
16-Jun-2023 10:20:21,431.937090,410.735440,399.544299,37473.881194,3.080836,269.532659,66.141757,20.198710,6.543763
16-Jun-2023 10:21:21,439.256590,405.821250,420.581742,38640.213771,1.029043,212.289065,66.092587,20.274955,3.496856
16-Jun-2023 10:22:21,421.441640,403.321150,398.178114,37295.747061,1.372082,188.394541,65.993003,20.404725,3.081710
16-Jun-2023 10:23:21,432.544350,414.955060,401.154878,37800.291409,0.277787,145.055747,64.240310,20.477235,0.775538
16-Jun-2023 10:24:21,456.879540,428.429450,426.490793,40097.125306,1.167190,241.773617,64.268007,20.420907,5.538144
16-Jun-2023 10:25:21,473.029880,446.268120,439.908602,41722.220953,5.131504,280.400434,65.213752,20.166033,7.193094
16-Jun-2023 10:26:21,867.918460,476.506330,754.891972,57214.923499,2.623457,273.562127,65.400785,20.054623,4.113627
16-Jun-2023 10:27:21,809.795010,483.226080,734.154451,57108.443895,0.409766,129.268282,65.341967,20.118107,1.609588
16-Jun-2023 10:28:21,576.846070,478.459030,547.494573,50134.341261,1.473718,208.960783,65.384290,20.309497,3.058541
16-Jun-2023 10:29:21,667.240210,485.829670,585.437659,51651.967094,3.548300,229.587367,65.310848,20.504623,6.655216
16-Jun-2023 10:30:21,649.592300,479.682270,625.624148,52978.522168,7.440060,227.356261,65.909913,20.389788,10.880558
16-Jun-2023 10:31:21,542.171220,476.543740,503.131720,46181.547485,6.066632,229.356408,65.929518,20.209603,11.146051
16-Jun-2023 10:32:21,537.826910,469.507280,493.457193,44723.629768,1.311840,216.562398,65.425680,20.301095,5.110478
16-Jun-2023 10:33:21,513.934370,461.237570,470.675921,42583.033568,1.034203,212.786145,64.881388,20.359600,3.142450
16-Jun-2023 10:34:21,470.099570,449.976500,429.456505,39823.459787,0.963149,268.107226,65.029207,20.416240,3.767983
16-Jun-2023 10:35:21,451.424210,437.070710,415.794391,38820.336311,4.602972,287.483386,65.282218,20.388543,6.854965
16-Jun-2023 10:36:21,455.015370,446.688340,417.582696,39045.241933,1.747873,154.360843,65.092695,20.288957,4.767339
16-Jun-2023 10:37:21,463.704050,451.738430,431.744650,40222.522728,0.205125,272.217568,64.607530,20.389165,0.205418
16-Jun-2023 10:38:21,497.525930,471.127040,460.512784,42305.383249,3.571970,208.653967,64.563650,20.469768,7.638295
16-Jun-2023 10:39:21,512.711100,476.526280,471.575600,43231.885171,7.437033,232.229406,65.540203,20.105660,9.631992
16-Jun-2023 10:40:21,494.406110,478.598680,457.380488,42551.195097,3.664815,229.175586,67.619975,19.898710,5.675900
16-Jun-2023 10:41:21,524.333820,479.431630,477.773522,43872.767174,1.135898,172.263061,66.280865,20.110640,2.860674
16-Jun-2023 10:42:21,538.080040,471.110830,503.087244,45052.036377,3.204640,217.198659,65.876612,20.226408,5.050362
16-Jun-2023 10:43:21,471.719330,459.158930,434.976861,40884.302971,2.090888,206.076727,65.591553,20.402548,4.553189
16-Jun-2023 10:44:21,454.384430,448.673450,417.938146,39675.183704,4.068554,225.094064,64.480558,20.474435,7.970161
16-Jun-2023 10:45:21,447.286860,435.825030,411.418108,39265.172545,2.885193,298.008151,64.981595,20.452962,4.759824
16-Jun-2023 10:46:21,454.990430,428.448160,420.748326,40142.906585,2.991360,192.396797,65.084603,20.440202,6.556283
16-Jun-2023 10:47:21,444.241850,429.716290,411.084851,39851.321444,3.566720,210.882263,65.353482,20.334395,6.041579
16-Jun-2023 10:48:21,456.859590,442.351500,431.189281,41626.689567,3.284178,198.327552,65.437817,20.272152,6.643320
16-Jun-2023 10:49:21,480.345630,443.158270,456.936175,43615.016898,5.266335,222.165167,65.131282,20.356490,8.320181
16-Jun-2023 10:50:21,512.080150,438.260290,488.392202,45164.489188,3.813077,214.564120,65.900888,20.202133,8.910030
16-Jun-2023 10:51:21,481.505280,428.451900,459.757496,43468.729223,2.674373,258.925224,65.812817,20.192797,5.973325
16-Jun-2023 10:52:21,461.190180,435.882390,442.352190,42380.024382,4.233627,225.213933,66.155763,20.185950,7.434165
16-Jun-2023 10:53:21,480.863110,449.037560,451.626880,43033.843010,5.260073,259.880104,65.039167,20.234497,8.309537
16-Jun-2023 10:54:21,559.493690,459.135240,507.807925,46359.681618,6.660070,243.148701,66.298293,20.162297,9.410332
16-Jun-2023 10:55:21,494.402370,447.426520,471.297960,44163.354119,5.374920,211.063544,67.200785,19.954728,10.005810
16-Jun-2023 10:56:21,552.777680,444.406450,501.843256,45654.108504,2.171750,200.322151,66.650885,20.134603,6.248214
16-Jun-2023 10:57:21,604.094110,440.138170,567.765765,49362.080644,3.525139,223.573829,65.591553,20.395390,7.122334
16-Jun-2023 10:58:21,696.645470,439.909980,624.069097,51874.884309,3.670718,186.859711,64.933358,20.431800,5.729125
16-Jun-2023 10:59:21,566.207180,438.286470,534.143523,47705.138539,3.904744,223.308087,65.195080,20.483770,7.352762
16-Jun-2023 11:00:21,505.971430,446.285580,485.981949,45440.151100,2.251722,206.460088,65.589372,20.492795,5.226318
16-Jun-2023 11:01:21,689.403270,472.280470,657.524577,54060.263591,5.489720,256.630657,64.192072,20.626613,10.387143
16-Jun-2023 11:02:21,553.990950,471.171930,523.169391,48117.138105,4.354589,255.537600,64.365725,20.602340,7.874356
16-Jun-2023 11:03:21,625.094990,457.888310,568.543246,49839.777503,2.026651,223.302754,64.328692,20.630348,4.096092
16-Jun-2023 11:04:21,542.168730,438.270260,516.793833,47084.156579,1.807182,195.562167,64.597570,20.678272,3.909497
16-Jun-2023 11:05:21,488.900870,417.375350,458.635617,43367.224629,4.694891,210.150005,64.138235,20.696945,10.816690
16-Jun-2023 11:06:21,443.383970,404.546890,423.880621,41211.711383,5.066017,220.937224,64.286057,20.533253,7.380941
16-Jun-2023 11:07:21,421.400490,401.572950,401.721388,40200.626292,5.673657,222.632154,64.687507,20.446427,7.208747
16-Jun-2023 11:08:21,430.081660,400.329760,412.662185,41838.658565,2.584842,238.539806,64.924023,20.260950,4.183758
16-Jun-2023 11:09:21,651.937820,423.551450,637.486816,56117.258847,1.711289,241.309470,64.654832,20.298295,2.882591
16-Jun-2023 11:10:21,463.079340,390.139800,464.544669,47253.330901,1.393509,188.025954,63.599535,20.611987,2.220724
16-Jun-2023 11:11:21,505.929030,380.473540,550.860122,52740.671935,1.338909,225.268197,63.048395,20.833563,2.346579
16-Jun-2023 11:12:21,395.883170,369.332170,399.722024,44888.827276,1.557962,165.605273,62.242380,21.065407,2.977767
16-Jun-2023 11:13:21,767.331840,367.507910,717.837690,62295.231991,1.510349,174.593894,61.889475,21.220700,4.050382
16-Jun-2023 11:14:21,822.723250,363.258340,772.030690,66782.420181,2.688373,129.193549,61.719870,21.333665,4.533783
16-Jun-2023 11:15:21,809.165310,369.296010,757.380036,66276.869650,1.746731,164.116650,61.431695,21.459080,4.823068
16-Jun-2023 11:16:21,707.315510,367.535340,644.651086,61812.576093,7.849048,184.835573,61.358250,21.357628,10.780372
16-Jun-2023 11:17:21,835.860970,373.695190,785.448410,69383.775843,6.600272,170.534755,61.833147,21.154102,8.343350
16-Jun-2023 11:18:21,710.957800,382.371370,650.971205,61836.460935,5.508298,165.698819,62.976195,21.008457,6.568179
16-Jun-2023 11:19:21,820.105940,367.556540,758.946228,66362.459000,6.232137,191.720762,62.282213,21.023708,13.010136
16-Jun-2023 11:20:21,451.431690,369.354620,452.659807,50500.567535,4.516974,183.483813,62.759597,20.934393,7.387827
16-Jun-2023 11:21:21,510.224720,375.116690,513.050641,53796.540108,4.235464,168.470497,63.241028,20.998500,7.730966
16-Jun-2023 11:22:21,829.297110,390.758280,761.523066,66455.003783,5.685136,169.428663,62.115720,21.090305,6.641444
16-Jun-2023 11:23:21,839.580590,387.849140,782.760427,68735.930422,4.493601,159.143114,61.762815,21.094972,6.666489
16-Jun-2023 11:24:21,821.288030,386.667050,768.220829,68254.264734,2.943218,165.154687,62.085845,21.177130,4.762958
16-Jun-2023 11:25:21,818.855270,382.376360,764.244383,67749.720385,2.482065,215.154374,62.298085,21.260845,4.398531
16-Jun-2023 11:26:21,552.823820,382.415010,540.974535,56311.316209,3.479357,218.727404,61.322772,21.574850,11.193013
16-Jun-2023 11:27:21,878.903950,407.633050,815.716067,71770.175905,8.083859,224.154329,60.938750,21.392795,10.216202
16-Jun-2023 11:28:21,881.720820,413.149500,826.745637,73606.250338,5.422095,261.527636,62.156798,21.159080,8.933823
16-Jun-2023 11:29:21,880.057360,411.997330,832.821450,74329.735088,1.591914,264.580317,61.784912,21.320905,3.278954
16-Jun-2023 11:30:21,881.850500,410.120700,838.852699,74687.991761,2.833660,290.017256,60.884910,21.556490,4.644613
16-Jun-2023 11:31:21,863.645220,410.149380,818.870555,72643.933130,1.906836,244.332788,60.562505,21.836570,5.319613
16-Jun-2023 11:32:21,874.624470,421.876820,829.589151,73341.536644,5.420582,227.322423,60.157320,21.907215,7.685257
16-Jun-2023 11:33:21,917.588930,460.449510,862.800237,75567.714209,6.558213,238.134772,60.551612,21.779620,10.606927
16-Jun-2023 11:34:21,905.832810,443.241810,852.892457,72738.466320,4.693032,210.167152,60.466343,21.753793,8.507404
16-Jun-2023 11:35:21,482.755990,416.324190,485.582023,51398.201617,2.995451,262.166423,60.227962,21.726405,4.238858
16-Jun-2023 11:36:21,783.348730,431.635340,694.623246,59718.751383,3.062491,161.011370,60.498087,21.697152,4.932022
16-Jun-2023 11:37:21,443.647070,425.504150,442.352190,48505.244843,3.861277,141.254926,59.244873,21.776820,6.707817
16-Jun-2023 11:38:21,470.645720,405.923500,489.980588,51517.617847,3.038657,188.577514,59.821220,21.769040,5.382857
16-Jun-2023 11:39:21,857.693580,392.360590,804.653073,66735.648691,4.579069,200.581253,60.604207,21.803582,8.605714
16-Jun-2023 11:40:21,524.977240,371.949480,484.726731,49346.157415,4.705684,221.551947,59.382425,21.902545,8.812349
16-Jun-2023 11:41:21,577.306180,341.722520,526.057382,50047.761700,2.832406,246.391980,58.985643,22.011155,7.875609
16-Jun-2023 11:42:21,554.034590,336.173670,499.066411,47621.545582,3.239969,254.948376,57.900472,22.250470,4.579492
16-Jun-2023 11:43:21,739.793220,334.935440,673.852391,56310.325998,2.820297,182.008126,58.252132,22.261985,9.165503
16-Jun-2023 11:44:21,447.299330,347.960930,478.806538,45581.463765,3.366398,226.239207,58.849020,22.126923,7.300790
16-Jun-2023 11:45:21,376.777610,334.935440,360.312838,37960.513907,3.856069,208.931431,58.760948,22.117275,7.365910
16-Jun-2023 11:46:21,622.350490,327.563580,566.110799,47692.201914,4.661566,257.304338,59.555765,21.954517,8.323939
16-Jun-2023 11:47:21,382.795320,312.427000,370.554053,35988.101819,1.582725,256.548921,58.887612,22.091135,3.109261
16-Jun-2023 11:48:21,309.847100,305.740950,296.101090,31781.534581,5.246088,250.302824,59.342903,22.123810,8.181177
16-Jun-2023 11:49:21,326.557300,316.024420,304.531541,32915.030490,7.296356,226.975127,60.598605,21.648915,9.694608
16-Jun-2023 11:50:21,364.427970,328.150880,345.073480,36775.279483,3.052562,187.733515,60.472880,21.570492,5.543778
16-Jun-2023 11:51:21,749.377180,336.107580,664.577702,53209.393012,2.920269,249.309604,60.494353,21.662920,5.509970
16-Jun-2023 11:52:21,348.043230,344.111640,336.331966,35807.979278,6.726860,274.824147,59.794145,21.804828,12.149165
16-Jun-2023 11:53:21,344.958310,334.901780,333.333009,35974.174983,6.876775,239.041291,59.535225,21.754413,11.375855
16-Jun-2023 11:54:21,368.675040,347.893600,352.182221,38053.066675,4.921062,277.528425,59.927340,21.559913,7.768536
16-Jun-2023 11:55:21,388.180870,360.111090,375.885542,40142.906585,1.022937,255.079235,59.332010,21.698708,2.506253
16-Jun-2023 11:56:21,898.695340,396.140040,825.124005,65811.135176,2.533437,248.928862,59.328897,21.793625,5.454240
16-Jun-2023 11:57:21,683.131200,387.258100,615.616364,54854.396688,2.231361,140.415996,59.384603,22.112298,8.057193
16-Jun-2023 11:58:21,410.539670,385.380220,399.255518,41702.320910,6.844839,220.889140,59.213753,22.288438,10.868662
16-Jun-2023 11:59:21,407.432290,381.165580,397.822664,41639.626192,2.640887,137.025289,58.076302,22.336363,6.684019
16-Jun-2023 12:00:21,448.515090,398.951900,433.377423,45211.260677,3.468511,193.806301,58.095907,22.385223,6.997726
16-Jun-2023 12:01:21,745.896990,427.845890,686.981329,61771.769825,3.871349,239.234030,59.257945,22.400470,7.576303
16-Jun-2023 12:02:21,954.001970,421.789530,880.483183,72944.470096,2.376487,201.364413,58.340512,22.435015,5.932626
16-Jun-2023 12:03:21,947.273520,396.142530,872.630295,71712.456197,3.467498,207.775967,57.647777,22.567585,9.672067
16-Jun-2023 12:04:21,400.124020,374.329880,378.240357,41803.825504,3.268836,258.383060,56.661575,22.599017,6.441695
16-Jun-2023 12:05:21,490.045550,387.427680,456.958369,48665.467340,1.785909,199.572383,57.363650,22.434393,5.669014
16-Jun-2023 12:06:21,875.997350,405.852430,799.743614,69466.378590,4.052623,232.659462,57.733667,22.425677,7.096660
16-Jun-2023 12:07:21,483.969250,402.788710,500.121621,52676.987006,3.131944,194.024231,57.836365,22.539267,6.238818
16-Jun-2023 12:08:21,834.140200,438.909940,764.999670,69085.227285,2.810157,226.401747,57.471635,22.545180,5.803013
16-Jun-2023 12:09:21,976.128890,438.887500,907.940660,78192.954714,2.394590,176.801002,57.799332,22.595283,5.832440
16-Jun-2023 12:10:21,975.535350,427.458090,904.775030,78191.956518,5.219323,183.738579,55.665095,22.655035,7.434165
16-Jun-2023 12:11:21,834.167630,410.797780,777.950883,70862.591800,4.595664,175.357845,55.779618,22.664370,6.626413
16-Jun-2023 12:12:21,919.489250,418.700840,841.207514,73530.618995,3.576863,255.174289,56.763650,22.760220,5.870639
16-Jun-2023 12:13:21,846.996090,424.844520,792.668207,71307.428034,3.212130,226.490260,57.115933,22.899640,4.889442
16-Jun-2023 12:14:21,1005.409400,424.833300,919.625603,78776.117010,3.186060,299.754464,56.098290,22.968415,7.592580
16-Jun-2023 12:15:21,657.484180,387.307970,641.096760,62080.276390,2.390424,211.426409,55.965718,23.146112,8.508657
16-Jun-2023 12:16:21,758.089520,403.794990,713.539128,67889.044643,6.193905,199.963056,54.922565,23.220800,11.564955
16-Jun-2023 12:17:21,913.395490,402.813650,839.774660,74702.916794,6.987136,225.161340,55.906900,22.701715,10.067178
16-Jun-2023 12:18:21,877.124570,411.996090,822.591466,75143.776214,4.477056,204.274163,56.932322,22.559495,7.749125
16-Jun-2023 12:19:21,977.315970,420.003930,907.762935,81017.227592,1.261737,167.979998,55.004100,22.828685,4.201288
16-Jun-2023 12:20:21,969.986470,408.268980,908.729282,81270.993068,1.523973,214.952486,54.293625,23.136775,4.027842
16-Jun-2023 12:21:21,957.116840,403.392230,894.978306,79966.334430,2.788377,238.414012,53.468622,23.292688,6.736620
16-Jun-2023 12:22:21,966.904050,404.040630,901.154035,80552.483329,5.654610,212.000717,53.616442,23.213955,7.853692
16-Jun-2023 12:23:21,965.155850,402.859790,898.610443,80363.400978,2.562432,176.952114,53.210948,23.360530,5.687173
16-Jun-2023 12:24:21,968.170930,396.797170,902.853476,80668.920940,3.430001,222.910647,52.961050,23.696940,10.302611
16-Jun-2023 12:25:21,973.692350,404.043130,908.418308,80922.686416,4.502368,219.951495,53.668420,23.567170,6.672123
16-Jun-2023 12:26:21,995.724470,424.242250,925.645800,82169.625347,4.691466,207.695247,54.747358,23.349015,9.760357
16-Jun-2023 12:27:21,1009.704000,447.558700,933.654309,82321.886230,6.528142,203.204544,53.880970,23.330033,9.949457
16-Jun-2023 12:28:21,1024.492400,456.751100,951.848237,83595.696608,9.777523,229.002450,54.987295,22.835220,11.618179
16-Jun-2023 12:29:21,1036.131400,459.913330,964.255222,84473.430648,4.937492,215.456109,55.378165,22.778582,10.831720
16-Jun-2023 12:30:21,1037.338800,460.511850,970.697450,84703.311281,6.269115,172.211828,53.437503,22.956590,9.687098
16-Jun-2023 12:31:21,1044.110600,473.019900,973.396573,84526.175344,6.232402,261.463163,52.720180,23.017585,8.943843
16-Jun-2023 12:32:21,1033.081600,454.981710,963.111150,83251.374756,3.098541,136.775483,53.288125,23.303893,6.093551
16-Jun-2023 12:33:21,997.764490,411.432470,931.699420,79829.996775,2.762052,222.410307,52.512607,23.514265,7.505548
16-Jun-2023 12:34:21,957.143030,371.317290,891.723902,74648.183690,0.537805,146.987271,52.035223,23.840092,1.300890
16-Jun-2023 12:35:21,917.651270,333.168540,843.862162,67915.916090,3.592499,201.242090,49.936160,24.096213,7.558768
16-Jun-2023 12:36:21,287.869860,283.758720,261.257143,28013.854327,2.718290,200.948151,50.675265,24.014368,5.005905
16-Jun-2023 12:37:21,259.760190,256.068030,229.945417,23822.228093,4.615824,298.870804,52.332732,23.582107,7.270111
16-Jun-2023 12:38:21,238.967540,233.499740,212.651256,21527.382603,4.331214,316.800995,52.715512,23.339057,5.974577
16-Jun-2023 12:39:21,224.029280,219.526560,200.633056,20105.296143,3.754915,288.997034,53.487918,23.305138,6.360297
16-Jun-2023 12:40:21,214.259520,211.603550,192.313662,19189.750424,2.702869,214.291076,54.668935,23.230138,7.640795
16-Jun-2023 12:41:21,210.587300,209.076000,189.103645,18799.647293,1.534662,161.277508,54.932835,23.195283,6.851207
16-Jun-2023 12:42:21,205.088310,201.734060,189.136890,18810.587526,1.910371,238.020046,55.620905,23.131175,5.833068
16-Jun-2023 12:43:21,208.748060,204.767850,191.936018,19103.170863,2.015466,177.026538,55.457523,23.097253,5.544406
16-Jun-2023 12:44:21,208.085940,202.292690,194.468469,19427.592671,1.225746,123.135596,55.110843,23.097253,2.716645
16-Jun-2023 12:45:21,215.507700,208.438820,201.666073,20138.140796,6.765110,223.038037,55.329307,22.970593,13.352037
16-Jun-2023 12:46:21,224.047980,219.465460,208.097248,20786.984414,10.927524,248.687934,55.110532,22.593105,13.836061
16-Jun-2023 12:47:21,231.333820,225.567990,213.839716,21380.096731,10.609485,242.491708,55.906588,22.137193,14.544251
16-Jun-2023 12:48:21,236.543500,232.842610,218.993569,21876.687451,6.306131,252.053339,56.971222,21.994350,10.781625
16-Jun-2023 12:49:21,240.180810,235.683120,224.047418,22361.331757,5.466032,248.985643,56.993630,22.019557,8.067842
16-Jun-2023 12:50:21,241.387850,238.669520,228.623709,22785.269752,3.371826,239.337873,57.022260,22.033562,4.622067
16-Jun-2023 12:51:21,241.376630,236.812840,233.355442,23193.284518,3.599700,230.310722,58.162195,21.924643,4.918244
16-Jun-2023 12:52:21,241.366650,235.650700,239.308970,23702.811863,2.118944,223.533529,57.822050,21.967588,4.659014
16-Jun-2023 12:53:21,243.833080,233.909980,245.562420,24241.191077,3.016792,201.984700,55.985012,22.095180,4.834965
16-Jun-2023 12:54:21,249.990440,238.686980,253.548646,24919.892744,1.673188,180.619346,56.338235,22.168003,3.451771
16-Jun-2023 12:55:21,257.211460,246.007730,260.790637,25540.874704,1.485751,219.202562,56.545185,22.367173,3.555091
16-Jun-2023 12:56:21,271.140960,251.598980,269.187841,26301.180922,2.378364,217.085817,56.027023,22.556695,5.604517
16-Jun-2023 12:57:21,284.207620,261.974750,278.595780,27178.906977,1.609628,217.194079,56.399855,22.520905,3.569492
16-Jun-2023 12:58:21,297.230620,266.215580,287.092989,28037.739170,2.595726,231.656889,55.287295,22.585948,5.636454
16-Jun-2023 12:59:21,302.056250,271.087340,294.135061,28840.832077,2.187202,215.751491,55.274225,22.608665,5.406026
16-Jun-2023 13:00:21,306.838250,282.297300,299.399970,29502.612320,2.064832,214.901960,56.313340,22.628582,7.103551
16-Jun-2023 13:01:21,314.460750,292.801480,299.888670,29725.529535,1.721224,218.999248,55.261465,22.737193,3.235744
16-Jun-2023 13:02:21,318.024500,299.541190,299.833142,30040.999519,1.432037,276.339524,55.121113,22.749640,4.122394
16-Jun-2023 13:03:21,316.223930,293.489780,299.177769,30406.219610,1.063836,245.890681,55.180865,22.768000,3.746066
16-Jun-2023 13:04:21,324.661930,296.450040,305.231300,31285.942057,2.333040,224.188462,53.794145,22.879100,6.431680
16-Jun-2023 13:05:21,773.320860,299.488820,680.161369,55899.316643,0.944114,217.097165,54.398190,22.897150,2.739185
16-Jun-2023 13:06:21,318.630510,256.516920,334.599279,34129.140738,1.497331,202.251645,53.712920,22.953788,3.278325
16-Jun-2023 13:07:21,305.551410,273.740840,307.919283,32022.363432,4.075429,319.320718,51.468523,23.068310,5.910086
16-Jun-2023 13:08:21,330.253210,292.811450,322.358878,33770.884065,4.730082,290.766211,52.131072,23.120905,6.466117
16-Jun-2023 13:09:21,454.953030,304.528930,412.850962,42295.433228,2.458618,263.329511,52.728893,23.010427,4.952057
16-Jun-2023 13:10:21,990.199310,344.651560,941.596148,78772.140195,4.543904,286.155995,53.445905,22.935740,8.040287
16-Jun-2023 13:11:21,984.050650,353.656920,952.259216,81392.405690,2.471460,197.709188,50.697673,23.240095,6.318969
16-Jun-2023 13:12:21,987.745350,374.672790,951.515069,81725.779324,1.307626,131.171415,51.055245,23.282418,4.673415
16-Jun-2023 13:13:21,1009.679100,393.668620,970.786312,84091.289131,1.972713,205.860206,51.087923,23.363330,2.863179
16-Jun-2023 13:14:21,1013.687400,403.982030,971.686080,84226.628589,3.983482,267.941965,49.274853,23.545385,8.987047
16-Jun-2023 13:15:21,1016.662500,424.183650,968.309390,84104.225757,3.091923,247.959925,50.024853,23.459493,6.113587
16-Jun-2023 13:16:21,998.088690,401.658990,967.498574,83846.483466,2.187796,223.205739,49.080353,23.489990,4.413556
16-Jun-2023 13:17:21,987.135600,376.322480,955.302649,82205.448619,1.549479,217.920236,49.257425,23.530448,4.263280
16-Jun-2023 13:18:21,992.609640,367.591450,950.159937,80532.583286,0.806123,163.980102,48.637510,23.844140,2.980272
16-Jun-2023 13:19:21,885.672350,387.304230,849.693492,74657.143501,0.812674,157.053035,48.454835,24.010942,1.871323
16-Jun-2023 13:20:21,981.102900,362.131120,929.944451,77009.708698,1.615954,154.029740,47.351923,24.346743,3.350332
16-Jun-2023 13:21:21,537.265790,304.639910,549.327353,45250.070553,2.130535,190.613941,45.992278,24.761263,3.558219
16-Jun-2023 13:22:21,285.977010,281.899520,259.113477,26868.419989,0.346886,134.655554,44.688023,24.935225,1.259562
16-Jun-2023 13:23:21,252.993090,251.721220,228.123868,22974.352103,3.773114,57.489627,43.458150,24.660123,6.367183
16-Jun-2023 13:24:21,232.406180,231.798930,208.730338,20607.852084,3.468779,88.770836,44.676510,24.324335,4.131157
16-Jun-2023 13:25:21,217.348170,214.606170,198.211661,19403.707828,1.918521,144.030114,45.960848,24.137303,4.699090
16-Jun-2023 13:26:21,212.387870,206.033490,198.711502,19422.617661,5.651373,201.616340,46.796425,23.864368,11.069034
16-Jun-2023 13:27:21,221.555360,215.223400,206.919841,20166.002453,4.567228,223.313969,47.928892,23.598600,7.261343
16-Jun-2023 13:28:21,219.733550,210.938940,212.351334,20775.037999,0.700439,108.009074,48.755145,23.659595,2.149341
16-Jun-2023 13:29:21,225.890950,209.019890,225.191491,22182.199427,2.479636,235.330114,48.779730,23.727437,7.830523
16-Jun-2023 13:30:21,252.981870,228.641680,251.971401,24955.716016,4.356545,243.779568,49.787093,23.480965,7.623888
16-Jun-2023 13:31:21,309.252310,249.844550,306.497570,30552.507286,1.740909,196.797714,50.600887,23.332833,3.298989
16-Jun-2023 13:32:21,705.880290,262.013400,711.539764,59022.138079,2.110099,184.599751,49.675060,23.411257,7.577555
16-Jun-2023 13:33:21,857.098790,287.256370,758.301997,62215.615848,5.290289,323.944709,48.818630,23.408767,7.104175
16-Jun-2023 13:34:21,906.617140,271.775650,863.655528,68378.663960,3.837070,247.074422,49.521947,23.441443,5.253239
16-Jun-2023 13:35:21,273.649820,250.490460,269.187841,27049.540726,1.777869,71.529100,49.738545,23.717168,2.672183
16-Jun-2023 13:36:21,267.019850,262.038340,252.682302,25630.440869,3.375447,221.787513,48.710955,23.996628,6.764170
16-Jun-2023 13:37:21,269.470070,266.917600,254.137349,25991.684146,5.189395,147.243684,48.333768,23.772562,9.639507
16-Jun-2023 13:38:21,270.659640,268.124630,257.680623,26951.014750,4.129997,165.144217,49.996533,23.514575,7.901906
16-Jun-2023 13:39:21,283.579160,282.330960,271.420459,28936.371449,4.162152,175.287325,49.345185,23.487500,5.268893
16-Jun-2023 13:40:21,329.723270,307.576430,322.547744,34447.589340,4.721470,268.121785,49.137925,23.416235,7.687133
16-Jun-2023 13:41:21,966.956420,368.115170,932.088205,77382.890403,3.016688,227.456962,48.066133,23.367065,4.734779
16-Jun-2023 13:42:21,977.951900,369.323440,943.073389,78513.399708,2.874197,220.232444,48.556287,23.324430,6.883768
16-Jun-2023 13:43:21,670.904940,319.037010,622.880638,55673.420809,5.891716,224.265824,48.869045,23.356485,8.503023
16-Jun-2023 13:44:21,333.946630,301.432790,322.314491,32997.641222,3.483229,287.525764,49.065415,23.461360,6.777319
16-Jun-2023 13:45:21,312.711300,282.643940,292.480006,29261.783469,4.719458,130.955946,47.341343,23.593933,9.965111
16-Jun-2023 13:46:21,289.058190,270.536200,267.377344,26442.493587,7.356572,330.210397,47.674950,23.480655,11.136036
16-Jun-2023 13:47:21,265.232990,253.551720,247.550642,24411.363595,3.147658,262.859417,47.786985,23.515197,4.874411
16-Jun-2023 13:48:21,252.389580,246.642420,235.188133,23248.017622,1.590360,183.692103,46.071948,23.506173,4.057274
16-Jun-2023 13:49:21,245.681040,236.852740,228.834679,22735.511659,0.326598,213.189767,45.229205,23.640613,1.182545
16-Jun-2023 13:50:21,242.556220,233.414950,227.812804,22774.321534,1.628460,213.550199,45.349330,23.720592,4.317757
16-Jun-2023 13:51:21,240.744420,230.547000,228.323786,23078.843300,1.254051,213.106822,46.837193,23.707210,5.345910
16-Jun-2023 13:52:21,237.382690,229.974650,228.945824,23437.099973,1.093806,216.696441,47.407940,23.652127,3.275820
16-Jun-2023 13:53:21,240.144650,231.715380,228.001670,23693.852053,3.657700,257.186356,47.561363,23.558768,6.550025
16-Jun-2023 13:54:21,240.137160,226.732630,228.279310,24071.018558,3.124572,186.480389,47.814680,23.480965,4.510614
16-Jun-2023 13:55:21,249.330810,232.838870,235.465862,25004.483898,3.980135,196.693248,47.802545,23.357418,6.422912
16-Jun-2023 13:56:21,257.847400,244.693470,245.884535,26334.017590,1.331980,235.766750,49.098090,23.391340,5.829935
16-Jun-2023 13:57:21,271.804330,257.156600,265.666850,28567.158573,2.466230,185.745892,48.342480,23.433352,6.725347
16-Jun-2023 13:58:21,307.425550,267.440060,310.185235,33064.320740,3.703327,234.322924,48.796847,23.436463,9.480463
16-Jun-2023 13:59:21,593.705870,283.607840,636.709335,54831.510041,3.207013,211.142686,48.490313,23.333145,8.695880
16-Jun-2023 14:00:21,339.999260,294.068400,337.353841,36125.437669,3.211214,242.899661,48.122772,23.306692,8.260070
16-Jun-2023 14:01:21,361.395430,308.751040,353.681744,37543.539330,3.048192,244.498798,47.166445,23.438952,6.600739
16-Jun-2023 14:02:21,318.038220,297.710690,310.962716,34311.251686,2.633582,210.175241,47.768622,23.376402,4.765463
16-Jun-2023 14:03:21,300.093580,281.772340,290.291864,32220.405594,5.576182,316.345529,48.526100,23.275260,10.012072
16-Jun-2023 14:04:21,284.181430,273.728370,278.007166,30943.608612,3.904567,197.588286,47.277545,23.403478,9.465433
16-Jun-2023 14:05:21,273.652310,261.343800,268.399219,30297.751599,6.017053,322.952980,48.323498,23.338123,8.288249
16-Jun-2023 14:06:21,284.781210,282.486830,276.829758,31366.556397,3.281712,186.508524,47.818728,23.356795,5.395377
16-Jun-2023 14:07:21,307.457970,289.152950,302.943244,34194.822060,5.315246,214.850701,47.415098,23.359598,13.421539
16-Jun-2023 14:08:21,918.196180,314.191410,868.676043,72730.512691,6.396508,277.685557,48.001402,23.331278,9.039019
16-Jun-2023 14:09:21,932.297770,326.200680,887.925182,75366.693429,7.095268,307.965349,46.814165,23.331278,12.881147
16-Jun-2023 14:10:21,923.802420,329.336720,883.982070,75598.570455,5.718634,224.050619,47.016135,23.438643,11.131026
16-Jun-2023 14:11:21,920.759880,325.744300,877.106582,74770.594508,3.105868,240.474265,45.481280,23.684492,7.911298
16-Jun-2023 14:12:21,842.403640,313.601610,794.145448,69507.176872,1.708749,198.927291,45.808980,23.908870,9.040272
16-Jun-2023 14:13:21,910.290600,317.824990,863.233409,73034.036261,7.554491,226.778115,45.105967,23.936567,17.468426
16-Jun-2023 14:14:21,355.272950,273.098670,347.272763,38794.463061,4.867558,200.932124,44.557318,23.960840,12.308209
16-Jun-2023 14:15:21,295.181910,288.610540,273.075424,32579.660463,10.499494,296.032570,43.835017,23.786878,15.095900
16-Jun-2023 14:16:21,298.867850,292.872550,271.187205,31948.720496,5.655757,190.055207,44.725990,23.630343,12.675770
16-Jun-2023 14:17:21,302.911650,289.815070,282.128002,32907.068875,1.913693,148.443730,45.313230,23.689160,4.025961
16-Jun-2023 14:18:21,643.997310,309.945610,609.274052,56282.456355,2.116109,124.046627,44.297775,23.680135,7.165538
16-Jun-2023 14:19:21,838.326150,311.130190,777.051205,67312.845765,2.116909,175.713956,44.540512,23.685115,7.176811
16-Jun-2023 14:20:21,907.831650,328.716990,862.300396,74035.163344,3.673484,166.953020,44.027340,23.688537,9.956972
16-Jun-2023 14:21:21,920.808510,346.632950,870.364343,75542.839155,6.159482,267.779342,44.784495,23.678890,9.619472
16-Jun-2023 14:22:21,920.122690,358.844200,868.631656,75971.752160,2.388489,159.232092,45.336258,23.734595,6.474256
16-Jun-2023 14:23:21,925.823700,362.073760,874.163064,76842.522782,0.541144,162.051392,44.320183,24.082520,2.020976
16-Jun-2023 14:24:21,915.734740,358.859160,864.122035,75897.119014,5.772494,263.028084,44.576302,24.210745,10.826710
16-Jun-2023 14:25:21,916.292120,357.096000,859.790138,75331.860368,11.467123,283.434279,43.747880,24.255560,16.263063
16-Jun-2023 14:26:21,912.789480,351.577040,856.691178,74774.571323,7.416760,291.119509,43.218525,24.242487,14.491655
16-Jun-2023 14:27:21,914.590050,348.530780,859.312491,75545.825758,7.475646,282.101546,42.828270,24.041443,15.798451
16-Jun-2023 14:28:21,925.140380,358.869140,866.576764,76379.766927,7.080934,262.929172,44.388647,23.835738,13.636942
16-Jun-2023 14:29:21,934.070940,370.566640,876.728938,76973.877440,6.802939,313.876716,44.030140,23.884285,10.606303
16-Jun-2023 14:30:21,938.303030,389.592400,881.160749,76803.704922,6.868064,271.116096,42.863125,23.879305,15.126579
16-Jun-2023 14:31:21,941.198410,410.156860,878.183986,75688.128634,7.088052,282.800343,44.061885,23.972355,12.050231
16-Jun-2023 14:32:21,941.177210,408.883720,875.918034,74650.180083,1.884283,113.487919,42.599847,24.283255,5.440463
16-Jun-2023 14:33:21,941.768260,392.596260,876.417875,73650.035224,1.596455,157.701026,42.150157,24.538443,3.701610
16-Jun-2023 14:34:21,397.640100,348.601860,385.126897,42362.112746,2.532924,156.590911,44.344768,24.597260,6.843692
16-Jun-2023 14:35:21,375.487030,334.972850,361.334713,39858.292848,3.921943,226.974118,43.307217,24.768732,12.229316
16-Jun-2023 14:36:21,906.796690,367.610160,829.155979,67568.599649,6.963237,292.767386,42.275885,24.520702,13.952525
16-Jun-2023 14:37:21,360.237030,339.292250,335.710017,36959.378838,3.048952,102.649048,41.964060,24.440725,6.868114
16-Jun-2023 14:38:21,899.247730,355.826580,815.049552,66608.270848,7.195387,170.122534,43.259603,24.437613,12.071519
16-Jun-2023 14:39:21,886.980380,345.397230,820.447800,67630.304156,7.612465,216.537962,41.190410,24.378485,13.622540
16-Jun-2023 14:40:21,863.050430,344.130350,795.022933,65570.306325,7.818732,271.451652,40.993417,24.346430,11.193642
16-Jun-2023 14:41:21,345.576790,332.530110,312.417763,36122.451066,7.627388,253.840159,41.890615,24.301617,16.603697
16-Jun-2023 14:42:21,348.828800,323.326460,329.412091,38250.110640,11.340221,304.572991,41.293417,24.191450,18.701358
16-Jun-2023 14:43:21,829.899380,333.719680,752.337328,66145.514992,15.466117,309.493076,41.352235,23.857833,19.483431
16-Jun-2023 14:44:21,848.253000,325.675720,794.500898,69031.492377,9.192169,321.354412,42.078270,23.798392,13.809135
16-Jun-2023 14:45:21,350.446070,305.745940,341.841269,41007.704000,5.087097,145.304448,42.419350,24.055135,8.621368
16-Jun-2023 14:46:21,333.338120,325.679460,312.895411,37785.366377,6.281793,257.906151,42.136155,24.101815,12.176715
16-Jun-2023 14:47:21,404.398500,325.681960,356.103139,41510.251956,7.564350,302.730480,43.117688,23.907002,14.237430
16-Jun-2023 14:48:21,857.119990,318.444720,807.496587,69309.142696,1.840864,137.111803,43.710535,24.036773,5.499950
16-Jun-2023 14:49:21,841.394870,307.664970,789.435997,67338.719015,4.085571,191.659579,42.838540,24.129210,15.767143
16-Jun-2023 14:50:21,807.485690,300.789370,752.492771,64067.613511,7.813618,272.275386,42.386985,24.159085,12.328873
16-Jun-2023 14:51:21,276.738470,268.783010,273.453068,32932.942126,2.712328,170.729105,42.465407,24.040820,7.774794
16-Jun-2023 14:52:21,284.222580,274.405460,267.010841,31782.532777,4.491802,188.718237,43.216347,23.864990,9.028999
16-Jun-2023 14:53:21,438.707940,306.349450,383.771854,40152.856606,8.044567,294.596425,42.178790,23.836360,9.030875
16-Jun-2023 14:54:21,842.640560,317.212750,775.873798,64482.591695,4.605086,182.984346,43.249955,23.888330,13.239940
16-Jun-2023 14:55:21,814.022120,314.215100,757.513374,63479.468218,5.004349,304.958675,43.477445,24.037395,10.172998
16-Jun-2023 14:56:21,293.467340,288.616770,286.370947,33686.292911,2.163798,147.748119,43.572050,24.264273,7.004618
16-Jun-2023 14:57:21,298.579800,292.881280,280.195307,32900.097472,4.419215,198.803663,44.888127,24.130145,9.244396
16-Jun-2023 14:58:21,341.868410,308.221100,330.978283,37448.007943,3.571785,166.124973,45.726195,23.997873,10.993270
16-Jun-2023 14:59:21,735.492550,336.133770,720.436810,63950.185688,6.317693,234.924239,44.511573,23.857833,16.037022
16-Jun-2023 15:00:21,848.854020,341.022990,802.142815,68651.339268,2.498937,217.971338,44.028585,23.897355,6.419779
16-Jun-2023 15:01:21,823.778160,340.741180,778.895037,67636.269378,3.279651,189.648940,44.357837,24.089055,6.262616
16-Jun-2023 15:02:21,816.380070,335.815800,772.919317,67035.195446,2.427217,239.538962,44.236780,24.264273,4.457389
16-Jun-2023 15:03:21,817.038450,339.226160,771.564184,66240.048182,3.770434,288.740219,42.567482,24.370083,7.370297
16-Jun-2023 15:04:21,765.723290,352.827710,699.410508,60763.671338,3.109211,121.898298,41.036365,24.387510,7.261967
16-Jun-2023 15:05:21,848.887690,371.924550,787.270049,65134.429901,5.790349,270.730243,40.641137,24.269563,13.328244
16-Jun-2023 15:06:21,648.384020,385.392690,578.862005,53709.960546,5.131382,242.428279,41.087712,24.299127,11.937520
16-Jun-2023 15:07:21,843.255300,383.565930,779.828050,64561.209642,4.332181,267.439936,42.189992,24.361990,7.309557
16-Jun-2023 15:08:21,855.969070,369.355860,791.946254,65647.934061,4.802452,272.623435,42.404723,24.411473,9.667686
16-Jun-2023 15:09:21,376.756410,352.833950,353.015319,40012.542138,10.707950,266.702245,41.737192,24.329003,16.745211
16-Jun-2023 15:10:21,366.255970,362.118650,341.885656,39637.364040,10.388347,323.853506,43.173090,24.002852,13.745895
16-Jun-2023 15:11:21,376.743940,349.736560,354.392645,40998.744189,7.588252,299.213138,43.092793,23.990092,12.464748
16-Jun-2023 15:12:21,816.400020,345.371040,755.269616,64691.582074,4.506383,201.304167,43.188028,24.065405,9.677701
16-Jun-2023 15:13:21,686.318360,333.720930,689.447200,60284.002042,6.561397,156.467189,43.049222,24.062602,10.319517
16-Jun-2023 15:14:21,608.421000,329.346690,580.028360,52837.209503,10.426127,270.371914,41.745908,24.111150,14.931217
16-Jun-2023 15:15:21,362.627400,328.763130,350.238474,40337.962143,8.039766,274.736634,41.812193,24.138548,11.626947
16-Jun-2023 15:16:21,383.993630,323.923740,385.093652,43340.353183,4.241145,243.446249,41.320492,24.214793,9.548712
16-Jun-2023 15:17:21,781.019460,341.041690,726.179277,62886.355901,6.125331,243.708040,42.293935,23.976712,12.657611
16-Jun-2023 15:18:21,779.257540,339.289750,727.412213,63034.631984,7.464946,298.032520,42.743933,23.966130,13.145387
16-Jun-2023 15:19:21,793.642180,343.514360,734.898598,63078.424856,9.730563,328.525782,42.372980,24.024325,13.322606
16-Jun-2023 15:20:21,771.610060,338.065260,718.570784,61418.488162,8.036323,236.681542,42.547875,24.227550,10.385267
16-Jun-2023 15:21:21,776.935750,346.662880,717.204510,61451.332816,6.464219,248.281437,43.456595,24.254937,12.077158
16-Jun-2023 15:22:21,781.616740,358.264380,717.948746,61205.528954,7.686765,298.766480,43.636157,24.113017,17.229859
16-Jun-2023 15:23:21,803.016660,358.250660,735.220714,62165.857755,3.968064,253.579370,44.800368,24.042688,8.767887
16-Jun-2023 15:24:21,362.649840,336.147480,343.340793,39565.709511,9.488291,292.696331,43.759705,24.048910,16.649406
16-Jun-2023 15:25:21,449.574990,346.009470,435.032389,44279.791730,8.055888,232.875543,43.943005,23.902645,17.562978
16-Jun-2023 15:26:21,722.582990,341.049170,660.978989,57907.559988,7.927162,260.825267,44.167693,23.850675,13.618154
16-Jun-2023 15:27:21,722.010650,341.019250,656.002861,58002.101163,10.879105,293.381825,43.152543,23.926297,18.193521
16-Jun-2023 15:28:21,735.491300,339.223670,686.203848,59994.413295,7.412194,304.062289,43.362300,24.005965,12.645086
16-Jun-2023 15:29:21,689.969380,339.203710,636.587138,57212.935092,11.272174,292.202816,42.948705,24.102437,14.340121
16-Jun-2023 15:30:21,745.266050,342.343490,686.981329,60034.221366,5.280961,269.494610,44.027653,24.064160,17.734547
16-Jun-2023 15:31:21,734.891530,337.506640,680.505767,59846.137212,1.721455,189.082950,44.210328,24.289480,5.092943
16-Jun-2023 15:32:21,751.477020,334.896790,700.487911,61343.855015,2.402749,132.381712,41.619248,24.498920,9.234381
16-Jun-2023 15:33:21,742.191070,334.890550,695.978290,61244.338829,5.094117,234.103026,42.640303,24.584812,15.531710
16-Jun-2023 15:34:21,748.945750,333.659830,706.363717,62118.088069,5.146342,289.315924,42.079205,24.605350,9.603189
16-Jun-2023 15:35:21,745.878290,333.695990,702.676053,61811.577896,9.712351,299.266371,42.122773,24.379108,14.151021
16-Jun-2023 15:36:21,667.897340,330.558710,632.377439,57600.051619,9.980453,268.345909,42.218935,24.209812,13.137877
16-Jun-2023 15:37:21,739.142320,336.817090,691.091114,60626.343473,6.284476,232.581789,42.996318,24.191763,9.352726
16-Jun-2023 15:38:21,722.591720,334.909260,674.252317,59757.561258,9.172914,274.593313,42.956485,24.269252,14.045201
16-Jun-2023 15:39:21,712.205980,336.804620,664.733233,59161.462337,8.314078,236.161004,40.662300,24.428588,13.256846
16-Jun-2023 15:40:21,772.169940,348.545740,712.561639,61962.840583,13.930555,283.655605,40.843107,24.420185,19.241107
16-Jun-2023 15:41:21,766.123560,348.515820,711.817493,62256.414130,2.462459,190.948952,41.199435,24.325268,6.286408
16-Jun-2023 15:42:21,736.118510,348.545740,686.159372,60674.105173,4.090921,231.543274,41.926093,24.322778,9.925664
16-Jun-2023 15:43:21,739.148550,348.532030,686.825797,60441.237936,3.065407,205.270871,41.085222,24.450995,7.717817
16-Jun-2023 15:44:21,713.986640,334.890550,666.688122,59011.189861,2.723487,195.920516,40.103378,24.531595,4.781740
16-Jun-2023 15:45:21,689.999310,325.049720,648.294275,57750.324094,3.543152,226.825071,41.046945,24.615620,13.273753
16-Jun-2023 15:46:21,706.723220,323.227950,660.923372,58442.952598,10.411254,309.680060,41.567588,24.569250,17.470307
16-Jun-2023 15:47:21,720.727560,323.382570,670.731237,59179.373973,4.873312,231.531468,41.519350,24.611262,10.389024
16-Jun-2023 15:48:21,734.908980,326.952580,683.149274,60092.931284,2.236727,223.875215,41.668728,24.624958,5.265136
16-Jun-2023 15:49:21,751.899730,329.345440,700.965559,61592.645481,8.374024,285.669232,40.999332,24.598505,13.328868
16-Jun-2023 15:50:21,752.679060,331.851780,701.587597,61672.253638,7.147955,282.843686,40.154103,24.446638,13.570568
16-Jun-2023 15:51:21,749.582930,327.556100,698.877332,61379.678287,5.630737,200.341870,40.127650,24.351097,9.058431
16-Jun-2023 15:52:21,755.697910,331.836820,698.799611,61274.188894,5.513660,239.786514,39.170392,24.351720,11.204914
16-Jun-2023 15:53:21,739.144810,327.564820,680.216986,59579.427125,7.237027,229.389133,40.605660,24.468110,17.865412
16-Jun-2023 15:54:21,725.641740,319.014570,667.321301,58511.620523,6.587591,296.910621,40.453480,24.607840,9.825478
16-Jun-2023 15:55:21,732.458720,315.944620,676.118343,58850.975350,4.857033,234.008624,40.744145,24.741658,11.375855
16-Jun-2023 15:56:21,728.688000,313.504350,674.007923,58675.819835,7.037145,232.615428,40.721427,24.487093,16.291242
16-Jun-2023 15:57:21,731.149440,319.068190,672.419537,58547.443795,10.495005,288.640271,41.404827,24.264273,16.700755
16-Jun-2023 15:58:21,722.609180,317.893570,661.800856,57971.244917,7.477227,296.910971,41.130970,24.056380,14.396474
16-Jun-2023 15:59:21,709.094880,307.586410,650.549085,57121.380520,8.212745,306.878773,40.594767,24.150683,13.846705
16-Jun-2023 16:00:21,630.470560,299.599790,579.173068,53061.116929,9.395566,301.840661,40.004103,24.306907,14.983818
16-Jun-2023 16:01:21,692.414620,297.135860,633.965825,55689.344038,10.710612,269.644335,40.684395,24.316865,17.171001
16-Jun-2023 16:02:21,671.215470,289.798860,617.360282,54704.132198,6.547204,204.584932,40.932735,24.488960,10.531162
16-Jun-2023 16:03:21,664.157790,285.422130,613.272691,54319.994289,9.792013,268.459307,38.568215,24.498608,16.255553
16-Jun-2023 16:04:21,651.972740,285.438340,601.176770,53579.596099,9.627820,253.985734,39.359603,24.334293,15.893003
16-Jun-2023 16:05:21,657.492910,285.395940,605.119881,53622.390775,8.259499,288.432736,39.411573,24.206700,13.653848
16-Jun-2023 16:06:21,649.064850,283.046700,597.922277,52859.097953,7.991081,279.392952,39.390722,24.101193,12.878018
16-Jun-2023 16:07:21,640.283950,283.011790,588.792067,52144.573014,4.660190,255.856139,38.885330,24.104305,12.424049
16-Jun-2023 16:08:21,629.868290,280.071520,580.728119,51476.819564,8.118925,295.701217,39.500265,24.106795,16.188551
16-Jun-2023 16:09:21,619.952640,281.095250,572.064327,50913.557312,6.532957,267.012675,40.166240,24.099015,12.239960
16-Jun-2023 16:10:21,621.081110,280.049080,575.096619,51145.426352,4.418211,195.624432,39.960535,24.250580,11.783486
16-Jun-2023 16:11:21,617.381460,280.074020,572.586361,51103.629873,4.727053,167.269214,39.889580,24.314688,10.281323
16-Jun-2023 16:12:21,621.768170,284.245030,578.195580,51439.998096,8.337930,261.280920,40.257110,24.267385,18.830347
16-Jun-2023 16:13:21,631.680080,285.425870,586.948235,51932.604016,6.701399,256.170526,40.472462,24.226305,14.434673
16-Jun-2023 16:14:21,627.490350,287.268840,584.926677,51703.713594,6.235964,283.716981,41.345700,24.103370,10.472928
16-Jun-2023 16:15:21,612.015900,285.404670,568.943172,50508.529149,4.959944,210.591235,40.220390,24.167487,10.327032
16-Jun-2023 16:16:21,606.580490,284.259990,561.667847,49874.610564,5.089397,193.332005,40.621533,24.277655,16.760865
16-Jun-2023 16:17:21,602.910770,287.266340,555.058947,49116.276782,8.294040,287.535982,40.862713,24.287302,12.740262
16-Jun-2023 16:18:21,619.321690,288.580610,568.609915,50004.975011,10.401130,311.602503,40.045182,24.260850,13.566187
16-Jun-2023 16:19:21,623.982730,287.287540,572.864090,50193.059165,9.736877,296.197477,39.857838,24.257425,15.005106
16-Jun-2023 16:20:21,612.020890,288.300050,558.368878,48836.638055,6.859251,227.478532,40.474643,24.231907,12.181097
16-Jun-2023 16:21:21,600.444340,283.030490,553.237130,48595.809204,7.046620,257.314656,39.085432,24.281700,12.705196
16-Jun-2023 16:22:21,563.758200,281.198750,520.492550,46450.237994,9.103150,323.592631,38.814375,24.288548,14.132862
16-Jun-2023 16:23:21,353.501050,273.758300,334.632613,36434.934446,3.883396,204.475424,40.720495,24.360435,9.626358
16-Jun-2023 16:24:21,577.780020,278.150000,528.934142,46414.414722,2.893261,233.930356,39.993833,24.374437,5.097329
16-Jun-2023 16:25:21,554.653070,275.603760,509.918345,45355.559946,11.019624,302.317947,40.142277,24.266762,16.710146
16-Jun-2023 16:26:21,564.374190,272.409090,520.026044,45931.758824,1.716864,124.752280,40.568938,24.165310,5.575091
16-Jun-2023 16:27:21,560.780530,271.133480,519.426288,46008.388363,2.265837,127.632219,40.956698,24.300373,5.556932
16-Jun-2023 16:28:21,547.430830,273.584980,508.818659,45649.133494,5.445991,223.236123,40.424538,24.418630,11.150438
16-Jun-2023 16:29:21,580.873660,275.592540,540.030470,47410.566795,5.631286,249.537212,40.719250,24.324022,13.856097
16-Jun-2023 16:30:21,578.457100,275.570090,536.931509,47137.891487,9.709429,288.556189,40.081905,24.109285,16.973134
16-Jun-2023 16:31:21,588.849070,276.830740,541.752105,47133.914672,6.787107,238.810811,39.711262,23.966442,11.630704
16-Jun-2023 16:32:21,562.576110,273.752070,520.392546,45937.732031,3.853012,217.448952,40.713957,23.940613,8.539341
16-Jun-2023 16:33:21,552.165440,271.121010,510.651439,45357.548353,4.502018,222.470034,40.872360,24.153172,10.469799
16-Jun-2023 16:34:21,550.358630,268.089720,513.128362,45533.694079,5.566685,287.882896,40.683150,24.298192,11.156071
16-Jun-2023 16:35:21,563.496350,266.257970,524.735584,46091.981321,11.383631,297.133794,39.745182,24.343007,16.403325
16-Jun-2023 16:36:21,556.568390,266.261710,515.627478,45384.419800,15.857780,273.223935,39.702860,24.074118,23.489618
16-Jun-2023 16:37:21,549.176540,268.112160,507.241415,44894.800483,11.703810,281.109186,39.829207,23.996940,16.623109
16-Jun-2023 16:38:21,555.917490,269.341640,512.395268,44974.408641,5.232833,215.428958,40.952962,24.164065,11.903707
16-Jun-2023 16:39:21,555.280280,269.285520,513.017306,44975.406837,4.333663,170.613691,39.739270,24.450995,14.384577
16-Jun-2023 16:40:21,543.847100,268.098440,503.564891,44336.513241,1.626613,165.956452,39.891760,24.438235,5.208783
16-Jun-2023 16:41:21,538.434160,265.117030,500.143815,44032.989672,2.927399,184.768292,40.273293,24.409293,8.269462
16-Jun-2023 16:42:21,518.235040,261.998440,483.538272,42957.221456,3.630133,246.954779,40.622777,24.421740,13.851087
16-Jun-2023 16:43:21,512.717330,257.757620,484.404615,43026.879592,0.759948,163.611542,39.304830,24.555248,2.821227
16-Jun-2023 16:44:21,515.118960,259.638000,488.592121,43312.491525,2.163354,224.810416,39.555350,24.647675,7.757887
16-Jun-2023 16:45:21,516.348430,260.766470,487.981224,43196.053914,5.024198,240.857823,39.504313,24.654520,8.346484
16-Jun-2023 16:46:21,544.392010,260.782680,513.794787,44570.378674,7.066450,295.302460,39.567175,24.571740,10.181766
16-Jun-2023 16:47:21,549.772570,260.820090,517.449117,44774.386057,5.060902,248.748031,40.436052,24.455040,10.572490
16-Jun-2023 16:48:21,536.561270,265.127000,503.753758,43984.221789,4.088842,234.284874,40.317795,24.389375,8.645161
16-Jun-2023 16:49:21,558.923840,268.108420,525.068841,45128.665916,2.534273,182.038605,38.296222,24.504210,4.704095
16-Jun-2023 16:50:21,550.381080,269.344130,518.859778,44512.658967,2.783602,218.940386,37.934917,24.604105,8.613229
16-Jun-2023 16:51:21,547.398410,254.796160,518.382130,44001.143214,2.092506,223.544878,38.701098,24.653588,3.457409
16-Jun-2023 16:52:21,330.862960,252.288570,356.780705,35472.609252,3.665652,198.024803,39.013858,24.630557,7.185578
16-Jun-2023 16:53:21,524.301400,249.431810,489.780670,41984.946240,1.956181,186.675558,39.937817,24.626823,5.645845
16-Jun-2023 16:54:21,501.122090,247.894340,467.876883,40571.819591,11.081560,296.756316,40.143833,24.576720,14.931846
16-Jun-2023 16:55:21,311.536690,237.473720,293.224241,30925.696977,12.330342,306.038070,39.280558,24.365103,17.547948
16-Jun-2023 16:56:21,465.497140,238.705690,432.100101,38184.429318,8.023174,272.018941,40.703068,24.300682,10.683320
16-Jun-2023 16:57:21,290.826340,237.466230,301.632498,31297.888471,4.607249,261.085846,39.916655,24.321845,6.925719
16-Jun-2023 16:58:21,240.761880,235.151930,222.081388,25594.609612,5.497454,222.040334,40.226613,24.301617,9.085352
16-Jun-2023 16:59:21,249.997920,240.501270,232.433481,26070.302093,12.455573,300.433773,39.786572,24.198920,16.715780
16-Jun-2023 17:00:21,262.158060,245.414190,241.785892,26904.243261,11.407531,332.485931,40.342692,23.986980,15.631268
16-Jun-2023 17:01:21,281.683810,257.755130,264.067323,29201.077158,10.684887,288.276771,40.228480,23.850675,14.668858
16-Jun-2023 17:02:21,556.259150,271.091080,528.267717,44364.374898,5.854866,199.869553,40.341135,23.928165,10.495473
16-Jun-2023 17:03:21,550.319980,260.755250,520.825807,44493.749135,8.035749,305.068075,40.142900,24.060113,11.832953
16-Jun-2023 17:04:21,532.221920,242.845510,507.630200,43742.402727,6.632363,270.273863,40.962610,24.149440,9.887465
16-Jun-2023 17:05:21,520.050580,233.377540,493.979227,42771.125708,8.931475,297.526461,39.939373,24.281700,13.948768
16-Jun-2023 17:06:21,528.610800,237.438800,497.044854,42907.463363,6.926867,265.369020,40.616862,24.295083,12.273144
16-Jun-2023 17:07:21,523.197830,234.565870,494.690128,42983.094706,3.689260,210.615428,40.581075,24.341763,8.199336
16-Jun-2023 17:08:21,360.668460,233.396250,331.155919,34017.686123,5.732070,241.214315,40.525057,24.349852,11.888053
16-Jun-2023 17:09:21,518.833570,229.266400,492.757433,42922.388395,6.579503,244.107451,39.486572,24.347675,11.011429
16-Jun-2023 17:10:21,532.870320,227.327410,504.808968,43527.447126,7.497111,301.479198,39.272465,24.314065,11.459135
16-Jun-2023 17:11:21,528.619530,234.555890,498.744295,43104.499342,6.603661,244.623772,38.349440,24.287613,12.300694
16-Jun-2023 17:12:21,545.610310,247.865660,506.763856,43507.539098,6.110350,302.011709,38.596535,24.268007,10.342062
16-Jun-2023 17:13:21,552.813840,251.591500,513.739259,43873.765371,8.255013,292.135056,39.124955,24.275475,13.713335
16-Jun-2023 17:14:21,558.916360,253.521790,517.315868,43825.995685,2.922659,206.326636,38.661265,24.405248,5.705332
16-Jun-2023 17:15:21,550.962150,257.767600,509.762813,42906.465166,2.143578,223.101788,38.978690,24.547778,5.359064
16-Jun-2023 17:16:21,561.948900,264.509770,518.104490,43216.952153,5.156386,240.834406,40.011260,24.544665,10.714628
16-Jun-2023 17:17:21,467.769050,257.745150,436.876221,38339.668819,4.040358,155.686076,39.456698,24.571118,11.146051
16-Jun-2023 17:18:21,560.775540,263.895030,529.256257,43365.236222,6.989171,304.966375,39.225162,24.573298,9.082847
16-Jun-2023 17:19:21,569.879420,280.064040,529.611708,43362.249618,6.811967,298.191983,39.347465,24.668835,11.770961
16-Jun-2023 17:20:21,565.855540,287.267590,520.037185,42788.039148,5.858686,235.146972,39.736158,24.716140,8.392817
16-Jun-2023 17:21:21,572.925680,286.660330,522.502966,42713.406001,5.154042,210.202333,39.270288,24.750993,11.278798
16-Jun-2023 17:22:21,564.374190,283.036730,515.427560,42275.533185,8.336515,225.557325,39.118420,24.699958,13.288778
16-Jun-2023 17:23:21,542.739820,273.750820,497.833476,41485.368917,10.769419,253.030968,39.042175,24.610018,15.644416
16-Jun-2023 17:24:21,526.803990,267.445050,481.227933,40524.049905,11.724265,311.963944,39.050268,24.478380,18.360709
16-Jun-2023 17:25:21,507.838090,265.102060,460.546119,39174.616170,11.183834,289.608497,38.585020,24.441348,16.036393
16-Jun-2023 17:26:21,476.628530,245.622430,439.019976,37804.276209,10.338356,277.048158,39.843835,24.302240,13.596242
16-Jun-2023 17:27:21,475.774380,240.503760,433.910599,37233.052342,5.353765,239.760457,39.712508,24.366658,9.658919
16-Jun-2023 17:28:21,497.404980,228.004500,444.640335,37309.681882,6.548823,257.840630,39.613855,24.471845,10.170493
16-Jun-2023 17:29:21,494.956010,220.113870,447.428233,37585.335808,1.721818,224.322709,40.346737,24.582010,4.514995
16-Jun-2023 17:30:21,458.787340,220.130080,418.760103,36210.028823,6.755088,304.992610,40.140720,24.578275,11.041484
16-Jun-2023 17:31:21,451.440420,215.775790,418.260262,36390.151363,5.953863,240.444808,39.405350,24.573607,7.913179
16-Jun-2023 17:32:21,483.923110,221.873330,442.574302,37814.226231,8.169698,193.060950,38.942590,24.561782,14.665724
16-Jun-2023 17:33:21,491.307450,217.213500,447.039537,38118.747997,9.097304,275.088524,39.017280,24.434190,14.826650
16-Jun-2023 17:34:21,484.621400,212.104820,440.908195,37789.351177,10.205299,249.788814,40.390927,24.384708,14.117208
16-Jun-2023 17:35:21,469.542190,210.317970,426.290875,36866.834055,11.995759,304.418215,39.069250,24.358567,18.014442
16-Jun-2023 17:36:21,456.901980,205.972390,414.905854,36166.235952,6.755810,262.222867,39.223295,24.300373,14.406494
16-Jun-2023 17:37:21,460.647770,199.778870,420.681657,36423.986228,3.540524,203.187894,38.721325,24.459707,9.373390
16-Jun-2023 17:38:21,462.473330,199.798820,420.648322,36438.911260,11.151329,248.854670,38.463650,24.328070,16.340709
16-Jun-2023 17:39:21,457.532930,201.066950,413.506335,35892.570432,12.714544,331.824535,38.050685,24.211990,19.730765
16-Jun-2023 17:40:21,452.601310,197.873530,410.174121,35630.843342,7.713326,283.878953,37.608455,24.188028,15.091514
16-Jun-2023 17:41:21,446.101030,196.053010,403.198629,35039.711446,7.092851,274.280227,38.452447,24.116130,12.209904
16-Jun-2023 17:42:21,435.626770,194.215030,392.990926,34359.021371,7.701242,254.683128,38.282843,24.123910,15.965010
16-Jun-2023 17:43:21,427.612710,192.970590,384.682673,33681.317900,9.421501,315.109256,38.422260,24.147260,15.676353
16-Jun-2023 17:44:21,416.114700,191.231120,375.607903,32951.843972,8.713128,251.645610,37.448498,24.231285,16.746464
16-Jun-2023 17:45:21,414.912660,189.962990,371.364869,32477.157673,9.374746,306.449729,37.336775,24.190208,14.450327
16-Jun-2023 17:46:21,418.980160,188.100060,375.585709,32526.915766,9.062552,321.533825,37.110220,24.162820,14.611876
16-Jun-2023 17:47:21,417.844200,187.086300,375.863349,32423.414780,7.288424,294.553815,37.413020,24.231907,10.089090
16-Jun-2023 17:48:21,405.253900,183.811860,366.977266,31823.331060,3.394799,199.179369,37.259907,24.463442,8.030895
16-Jun-2023 17:49:21,394.820780,182.523780,358.313563,31067.009642,1.579430,130.078618,36.767898,24.560227,5.421680
16-Jun-2023 17:50:21,377.226500,180.784300,343.307458,30279.839963,2.853755,184.825748,37.181175,24.485227,7.223773
16-Jun-2023 17:51:21,393.346910,183.799390,355.836551,30847.079030,6.469209,255.049538,37.621215,24.363547,11.842973
16-Jun-2023 17:52:21,405.054390,182.563680,368.499161,31503.884262,6.303214,302.790758,37.374430,24.282323,10.755327
16-Jun-2023 17:53:21,406.874910,186.930440,371.031701,31564.590573,10.260348,214.145266,37.643622,24.210745,12.737133
16-Jun-2023 17:54:21,405.660400,185.705950,368.654693,31301.865286,6.536721,294.263309,37.565510,24.222260,12.409648
16-Jun-2023 17:55:21,401.313590,185.702210,362.345537,30789.359322,9.776689,267.358968,37.847770,24.223817,18.016318
16-Jun-2023 17:56:21,379.086950,182.501330,323.913929,28522.383476,5.728599,284.320367,38.324233,24.276410,12.712711
16-Jun-2023 17:57:21,401.937060,182.578640,358.602344,30295.763191,5.253813,200.392220,38.810640,24.238133,12.739009
16-Jun-2023 17:58:21,394.021500,182.568670,353.826135,29891.725239,3.938296,234.239506,38.878172,24.092790,8.527445
16-Jun-2023 17:59:21,390.503900,179.543610,350.416199,29585.215067,2.008965,110.823947,39.765410,24.057625,5.169336
16-Jun-2023 18:00:21,387.066070,176.467390,345.517793,29175.203908,7.846648,236.956361,39.461365,24.028683,12.132882
16-Jun-2023 18:01:21,378.449760,175.198020,337.898158,28551.243329,4.509930,256.613338,39.843213,24.030550,8.592565
16-Jun-2023 18:02:21,373.957050,175.195520,333.221953,28181.040242,9.872910,292.153986,38.644148,24.098080,13.826670
16-Jun-2023 18:03:21,372.354740,175.194280,331.111533,27970.061455,7.470690,238.494299,38.869770,24.075362,11.379613
16-Jun-2023 18:04:21,371.133990,172.099390,330.000795,27868.556862,7.634796,326.233180,38.989582,24.050155,9.117289
16-Jun-2023 18:05:21,368.592740,173.269010,328.501271,27683.459311,5.847257,273.306614,39.174438,24.042065,8.794814
16-Jun-2023 18:06:21,367.468010,173.283970,327.857040,27494.376960,6.193893,273.920950,38.783255,24.037707,11.380865
16-Jun-2023 18:07:21,366.860730,170.237720,325.135723,27210.753434,6.759891,186.618001,38.364378,24.013745,13.012641
16-Jun-2023 18:08:21,362.622410,169.194040,320.337409,26852.496761,8.162495,257.986009,38.437197,23.968620,11.117877
16-Jun-2023 18:09:21,361.375470,167.728880,319.048946,26692.274263,7.537690,197.539816,38.525890,23.814575,18.343803
16-Jun-2023 18:10:21,357.125930,165.968210,316.116569,26512.151723,5.160252,287.064771,39.429000,23.780965,8.310166
16-Jun-2023 18:11:21,353.489830,164.665170,313.495256,26307.146144,4.518475,273.359828,39.733668,23.778165,11.457254
16-Jun-2023 18:12:21,351.049590,164.650200,311.151582,26132.996811,9.005258,265.582933,39.762920,23.752957,13.613773
16-Jun-2023 18:13:21,346.747670,163.623980,310.285149,26096.175343,8.167767,321.727102,39.684810,23.786878,14.127228
16-Jun-2023 18:14:21,349.793920,164.646460,312.217844,26255.399643,6.353353,234.881123,39.335017,23.859387,15.610604
16-Jun-2023 18:15:21,348.636770,161.671280,312.017926,26190.716518,11.634202,297.457652,39.311055,23.808973,13.755910
16-Jun-2023 18:16:21,346.165350,160.425590,309.007827,25900.129574,8.974052,285.437605,39.884290,23.795903,12.042716
16-Jun-2023 18:17:21,343.682700,161.661300,308.230346,25842.409866,5.068600,157.270225,40.184913,23.843205,9.322042
16-Jun-2023 18:18:21,341.222500,157.699800,307.275051,25754.832109,4.501582,245.747506,39.349955,23.931897,7.174935
16-Jun-2023 18:19:21,337.560260,157.652420,303.754060,25513.013047,5.482990,275.468346,39.600163,23.979512,8.159261
16-Jun-2023 18:20:21,335.717290,157.436700,301.132657,25219.439499,6.229688,302.581363,38.790725,24.073185,11.318249
16-Jun-2023 18:21:21,329.005030,158.582630,296.223198,24870.134651,3.067621,220.502521,39.599227,24.043620,7.801720
16-Jun-2023 18:22:21,324.093320,157.449170,289.825358,24368.568920,6.056346,302.319660,39.260640,24.070072,8.927560
16-Jun-2023 18:23:21,322.236640,154.560000,287.892663,24101.866819,1.967017,247.874803,39.800578,24.140102,5.797374
16-Jun-2023 18:24:21,320.103140,154.557510,285.793384,23917.767464,2.870974,150.439311,38.721637,24.199233,6.418526
16-Jun-2023 18:25:21,315.626650,155.724640,280.595144,23568.462616,7.267655,248.018668,38.877860,24.130455,13.222404
16-Jun-2023 18:26:21,316.210220,155.720900,279.750994,23406.251712,10.543950,320.688041,38.391453,24.005030,18.504723
16-Jun-2023 18:27:21,318.631760,155.723390,281.139372,23404.263305,11.256784,328.865286,37.920913,23.875570,15.377671
16-Jun-2023 18:28:21,317.647930,155.724640,279.562128,23238.067600,11.140266,301.751794,37.651713,23.807727,17.166620
16-Jun-2023 18:29:21,314.449530,157.471610,277.451797,23019.135185,6.347352,289.681879,38.010228,23.806795,9.914391
16-Jun-2023 18:30:21,311.526720,154.545040,274.152828,22728.548241,8.505162,285.660895,37.619037,23.803060,13.263732
16-Jun-2023 18:31:21,310.954370,154.561250,272.020214,22528.517672,8.141830,270.129589,37.720487,23.770695,13.293164
16-Jun-2023 18:32:21,306.834510,154.545040,268.999064,22309.585257,8.640568,190.078175,37.617793,23.739888,18.022580
16-Jun-2023 18:33:21,305.025210,152.936500,267.099704,22139.404752,6.364785,173.417445,37.879825,23.644970,11.142923
16-Jun-2023 18:34:21,301.313080,150.403980,264.189520,21873.700847,6.826056,320.571901,38.173610,23.581173,9.983270
16-Jun-2023 18:35:21,294.536000,150.391510,259.024615,21492.549542,11.561203,276.407943,38.192282,23.540095,16.070835
16-Jun-2023 18:36:21,294.533510,149.900220,257.402894,21306.461780,12.987343,324.925843,37.649223,23.503060,17.237998
16-Jun-2023 18:37:21,292.043340,148.796680,254.881585,21082.546369,13.390591,336.365858,37.965725,23.449223,19.196650
16-Jun-2023 18:38:21,287.898540,148.584700,251.049530,20778.024603,10.995360,292.784538,38.487302,23.423083,14.886137
16-Jun-2023 18:39:21,284.883450,147.407600,248.550325,20547.145773,8.726042,308.421374,38.545185,23.438952,14.300674
16-Jun-2023 18:40:21,280.842130,147.400120,245.284780,20276.466858,12.827515,322.972955,38.165830,23.472562,20.168456
16-Jun-2023 18:41:21,278.544030,145.508510,242.752240,20039.614821,11.914358,287.141672,38.460538,23.445487,16.450287
16-Jun-2023 18:42:21,274.839390,145.511000,240.186454,19775.899323,7.333027,229.094752,38.644148,23.422148,11.534276
16-Jun-2023 18:43:21,270.624730,145.509760,236.832047,19515.162443,8.694677,243.905272,38.272260,23.424327,15.149748
16-Jun-2023 18:44:21,266.337770,143.060780,233.544219,19247.470131,5.298166,304.284806,39.366138,23.400365,16.109029
16-Jun-2023 18:45:21,260.303860,141.224050,230.622984,18969.819812,6.267934,248.014651,39.228898,23.399430,10.457902
16-Jun-2023 18:46:21,259.093090,138.165320,227.068658,18657.336432,4.967881,281.778267,39.098192,23.412190,9.052168
16-Jun-2023 18:47:21,252.939470,136.986970,223.858641,18389.636134,6.397080,276.713129,38.864480,23.453267,12.330126
16-Jun-2023 18:48:21,249.941810,135.072900,220.593007,18141.843865,7.395964,285.931126,39.071740,23.452957,17.125915
16-Jun-2023 18:49:21,247.452930,136.838590,217.827303,17890.066796,9.439606,278.791642,39.233878,23.428372,13.639447
16-Jun-2023 18:50:21,243.790690,136.972010,214.783870,17638.289727,9.663512,254.708350,39.535120,23.398807,14.500418
16-Jun-2023 18:51:21,243.809390,137.501950,213.373209,17441.245762,10.363246,303.246139,39.709705,23.342793,13.120971
16-Jun-2023 18:52:21,242.815590,138.149110,211.296124,17222.313346,11.783180,318.906120,40.270803,23.313228,20.528496
16-Jun-2023 18:53:21,238.567280,135.059180,208.474892,16972.524685,8.399393,306.297882,40.657007,23.312605,10.550573
16-Jun-2023 18:54:21,234.714250,135.069160,205.331455,16711.795790,7.990614,297.836344,40.815100,23.317585,12.722731
16-Jun-2023 18:55:21,231.831350,135.040480,203.720965,16544.609875,11.435812,328.363524,41.219662,23.272150,15.147243
16-Jun-2023 18:56:21,228.853660,130.732330,202.876726,16417.224046,10.403218,327.786668,41.268210,23.229515,14.155402
16-Jun-2023 18:57:21,225.829850,129.500360,198.711502,16145.530963,6.866860,221.936403,41.882525,23.158870,10.870543
16-Jun-2023 18:58:21,225.181440,127.667370,196.567748,15919.627144,12.995852,327.466186,41.743105,23.138020,18.760216
16-Jun-2023 18:59:21,222.137680,129.462950,191.869349,15567.343678,11.464826,278.314074,41.853895,23.039370,17.303119
16-Jun-2023 19:00:21,217.835720,126.405470,187.859568,15258.837112,8.771597,226.363085,42.109390,23.008250,14.041444
16-Jun-2023 19:01:21,217.303280,126.419190,186.471190,15064.779751,12.939544,327.646530,42.365823,23.002335,16.375146
16-Jun-2023 19:02:21,214.849320,125.136060,184.405157,14873.708993,11.174602,275.286484,42.364578,22.978995,16.742077
16-Jun-2023 19:03:21,209.912710,122.137190,181.417252,14653.778381,9.807111,331.316861,42.681070,22.944140,14.137243
16-Jun-2023 19:04:21,208.033570,123.209550,178.618035,14423.897748,11.703709,333.545430,42.839163,22.922045,16.027631
16-Jun-2023 19:05:21,205.052150,123.279380,176.218834,14216.903761,11.983030,328.142303,43.196118,22.882213,15.460327
16-Jun-2023 19:06:21,201.393650,123.280630,174.141748,14014.884785,9.996317,219.469437,43.201720,22.874432,13.561801
16-Jun-2023 19:07:21,201.396140,120.200700,172.386779,13828.789038,9.086396,225.522754,43.371015,22.874120,12.271268
16-Jun-2023 19:08:21,198.294990,120.245590,170.165303,13636.728069,9.623801,200.111044,43.496428,22.870075,12.649467
16-Jun-2023 19:09:21,195.952000,119.057260,168.388139,13443.660918,6.117606,191.978230,43.615930,22.882213,7.848682
16-Jun-2023 19:10:21,193.410760,117.337740,166.610976,13256.574960,8.706317,213.435217,43.805452,22.897460,12.319482
16-Jun-2023 19:11:21,189.753500,117.297840,164.722757,13069.481016,6.306496,154.173221,44.155867,22.903372,10.311378
16-Jun-2023 19:12:21,187.885590,115.978590,163.212093,12909.258519,6.760034,262.470538,43.874540,22.935118,15.521061
16-Jun-2023 19:13:21,188.465410,114.984780,161.412737,12725.159164,12.130073,255.223526,44.379310,22.870385,20.327500
16-Jun-2023 19:14:21,184.824370,114.747870,159.313458,12534.088406,9.404071,303.236487,44.719142,22.797252,13.494175
16-Jun-2023 19:15:21,181.033690,112.957270,157.003119,12351.969473,9.390765,326.809849,44.812193,22.807523,14.849190
16-Jun-2023 19:16:21,179.324150,112.948540,155.770184,12201.704983,12.097095,271.282743,45.070180,22.728790,17.408315
16-Jun-2023 19:17:21,176.229230,112.424830,153.548707,12011.624436,8.362240,243.263948,45.292380,22.709805,11.462264
16-Jun-2023 19:18:21,173.752820,109.833700,151.138365,11814.580471,10.280385,327.871215,45.030035,22.699535,15.697641
16-Jun-2023 19:19:21,172.574470,108.634150,148.772498,11623.509713,12.346722,201.368874,45.024433,22.635740,15.595578
16-Jun-2023 19:20:21,168.816210,107.454560,146.128992,11443.387173,10.582038,297.687591,45.383873,22.617068,13.569940
16-Jun-2023 19:21:21,166.447030,107.475750,144.007430,11250.328007,9.739172,325.653607,45.658042,22.608665,13.306952
16-Jun-2023 19:22:21,163.917010,105.569190,141.741567,11051.295635,7.559033,253.312740,45.848815,22.583145,13.936871
16-Jun-2023 19:23:21,160.355770,102.610190,138.487074,10805.491773,6.517879,327.963733,45.987300,22.579412,11.974467
16-Jun-2023 19:24:21,156.836900,102.615180,135.265916,10520.870050,11.203926,244.731008,45.823607,22.582525,15.863571
16-Jun-2023 19:25:21,154.540050,101.295930,132.378015,10262.129563,5.049631,296.376500,46.638647,22.534287,8.697133
16-Jun-2023 19:26:21,152.291830,100.684930,130.078818,10031.250734,8.342518,317.121386,46.786158,22.488853,14.779059
16-Jun-2023 19:27:21,148.549790,99.432111,127.524084,9782.460268,5.843648,250.064635,46.849020,22.442795,10.888702
16-Jun-2023 19:28:21,146.139460,97.030676,124.936017,9543.619824,10.270214,314.999860,47.055035,22.419143,20.194125
16-Jun-2023 19:29:21,143.144320,97.018587,122.103643,9259.006087,11.738251,304.905367,47.763643,22.314268,15.905528
16-Jun-2023 19:30:21,140.641730,92.136579,118.216060,8959.459332,7.104750,232.680796,47.966548,22.290928,10.722767
16-Jun-2023 19:31:21,136.666510,92.134958,114.917181,8674.845595,14.360727,316.487636,48.153580,22.274432,18.575498
16-Jun-2023 19:32:21,132.116420,90.944709,112.251392,8418.093515,8.402420,321.648090,48.860642,22.200367,13.658858
16-Jun-2023 19:33:21,129.047720,87.870820,109.085850,8172.289653,8.240504,278.124343,48.881182,22.194455,11.084688
16-Jun-2023 19:34:21,122.948940,86.566919,103.265572,7889.664323,7.939007,245.300661,49.075373,22.172360,10.545563
16-Jun-2023 19:35:21,122.942710,84.684650,102.154834,7667.729333,12.454373,270.304998,49.845288,22.139373,16.958732
16-Jun-2023 19:36:21,103.202490,81.702358,89.592317,7303.499453,11.658568,330.524699,50.010847,22.093312,14.326972
16-Jun-2023 19:37:21,84.361385,79.418688,77.374020,6942.256176,10.038950,245.720200,50.408565,22.058457,17.539185
16-Jun-2023 19:38:21,82.538563,77.581658,74.519454,6675.546089,9.576060,271.741950,50.935743,21.962920,14.969416
16-Jun-2023 19:39:21,83.141353,76.364863,73.908557,6448.652060,13.231756,272.219919,51.219250,21.877650,17.634361
16-Jun-2023 19:40:21,102.596480,74.582420,82.272427,6285.442959,10.388400,193.589684,51.447050,21.772463,16.771509
16-Jun-2023 19:41:21,100.728570,74.578183,79.273381,6095.370397,9.926030,273.293761,51.789063,21.724537,16.714527
16-Jun-2023 19:42:21,76.224167,73.393786,66.255588,5819.708485,11.027555,277.039722,51.418730,21.652027,14.063984
16-Jun-2023 19:43:21,80.796869,72.114933,66.466558,5626.649320,13.897993,248.748160,51.447983,21.560222,17.444009
16-Jun-2023 19:44:21,91.716110,72.110197,70.898458,5453.490198,8.407324,206.121747,51.729623,21.517277,12.420292
16-Jun-2023 19:45:21,90.541190,69.850454,69.787720,5264.407847,11.220885,264.060374,51.886157,21.478997,22.531590
16-Jun-2023 19:46:21,87.449230,68.496082,67.044210,5085.283503,15.461160,249.556261,51.878687,21.445075,20.291806
16-Jun-2023 19:47:21,86.151311,69.094757,65.489159,4920.085995,10.290194,299.126813,51.807735,21.426092,13.247455
16-Jun-2023 19:48:21,83.757475,65.890764,64.145168,4760.853709,13.440478,319.894849,51.644042,21.403375,19.448994
16-Jun-2023 19:49:21,83.138362,62.924550,63.178820,4611.579429,10.595661,324.071438,52.003170,21.318728,18.260523
16-Jun-2023 19:50:21,64.254748,59.898643,53.904131,4411.556846,10.330947,273.258447,51.965202,21.303790,14.466605
16-Jun-2023 19:51:21,61.754612,58.700165,52.360221,4238.397724,10.526728,141.346489,52.083148,21.282318,13.783461
16-Jun-2023 19:52:21,59.982886,58.697797,50.882891,4070.213612,10.874166,300.459638,52.210430,21.238125,16.764623
16-Jun-2023 19:53:21,59.341712,58.678979,49.083534,3876.156251,12.370207,323.985302,51.991343,21.221943,15.199215
16-Jun-2023 19:54:21,57.714669,55.558733,47.173033,3680.110482,13.194862,196.718716,52.361985,21.202650,16.271207
16-Jun-2023 19:55:21,56.064444,54.390166,45.184810,3495.012931,8.006893,217.463038,52.569557,21.182420,11.360825
16-Jun-2023 19:56:21,53.706625,50.603078,42.774557,3306.920791,13.908691,303.008334,52.220077,21.169663,17.859779
16-Jun-2023 19:57:21,48.970301,46.298566,40.297634,3134.759865,8.708404,220.153910,52.349537,21.142898,11.237475
16-Jun-2023 19:58:21,46.516527,45.708236,38.176072,2977.523971,12.217369,272.196006,52.174020,21.117380,17.367616
16-Jun-2023 19:59:21,44.012027,41.974238,36.365575,2847.159524,6.785982,192.080040,52.369765,21.085015,10.390900
16-Jun-2023 20:00:21,42.113314,38.490970,34.932721,2738.683528,6.240749,292.158852,52.210120,21.124225,9.460423
16-Jun-2023 20:01:21,41.603739,39.909028,33.866459,2650.115559,5.310272,153.144709,51.881800,21.146632,12.175463
16-Jun-2023 20:02:21,40.401028,37.064816,32.522467,2547.612769,11.069663,175.181209,51.511780,21.107732,16.051424
16-Jun-2023 20:03:21,38.512031,37.622241,31.222863,2451.083187,14.461747,172.805761,51.691655,21.034600,18.508481
16-Jun-2023 20:04:21,36.118200,34.112061,29.812202,2352.565197,7.354380,200.262970,51.755763,21.008770,10.843617
16-Jun-2023 20:05:21,34.286031,32.243876,28.357155,2252.050814,7.075321,113.161694,51.735535,21.001613,9.078466
16-Jun-2023 20:06:21,32.418219,30.990944,26.835439,2139.598003,3.892117,208.173723,51.791862,20.979827,5.644593
16-Jun-2023 20:07:21,30.007566,30.385164,25.158190,2022.170181,8.971131,278.014194,51.780660,20.981695,16.464064
16-Jun-2023 20:08:21,29.366520,29.234917,23.469890,1897.770956,7.732008,305.880489,51.900472,20.987298,9.469190
16-Jun-2023 20:09:21,27.481137,26.613779,21.848259,1775.368123,6.901926,117.481328,52.152235,20.977337,10.357088
16-Jun-2023 20:10:21,25.674018,24.909470,20.382070,1656.942104,4.091709,201.994840,52.261468,20.956800,5.633320
16-Jun-2023 20:11:21,23.779912,21.044372,19.126941,1556.435707,3.356121,198.646964,52.347360,20.956800,4.591388
16-Jun-2023 20:12:21,21.313676,21.035026,18.038397,1474.831157,3.382732,273.099633,52.433250,20.960845,5.755423
16-Jun-2023 20:13:21,20.742042,17.934099,17.016521,1396.213210,5.036015,145.432892,52.412090,20.951508,6.416026
16-Jun-2023 20:14:21,19.472410,18.041771,16.072367,1318.593460,6.140878,174.430688,52.338645,20.941240,8.526816
16-Jun-2023 20:15:21,17.064373,16.139192,15.094968,1240.965724,5.219689,114.021066,52.462193,20.911362,9.203073
16-Jun-2023 20:16:21,18.228950,16.124487,14.239676,1176.282598,6.514801,308.605300,52.590408,20.866862,10.544940
16-Jun-2023 20:17:21,17.052284,15.994882,13.462195,1105.626266,9.598130,144.753121,52.500783,20.827337,15.459074
16-Jun-2023 20:18:21,16.485262,15.373774,12.695766,1045.918151,12.569013,227.527868,51.844768,20.753273,15.225513
16-Jun-2023 20:19:21,16.456849,15.513224,12.151449,992.175258,9.380069,88.600361,52.610948,20.697877,15.148496
16-Jun-2023 20:20:21,15.649932,13.696013,11.684943,948.390372,7.469228,237.608792,52.570180,20.678895,10.415322
16-Jun-2023 20:21:21,14.016785,13.706855,11.307299,908.582301,7.872842,126.935958,52.518520,20.660223,9.975131
16-Jun-2023 20:22:21,13.420849,11.828201,10.940797,874.747436,7.099375,145.193976,52.624640,20.650265,12.157304
16-Jun-2023 20:23:21,13.991113,10.592095,10.518677,832.950958,8.120332,95.369267,52.464683,20.629725,12.343275
16-Jun-2023 20:24:21,13.984135,12.448062,10.118840,795.131293,3.705446,78.044143,52.464992,20.624435,5.969572
16-Jun-2023 20:25:21,12.188603,10.648673,9.574523,741.396386,6.088696,180.805674,52.560533,20.626925,10.097857
16-Jun-2023 20:26:21,11.567122,10.643314,9.085823,693.626700,3.874008,123.134989,52.434808,20.629103,7.971408
16-Jun-2023 20:27:21,10.329393,10.577265,8.552647,644.866803,4.380472,170.965341,52.497980,20.625680,6.675880
16-Jun-2023 20:28:21,10.691791,10.049496,8.075089,598.095314,8.483299,174.783220,52.407733,20.619145,11.893692
16-Jun-2023 20:29:21,10.967201,8.186673,7.652969,564.260449,6.877819,199.235250,52.552442,20.608875,8.941962
16-Jun-2023 20:30:21,9.888238,8.176578,7.319801,536.390806,3.446133,252.766247,52.524123,20.604207,5.225065
16-Jun-2023 20:31:21,8.506326,9.444466,6.897682,501.565731,3.333268,248.975384,52.439475,20.610743,6.117973
16-Jun-2023 20:32:21,7.294642,6.477384,6.586707,467.722881,6.969917,325.894789,52.412400,20.600473,8.950729
16-Jun-2023 20:33:21,8.477290,7.576782,6.308978,443.846023,6.707033,317.746230,52.348605,20.589890,9.283219
16-Jun-2023 20:34:21,8.496107,5.279160,5.975810,414.986170,6.122562,231.285147,52.626507,20.539787,8.514920
16-Jun-2023 20:35:21,7.297010,6.408095,5.698081,392.091538,3.834770,167.482280,52.499225,20.539478,6.591348
16-Jun-2023 20:36:21,7.797235,5.284394,5.442634,369.204891,8.714456,307.628958,52.067588,20.543523,12.008903
16-Jun-2023 20:37:21,7.821785,5.250996,5.153853,349.304848,6.467108,275.382477,52.056385,20.513335,10.203053
16-Jun-2023 20:38:21,7.282803,6.377812,5.087184,335.370027,9.567084,279.308703,51.545703,20.484083,16.177279
16-Jun-2023 20:39:21,7.852192,5.267196,4.865072,319.446798,8.151119,169.903770,51.459810,20.458562,10.451011
16-Jun-2023 20:40:21,5.469081,5.216351,4.665064,300.536966,6.292093,303.378395,51.248815,20.452340,10.918129
16-Jun-2023 20:41:21,5.443160,5.241524,4.476287,282.625330,14.619075,311.262428,50.638233,20.432113,22.932958
16-Jun-2023 20:42:21,6.838782,3.476279,4.176364,260.728894,11.390000,333.134590,50.898085,20.403792,16.497248
16-Jun-2023 20:43:21,5.451883,5.344959,3.987587,239.830655,13.880720,302.633764,51.074230,20.368625,20.803380
16-Jun-2023 20:44:21,6.630916,5.259096,3.809862,222.917215,9.752686,289.900289,51.259705,20.354310,13.243697
16-Jun-2023 20:45:21,6.640636,5.257975,3.498798,202.018976,9.818851,307.640100,51.437093,20.342795,17.345699
16-Jun-2023 20:46:21,4.913648,3.651370,3.221158,186.095747,6.963134,323.975832,51.465722,20.336883,9.811076
16-Jun-2023 20:47:21,4.882743,5.332497,2.954570,166.195704,6.641913,321.781474,51.521118,20.333773,8.546856
16-Jun-2023 20:48:21,5.467087,3.495221,2.687983,148.276083,8.804888,323.750858,51.412195,20.322257,17.907369
16-Jun-2023 20:49:21,4.893335,2.139978,2.399201,134.349247,13.809812,322.979318,51.509290,20.307630,19.169100
16-Jun-2023 20:50:21,5.427333,3.480765,2.132614,128.376040,12.525183,328.471690,51.744247,20.302340,14.859834
16-Jun-2023 20:51:21,3.130209,3.553917,1.954888,112.452811,11.850174,329.465667,51.966448,20.254415,14.806610
16-Jun-2023 20:52:21,4.890469,3.467306,1.732776,107.477801,7.792276,317.806221,52.053585,20.213958,10.848627
16-Jun-2023 20:53:21,4.304506,2.432959,1.477241,99.516186,6.638156,303.798611,52.175265,20.216760,8.816730
16-Jun-2023 20:54:21,3.747078,1.527593,1.432854,94.541175,9.915384,318.006353,52.120182,20.238855,11.849235
16-Jun-2023 20:55:21,3.127218,2.449908,1.188459,91.554572,7.282581,248.317536,52.290410,20.222360,9.237510
16-Jun-2023 20:56:21,3.736610,2.434704,1.055210,84.591154,6.146253,265.469805,52.492067,20.213648,8.444165
16-Jun-2023 20:57:21,4.315472,1.532702,0.888626,74.641132,4.770728,319.918467,52.663230,20.204932,7.036549
16-Jun-2023 20:58:21,3.756549,2.441309,0.910819,65.681322,7.755331,240.456834,51.776303,20.174748,11.843597
16-Jun-2023 20:59:21,2.666622,2.379248,0.821957,69.658136,14.983919,303.758121,51.742070,20.134913,19.966202
16-Jun-2023 21:00:21,3.735239,1.522234,0.744235,69.658136,11.885558,220.998221,51.864995,20.090100,16.033265
16-Jun-2023 21:01:21,3.739476,2.446792,0.599756,56.721511,10.384850,294.909638,52.040513,20.071118,15.441539
16-Jun-2023 21:02:21,3.731874,2.521066,0.510982,56.721511,10.484880,297.334296,51.958667,20.068937,15.395206
16-Jun-2023 21:03:21,3.744835,1.506158,0.510982,52.744697,9.120316,307.318857,52.280140,20.052445,14.195478
16-Jun-2023 21:04:21,3.154011,2.455017,0.422120,48.759897,13.978560,324.131248,52.130763,20.035950,17.856650
16-Jun-2023 21:05:21,3.121485,2.446169,0.477648,37.819664,15.106804,331.296330,52.300990,19.972155,20.735131
16-Jun-2023 21:06:21,3.144291,2.408534,0.444313,36.821468,13.514313,298.741839,52.555553,19.904623,18.272420
16-Jun-2023 21:07:21,2.893431,2.439066,0.355450,38.809875,12.550905,300.815005,52.576405,19.893730,17.683828
16-Jun-2023 21:08:21,3.727513,1.523605,0.288781,27.861657,11.323209,249.613904,52.710845,19.863232,15.283124
16-Jun-2023 21:09:21,3.137811,1.590027,0.244394,28.859854,12.120837,217.018941,52.784910,19.850785,17.384522
16-Jun-2023 21:10:21,3.144665,2.431589,0.199919,25.873250,12.217421,224.810181,52.992170,19.820287,17.165367
16-Jun-2023 21:11:21,3.141798,1.494070,0.133249,11.938429,8.640623,261.943071,52.984080,19.819665,13.893667
16-Jun-2023 21:12:21,2.703136,1.491951,0.199919,18.909832,13.193455,287.201059,53.145283,19.816553,22.937968
16-Jun-2023 21:13:21,2.666124,2.411525,0.022193,12.936625,10.005030,327.319299,53.163955,19.801302,14.037686
16-Jun-2023 21:14:21,3.038738,1.494568,0.066669,15.923229,11.284178,275.650667,53.377750,19.791035,14.353898
16-Jun-2023 21:15:21,3.175944,1.503915,0.022193,14.925032,9.417326,224.538149,53.541132,19.770495,13.803501
16-Jun-2023 21:16:21,3.157251,1.451824,0.055528,14.925032,12.375949,261.448619,53.482938,19.758980,18.789643
16-Jun-2023 21:17:21,2.666996,1.492824,-0.011141,9.950022,9.692212,271.161077,53.679933,19.736885,16.521046
16-Jun-2023 21:18:21,3.148154,1.502918,0.033335,13.934821,16.059980,304.634175,53.650680,19.720080,18.996278
16-Jun-2023 21:19:21,3.125099,1.540179,-0.011141,11.938429,13.715255,326.461798,53.910535,19.670287,19.018194
16-Jun-2023 21:20:21,3.130707,2.430342,0.044387,10.948218,12.748096,294.289411,54.169145,19.626720,18.019452
16-Jun-2023 21:21:21,2.182847,1.480611,0.077721,8.959811,8.609418,284.219898,54.456072,19.629208,10.068426
16-Jun-2023 21:22:21,2.653662,1.499304,-0.055528,10.948218,7.670488,276.119703,54.611985,19.599333,10.285080
16-Jun-2023 21:23:21,2.673227,1.436371,-0.000000,2.986604,10.294735,327.536859,54.730865,19.560745,15.330086
16-Jun-2023 21:24:21,2.686811,2.421370,-0.022193,7.961614,13.252108,266.384105,55.076923,19.508772,15.919301
16-Jun-2023 21:25:21,3.161613,1.493198,-0.000000,3.976814,13.456652,322.088361,55.254620,19.459293,19.525387
16-Jun-2023 21:26:21,4.302262,1.529960,-0.044387,5.973207,12.033122,310.763748,55.570177,19.367175,18.310614
16-Jun-2023 21:27:21,3.740972,2.421744,-0.000000,0.998196,5.377218,307.689389,55.830655,19.324543,11.981982
16-Jun-2023 21:28:21,3.121236,2.414640,-0.033335,8.959811,10.179625,232.102725,56.002437,19.283775,15.191700
16-Jun-2023 21:29:21,3.728759,1.502170,-0.044387,-0.000000,11.016960,300.720325,56.312717,19.260123,13.445961
16-Jun-2023 21:30:21,3.669315,2.441184,-0.055528,8.959811,8.993568,253.675849,56.618007,19.227135,12.297565
16-Jun-2023 21:31:21,4.272478,1.503167,-0.077721,-0.998196,9.690749,276.180919,56.840517,19.181388,13.355795
16-Jun-2023 21:32:21,2.671358,1.492076,-0.022193,13.934821,12.686629,302.956305,57.036575,19.126305,20.470890
16-Jun-2023 21:33:21,2.166522,1.690970,-0.011141,9.950022,11.242226,324.821142,57.290515,19.078380,17.019467
16-Jun-2023 21:34:21,2.650795,1.495316,-0.055528,-0.000000,9.848855,296.407903,57.564375,19.052550,16.701378
16-Jun-2023 21:35:21,2.661637,2.087760,-0.055528,3.976814,8.991953,280.395396,57.719352,19.034813,14.018898
16-Jun-2023 21:36:21,2.702388,1.494818,-0.055528,9.950022,7.667305,272.446010,57.839478,19.015827,11.404034
16-Jun-2023 21:37:21,3.134820,1.568967,-0.066669,7.961614,9.841393,265.738166,58.043005,18.993732,13.772193
16-Jun-2023 21:38:21,2.658148,2.417382,-0.088863,7.961614,8.051251,303.441195,58.178065,18.981285,16.901127
16-Jun-2023 21:39:21,3.139929,1.488213,-0.077721,6.963418,11.142507,315.665574,58.372568,18.964480,15.696388
16-Jun-2023 21:40:21,3.131206,1.511766,-0.022193,6.963418,11.840002,323.950053,58.621840,18.921223,16.222364
16-Jun-2023 21:41:21,2.665376,2.337874,-0.044387,1.988407,12.940749,328.605824,58.743833,18.852130,21.038818
16-Jun-2023 21:42:21,3.708944,1.494568,-0.133249,9.950022,13.256906,232.057046,58.911265,18.799227,17.964975
16-Jun-2023 21:43:21,3.130084,1.500675,-0.066669,10.948218,9.094435,241.014568,59.052863,18.767483,14.221776
16-Jun-2023 21:44:21,4.333044,1.575447,-0.077721,2.986604,10.831830,274.850715,59.247363,18.725472,18.635609
16-Jun-2023 21:45:21,3.115005,2.416011,-0.055528,-0.000000,9.701291,247.188782,59.451822,18.717692,14.671987
16-Jun-2023 21:46:21,2.729431,1.484100,-0.033335,6.963418,9.743558,296.566894,59.459915,18.689373,17.756464
16-Jun-2023 21:47:21,3.149276,1.494568,-0.077721,6.963418,11.502969,273.810625,59.650370,18.675680,17.415201
16-Jun-2023 21:48:21,3.114133,2.418877,-0.066669,3.976814,7.851972,255.401243,59.739062,18.658252,14.282515
16-Jun-2023 21:49:21,2.661263,2.327655,-0.066669,3.976814,9.572144,204.566104,59.807840,18.626197,16.023244
16-Jun-2023 21:50:21,2.695285,1.483353,-0.077721,8.959811,6.541413,294.952370,59.980245,18.592278,8.672711
16-Jun-2023 21:51:21,2.646309,1.500426,0.011141,7.961614,8.791160,274.900498,59.972777,18.564268,11.692691
16-Jun-2023 21:52:21,3.096312,1.478119,-0.088863,7.961614,13.287326,279.158999,60.093213,18.528480,17.780257
16-Jun-2023 21:53:21,3.104288,1.470766,-0.044387,10.948218,12.164407,249.282928,59.869458,18.489267,17.719517
16-Jun-2023 21:54:21,2.129759,1.547781,-0.088863,2.986604,12.856006,230.189107,59.895288,18.482732,18.638737
16-Jun-2023 21:55:21,2.652042,1.481982,-0.088863,0.998196,10.040879,273.132247,59.749332,18.471840,19.202912
16-Jun-2023 21:56:21,2.791491,1.480736,-0.100004,4.975011,10.898461,252.548983,60.068315,18.464682,15.864200
16-Jun-2023 21:57:21,3.098929,1.464660,-0.077721,5.973207,8.949164,241.412498,60.157942,18.433253,13.450971
16-Jun-2023 21:58:21,2.651792,1.465283,-0.011141,6.963418,14.590844,227.155081,59.594043,18.428895,17.924276
16-Jun-2023 21:59:21,2.690549,1.480237,-0.022193,6.963418,14.170165,172.959220,59.849852,18.406177,17.845377
16-Jun-2023 22:00:21,2.635592,1.476249,-0.088863,5.973207,7.489056,270.276863,60.149228,18.404932,12.479150
16-Jun-2023 22:01:21,2.662883,1.452945,-0.066669,-0.000000,9.250614,166.848657,60.006075,18.383148,19.828446
16-Jun-2023 22:02:21,2.655282,1.481234,-0.022193,2.986604,14.405236,303.421700,60.222360,18.394663,19.380116
16-Jun-2023 22:03:21,2.157424,1.564729,-0.055528,5.973207,14.051614,225.452139,59.779207,18.381903,19.231715
16-Jun-2023 22:04:21,2.713604,1.472137,-0.066669,5.973207,14.138756,314.792608,59.960017,18.369455,19.151564
16-Jun-2023 22:05:21,2.162659,1.469769,-0.044387,9.950022,13.487960,244.147877,60.099747,18.339580,16.695744
16-Jun-2023 22:06:21,2.636215,1.428520,-0.111056,7.961614,11.699641,273.871007,60.065515,18.332423,20.425805
16-Jun-2023 22:07:21,2.651045,1.479614,-0.066669,5.973207,13.599156,202.175299,60.294870,18.326510,17.633732
16-Jun-2023 22:08:21,2.710613,1.483976,-0.088863,4.975011,8.608322,301.779274,60.568108,18.299745,11.037103
16-Jun-2023 22:09:21,2.652665,1.417927,-0.066669,2.986604,9.197228,219.163241,60.654000,18.283253,12.798496
16-Jun-2023 22:10:21,3.094692,1.489459,-0.022193,0.998196,6.713921,288.401443,60.713437,18.270805,11.265649
16-Jun-2023 22:11:21,2.634719,1.498307,-0.122197,4.975011,7.707274,111.838972,60.799330,18.260223,9.878073
16-Jun-2023 22:12:21,2.421494,1.489459,-0.100004,9.950022,4.804544,301.552230,60.944040,18.255245,6.233813
16-Jun-2023 22:13:21,2.653412,1.482480,-0.044387,3.976814,6.344276,328.139681,60.944350,18.241862,11.352062
16-Jun-2023 22:14:21,2.143218,1.567720,-0.122197,1.988407,6.637521,258.516466,60.919765,18.217900,11.705216
16-Jun-2023 22:15:21,2.134744,1.476125,-0.077721,3.976814,4.613824,299.792161,61.100262,18.212920,6.846826
16-Jun-2023 22:16:21,2.162534,1.471514,-0.066669,10.948218,8.711066,301.476302,61.214785,18.188025,14.766539
16-Jun-2023 22:17:21,2.646309,1.438365,-0.088863,8.959811,4.669289,322.579163,61.185845,18.176510,8.194326
16-Jun-2023 22:18:21,2.628862,1.473632,-0.100004,8.959811,9.276909,304.053369,61.031177,18.159395,15.840407
16-Jun-2023 22:19:21,2.692792,1.486842,-0.077721,8.959811,12.466216,322.478398,61.182733,18.122360,17.218587
16-Jun-2023 22:20:21,2.595339,1.438489,-0.077721,4.975011,9.254835,223.291754,61.436673,18.089685,13.063989
16-Jun-2023 22:21:21,1.691094,1.490082,-0.000000,9.950022,10.997083,258.663180,61.148500,18.078792,16.662555
16-Jun-2023 22:22:21,2.658771,1.465532,-0.044387,-0.998196,8.872772,319.712623,61.250262,18.063542,12.062757
16-Jun-2023 22:23:21,2.681576,1.426401,-0.044387,6.963418,12.570106,215.245816,61.352337,18.036157,17.858526
16-Jun-2023 22:24:21,2.663631,1.471638,-0.033335,4.975011,6.686265,292.208530,61.488955,18.028068,10.024598
16-Jun-2023 22:25:21,2.180355,1.462915,-0.077721,8.959811,7.452689,320.321628,61.499225,18.025578,13.871127
16-Jun-2023 22:26:21,2.655655,1.426900,-0.044387,3.976814,13.884741,327.623283,61.313748,18.014062,19.788999
16-Jun-2023 22:27:21,2.664379,1.475252,-0.100004,1.988407,14.334690,329.262541,61.393105,17.969872,20.479029
16-Jun-2023 22:28:21,2.149324,1.457805,-0.000000,3.976814,8.739086,326.012334,61.581697,17.943730,12.568068
16-Jun-2023 22:29:21,2.644440,1.539058,-0.000000,9.950022,8.586356,281.228793,61.412087,17.957112,13.434064
16-Jun-2023 22:30:21,2.490160,1.477620,-0.077721,-0.000000,7.468394,303.178841,61.459080,17.956177,10.603798
16-Jun-2023 22:31:21,2.140850,1.457058,-0.077721,5.973207,8.156233,293.196798,61.594455,17.940307,13.238687
16-Jun-2023 22:32:21,2.668242,1.488587,-0.044387,0.998196,10.256539,328.416946,61.727650,17.917590,13.672631
16-Jun-2023 22:33:21,2.653911,1.483602,-0.044387,0.998196,8.748218,304.276383,61.750680,17.892382,15.473476
16-Jun-2023 22:34:21,1.677760,1.461419,-0.066669,7.961614,7.700387,321.080322,61.898190,17.878690,10.184266
16-Jun-2023 22:35:21,2.672853,1.481857,-0.044387,6.963418,7.238488,320.199582,61.994350,17.868730,9.382153
16-Jun-2023 22:36:21,2.664628,1.446964,-0.011141,6.963418,6.561138,274.053019,62.008665,17.867797,8.979532
16-Jun-2023 22:37:21,2.137610,1.489833,-0.088863,0.998196,5.894483,267.930273,61.830348,17.880868,10.180513
16-Jun-2023 22:38:21,2.690923,1.479614,-0.066669,4.975011,9.138003,332.516587,61.926510,17.887093,12.137892
16-Jun-2023 22:39:21,2.163655,1.433131,-0.011141,3.976814,11.933457,326.398718,61.844972,17.866240,15.624381
16-Jun-2023 22:40:21,2.135616,1.485596,-0.044387,0.998196,9.358884,299.755592,62.151820,17.851303,14.926836
16-Jun-2023 22:41:21,2.676342,1.481359,-0.111056,2.986604,12.294855,329.029321,62.197255,17.816137,14.266232
16-Jun-2023 22:42:21,3.112014,1.550523,-0.066669,11.938429,7.104124,330.782286,62.594660,17.756698,9.573758
16-Jun-2023 22:43:21,2.293883,2.389467,-0.022193,4.975011,7.728461,326.602968,62.762400,17.741450,10.370865
16-Jun-2023 22:44:21,2.668367,1.463413,-0.077721,10.948218,7.381409,312.345161,62.723810,17.718108,9.761610
16-Jun-2023 22:45:21,2.646932,1.463663,-0.133249,3.976814,4.741611,289.266157,62.840510,17.709705,7.306429
16-Jun-2023 22:46:21,2.650172,1.464535,-0.088863,10.948218,4.049439,313.638346,62.910842,17.704105,7.894391
16-Jun-2023 22:47:21,3.727762,1.470517,-0.077721,12.936625,3.286094,209.784749,63.136152,17.702548,6.757907
16-Jun-2023 22:48:21,2.176242,1.467526,-0.077721,5.973207,4.256338,307.118349,62.969347,17.691658,6.055981
16-Jun-2023 22:49:21,2.428473,1.427398,-0.055528,7.961614,3.858718,207.481903,63.076712,17.674230,9.567500
16-Jun-2023 22:50:21,2.135491,1.581429,-0.088863,9.950022,7.745783,295.940813,62.912397,17.639997,9.815458
16-Jun-2023 22:51:21,2.673227,1.448085,-0.044387,7.961614,7.028410,300.265977,63.142688,17.596117,10.873048
16-Jun-2023 22:52:21,2.637959,1.560119,-0.111056,9.950022,8.591154,324.011727,63.042482,17.559395,10.720262
16-Jun-2023 22:53:21,3.705330,1.477122,-0.122197,5.973207,8.342725,311.119188,63.042482,17.521428,10.789769
16-Jun-2023 22:54:21,2.647181,1.476000,-0.055528,0.998196,9.074241,272.563730,62.950365,17.480973,18.372606
16-Jun-2023 22:55:21,2.662510,1.454067,-0.122197,0.998196,10.670016,301.089184,63.106590,17.448917,15.074608
16-Jun-2023 22:56:21,2.151193,1.426152,-0.077721,4.975011,7.032951,226.948850,63.139888,17.429003,12.310091
16-Jun-2023 22:57:21,2.641947,1.472386,-0.066669,9.950022,11.313140,328.341773,62.809080,17.430868,15.110926
16-Jun-2023 22:58:21,2.705877,1.466030,-0.144391,8.959811,9.768657,249.579143,62.893727,17.422465,16.740201
16-Jun-2023 22:59:21,2.657026,1.427772,-0.100004,4.975011,9.024824,298.612586,63.073603,17.408462,11.846102
16-Jun-2023 23:00:21,2.675844,1.460173,-0.055528,9.950022,7.535654,296.373410,63.303270,17.380765,10.603798
16-Jun-2023 23:01:21,2.665500,1.464286,-0.066669,3.976814,10.008840,194.368392,63.359285,17.361470,13.426549
16-Jun-2023 23:02:21,3.122358,1.535319,-0.055528,6.963418,9.171139,236.165320,63.302957,17.324125,14.793461
16-Jun-2023 23:03:21,2.666871,1.456435,-0.088863,2.986604,12.481297,279.070147,63.397253,17.309188,17.645005
16-Jun-2023 23:04:21,3.107154,1.463787,-0.044387,0.998196,10.186723,321.558286,63.635632,17.303275,13.742762
16-Jun-2023 23:05:21,2.668118,2.379747,-0.077721,7.961614,5.699538,271.540438,63.883972,17.264375,9.171137
16-Jun-2023 23:06:21,2.667494,2.387972,-0.055528,-0.998196,4.733159,289.985396,64.026193,17.247883,10.828587
16-Jun-2023 23:07:21,2.157051,1.458678,-0.077721,-0.000000,9.526174,306.422390,64.035840,17.203068,17.181021
16-Jun-2023 23:08:21,2.176616,2.397069,-0.055528,3.976814,7.959199,327.057588,64.097147,17.185330,11.914356
16-Jun-2023 23:09:21,2.664254,1.425529,-0.033335,0.998196,11.029697,332.674720,63.833870,17.162300,15.554251
16-Jun-2023 23:10:21,2.153561,1.460796,-0.122197,6.963418,7.922886,324.241293,64.093723,17.164790,14.283768
16-Jun-2023 23:11:21,2.651668,1.459799,-0.133249,5.973207,9.965790,248.796344,64.049532,17.146740,12.475397
16-Jun-2023 23:12:21,2.892434,1.544541,-0.066669,4.975011,8.419064,304.914831,63.911360,17.143940,12.960045
16-Jun-2023 23:13:21,2.142719,1.455812,-0.122197,7.961614,6.139466,277.384559,63.963640,17.136470,12.855478
16-Jun-2023 23:14:21,2.163406,1.459924,-0.111056,-1.988407,10.416211,294.851524,63.897355,17.128380,15.979411
16-Jun-2023 23:15:21,2.813674,1.451824,-0.033335,5.973207,8.119341,325.036172,64.072250,17.114065,12.844829
16-Jun-2023 23:16:21,2.661637,1.471888,-0.088863,4.975011,8.788344,319.838980,64.119552,17.100372,12.374582
16-Jun-2023 23:17:21,2.654908,1.454191,-0.066669,6.963418,7.997083,327.177102,64.322468,17.069563,12.832309
16-Jun-2023 23:18:21,2.677713,1.464909,-0.122197,10.948218,9.226242,290.641929,64.210122,17.053690,14.011388
16-Jun-2023 23:19:21,2.132376,1.401103,-0.044387,1.988407,7.636206,322.906203,64.341763,17.045600,9.409079
16-Jun-2023 23:20:21,2.686437,1.441605,-0.066669,7.961614,8.664676,297.328309,64.489582,17.027860,13.022661
16-Jun-2023 23:21:21,3.159993,1.460422,-0.077721,1.988407,5.753336,265.239579,64.641140,17.023193,13.303199
16-Jun-2023 23:22:21,2.641573,1.415310,-0.044387,1.988407,6.220555,319.352025,64.698712,16.993940,9.162369
16-Jun-2023 23:23:21,2.632850,1.459799,-0.077721,7.961614,8.367510,320.663014,64.933048,16.930143,10.724648
16-Jun-2023 23:24:21,3.097683,1.448210,-0.066669,5.973207,5.248491,316.147845,65.099540,16.905558,8.558124
16-Jun-2023 23:25:21,2.661263,1.530833,-0.133249,2.986604,5.002773,292.472228,65.182633,16.893110,6.933234
16-Jun-2023 23:26:21,3.119367,1.463040,-0.088863,0.998196,8.414993,285.952602,64.908772,16.888443,12.817907
16-Jun-2023 23:27:21,3.107528,1.441605,-0.122197,-0.998196,6.072783,249.474788,64.908772,16.876305,8.297017
16-Jun-2023 23:28:21,2.641573,2.451902,-0.088863,8.959811,6.030099,324.648667,65.076200,16.861058,8.235025
16-Jun-2023 23:29:21,2.658148,1.449705,-0.100004,0.998196,8.421569,302.982548,65.194145,16.842695,12.487294
16-Jun-2023 23:30:21,2.663756,1.456185,-0.033335,4.975011,6.678490,285.381364,65.348812,16.825890,12.665121
16-Jun-2023 23:31:21,2.630981,1.453195,-0.088863,7.961614,5.775773,326.879587,65.369353,16.805662,6.600116
16-Jun-2023 23:32:21,2.648054,1.450578,-0.066669,10.948218,4.430407,314.517778,65.481385,16.788235,7.432284
16-Jun-2023 23:33:21,2.644440,1.449331,-0.122197,3.976814,9.466117,326.407996,65.543937,16.777965,15.645045
16-Jun-2023 23:34:21,2.137236,1.458429,-0.011141,8.959811,7.834595,314.426853,65.494458,16.772053,9.999552
16-Jun-2023 23:35:21,3.093570,1.458802,-0.066669,7.961614,6.049198,312.675022,65.454935,16.772675,9.342706
16-Jun-2023 23:36:21,2.665625,1.457805,-0.100004,4.975011,3.098516,290.993151,65.688025,16.762718,5.454240
16-Jun-2023 23:37:21,2.548358,1.470766,-0.022193,3.976814,5.996647,307.960665,65.819040,16.745912,11.952550
16-Jun-2023 23:38:21,2.636464,1.421915,-0.077721,6.963418,4.585231,296.363562,65.928585,16.703900,8.721554
16-Jun-2023 23:39:21,3.084972,1.460672,-0.100004,2.986604,3.317247,267.013426,66.167277,16.669667,4.838722
16-Jun-2023 23:40:21,2.634221,1.452571,-0.066669,5.973207,3.632103,297.730805,66.281177,16.639792,5.342158
16-Jun-2023 23:41:21,3.099552,1.533948,-0.077721,-2.986604,4.935617,316.684951,66.399745,16.597468,6.701554
16-Jun-2023 23:42:21,2.118418,1.454441,-0.033335,2.986604,2.982906,250.647694,66.664267,16.577862,5.952037
16-Jun-2023 23:43:21,3.102668,1.454565,-0.055528,4.975011,3.437629,270.747770,66.694142,16.565102,6.534995
16-Jun-2023 23:44:21,2.665127,1.437368,-0.166584,3.976814,2.709762,237.947409,66.802445,16.565102,5.802384
16-Jun-2023 23:45:21,2.619890,2.317312,-0.055528,7.961614,3.111114,225.562745,67.165620,16.545808,6.041579
16-Jun-2023 23:46:21,2.172628,1.441480,-0.066669,6.963418,1.377325,236.645416,67.414270,16.506908,3.823712
16-Jun-2023 23:47:21,2.658771,1.434003,-0.088863,6.963418,3.626241,290.949555,67.709913,16.435333,7.220644
16-Jun-2023 23:48:21,2.138233,1.563857,-0.133249,4.975011,2.421885,265.089697,67.882942,16.389895,6.622656
16-Jun-2023 23:49:21,2.658397,1.463289,-0.100004,10.948218,2.049879,191.863918,68.105452,16.342905,5.052243
16-Jun-2023 23:50:21,2.634719,1.442976,-0.022193,9.950022,2.432424,297.329599,68.373085,16.306805,3.874432
16-Jun-2023 23:51:21,2.650795,1.505410,-0.100004,5.973207,3.864082,291.474003,68.579103,16.283153,9.324547
16-Jun-2023 23:52:21,3.111266,1.426277,-0.122197,7.961614,3.727487,297.539563,68.428168,16.291245,6.866861
16-Jun-2023 23:53:21,2.643941,1.465532,-0.000000,-3.976814,1.539132,201.211655,68.479205,16.294358,3.789276
16-Jun-2023 23:54:21,2.664005,1.447088,-0.066669,1.988407,3.154492,303.143007,68.441550,16.278797,6.773561
16-Jun-2023 23:55:21,2.152689,1.453568,-0.088863,4.975011,4.897459,233.848248,68.140618,16.288755,9.326424
16-Jun-2023 23:56:21,2.147455,1.441605,-0.100004,2.986604,6.265444,308.622340,68.062195,16.293422,11.320755
16-Jun-2023 23:57:21,2.669862,1.442353,-0.111056,7.961614,6.917946,310.322343,67.769042,16.349750,13.362681
16-Jun-2023 23:58:21,2.123777,1.423909,-0.044387,3.976814,8.708093,313.914114,67.581075,16.393943,13.987591
16-Jun-2023 23:59:21,2.122406,1.437368,-0.011141,-3.976814,6.460220,258.413149,67.061055,16.430040,9.241268
